{"metadata":{"_ShaderMaterialClassMap":{"StreamerWallShaderMaterial":"48bc1cbd-a459-4c2a-9401-be5d6658e944"}},"camera":{"metadata":{"version":4.6,"type":"Object","generator":"Astral.Object3D.toJSON"},"object":{"uuid":"d21a6672-c05a-44cf-9b67-f15336843a87","type":"PerspectiveCamera","name":"默认相机","layers":1,"matrix":[0.5770553561846996,-2.7755575615628914e-17,-0.8167050360433376,0,-0.3379997083930187,0.9103415639229516,-0.23881883116820668,0,0.7434805397754425,0.41385774970914113,0.5253174754192954,0,54.562358647604775,43.4572144709931,65.51662884904638,1],"up":[0,1,0],"fov":50,"zoom":1,"near":0.01,"far":100000,"focus":10,"aspect":0.9176470588235294,"filmGauge":35,"filmOffset":0}},"scene":{"metadata":{"version":4.6,"type":"Object","generator":"Astral.Object3D.toJSON"},"textures":[{"uuid":"6cd200cf-344c-4a8b-9bf4-fb6aea9e6f94","name":"","image":"cecb7844-0461-40a1-aa2b-6930f21abf2b","mapping":303,"channel":0,"repeat":[1,1],"offset":[0,0],"center":[0,0],"rotation":0,"wrap":[1001,1001],"format":1023,"internalFormat":null,"type":1016,"colorSpace":"srgb-linear","minFilter":1006,"magFilter":1006,"anisotropy":1,"flipY":true,"generateMipmaps":false,"premultiplyAlpha":false,"unpackAlignment":1},{"uuid":"3a8faead-884d-4edf-acc1-5f84ed5bf7ac","name":"","image":"cecb7844-0461-40a1-aa2b-6930f21abf2b","mapping":303,"channel":0,"repeat":[1,1],"offset":[0,0],"center":[0,0],"rotation":0,"wrap":[1001,1001],"format":1023,"internalFormat":null,"type":1016,"colorSpace":"srgb-linear","minFilter":1006,"magFilter":1006,"anisotropy":1,"flipY":true,"generateMipmaps":false,"premultiplyAlpha":false,"unpackAlignment":1},{"uuid":"35067f5a-621e-4489-9c13-a61d15abdb1e","name":"","image":"a66633fe-69db-4161-ab72-44a9f6814733","mapping":300,"channel":0,"repeat":[1,1],"offset":[0,0],"center":[0,0],"rotation":0,"wrap":[1000,1001],"format":1023,"internalFormat":null,"type":1009,"colorSpace":"","minFilter":1008,"magFilter":1006,"anisotropy":1,"flipY":true,"generateMipmaps":true,"premultiplyAlpha":false,"unpackAlignment":4},{"uuid":"61259f98-398b-4bee-9adc-1f5b9eb9a67a","name":"","image":"88e76b5e-3386-4e74-8510-544811143634","mapping":300,"channel":0,"repeat":[1,1],"offset":[0,0],"center":[0,0],"rotation":0,"wrap":[1001,1001],"format":1023,"internalFormat":null,"type":1009,"colorSpace":"","minFilter":1008,"magFilter":1006,"anisotropy":1,"flipY":true,"generateMipmaps":true,"premultiplyAlpha":false,"unpackAlignment":4}],"images":["Uint16Array!2048!1024!cecb7844-0461-40a1-aa2b-6930f21abf2b.env","a66633fe-69db-4161-ab72-44a9f6814733.png","88e76b5e-3386-4e74-8510-544811143634.png"],"object":{"uuid":"6aa226e9-f2a3-449a-ad2d-39c4251714cd","type":"Scene","name":"默认场景","layers":1,"matrix":[1,0,0,0,0,1,0,0,0,0,1,0,0,0,0,1],"up":[0,1,0],"background":"6cd200cf-344c-4a8b-9bf4-fb6aea9e6f94","environment":"3a8faead-884d-4edf-acc1-5f84ed5bf7ac","backgroundRotation":[0,0,0,"XYZ"],"environmentRotation":[0,0,0,"XYZ"],"children":["701fc2c7-b32a-4777-b142-01a9d304a7b4","05f891e9-42e1-4259-81c4-e6b1c5fc738a",{"uuid":"4c489329-b2c6-4fcb-8f6e-8985aeca3919","type":"Mesh","name":"Plane","layers":1,"matrix":[0.6212994172155742,0,0,0,0,0.7408575879112711,0,0,0,0,1,0,-18.988711997422676,3.3393954108509636,9.929948946557634,1],"up":[0,1,0],"geometry":"5cbbd56a-98b8-4dee-ba6d-da193a476c6a","material":"48bc1cbd-a459-4c2a-9401-be5d6658e944"},{"uuid":"d0450bfb-9d58-4782-a907-0fac933f50e4","type":"Mesh","name":"Plane","layers":1,"matrix":[7.966466566257308e-15,0,-35.87777585925593,0,0,7.234039873117926,0,0,1,0,2.220446049250313e-16,0,-50.061465908422214,3.41169552566675,-7.992482663176762,1],"up":[0,1,0],"geometry":"091c4683-6a9a-4f58-85c4-22b89c1d132e","material":"48bc1cbd-a459-4c2a-9401-be5d6658e944"},{"uuid":"13eefbd0-6148-426a-8971-b61e17096734","type":"Mesh","name":"Plane","layers":1,"matrix":[7.966466566257308e-15,0,-35.87777585925593,0,0,7.234039873117926,0,0,1,0,2.220446049250313e-16,0,12.0808385804761,3.41169552566675,-7.992482663176762,1],"up":[0,1,0],"geometry":"091c4683-6a9a-4f58-85c4-22b89c1d132e","material":"48bc1cbd-a459-4c2a-9401-be5d6658e944"},{"uuid":"8cae29e3-f1bd-4bbe-a6d4-e34e2becbde6","type":"Mesh","name":"Plane","layers":1,"matrix":[0.6212994172155742,0,0,0,0,0.7408575879112711,0,0,0,0,1,0,-18.988711997422676,3.3393954108509636,-25.917416637343486,1],"up":[0,1,0],"geometry":"5cbbd56a-98b8-4dee-ba6d-da193a476c6a","material":"48bc1cbd-a459-4c2a-9401-be5d6658e944"}]},"geometries":[],"materials":[{"uuid":"48bc1cbd-a459-4c2a-9401-be5d6658e944","type":"ShaderMaterial","name":"StreamerWallShaderMaterial","side":2,"transparent":true,"blendColor":0,"forceSinglePass":true,"fog":false,"glslVersion":null,"uniforms":{"uTime":{"value":710.2699999994991},"uFlowTexture":{"type":"t","value":"35067f5a-621e-4489-9c13-a61d15abdb1e"},"uBgTexture":{"type":"t","value":"61259f98-398b-4bee-9adc-1f5b9eb9a67a"}},"vertexShader":"\n     varying vec2 vUv;\n     varying vec3 vPosition;\n     void main(){\n           vUv = uv;\n           vPosition = position;\n           vec4 mvPosition = modelViewMatrix * vec4( position, 1.0 );\n           gl_Position = projectionMatrix * mvPosition;\n     }\n","fragmentShader":"\n    varying vec2 vUv;\n    uniform float uTime;\n    uniform sampler2D uFlowTexture;\n    uniform sampler2D uBgTexture;\n    void main( void ) {\n         vec2 position = vUv;\n         vec4 colorA = texture2D(uFlowTexture, vec2(vUv.x, fract(vUv.y - uTime)));\n         vec4 colorB = texture2D(uBgTexture, position.xy);\n         gl_FragColor = colorB + colorB * colorA;\n    }\n","lights":false,"clipping":false}]},"scripts":{},"controls":{},"totalZipNumber":5,"sceneInfo":{"id":"0ce179a9-bb93-4917-8db9-1e0331099a47","sceneType":"其他","hasDrawing":0,"sceneIntroduction":"","sceneName":"风格化场景","sceneVersion":2,"zip":"","zipSize":"6.97 MB","coverPicture":"static/upload/astral/3DEditor/screenshot/436282249449472-V23/20240808/风格化场景2-1723046918149.png","exampleSceneId":"10430f58-640f-46b6-b575-6ed68c3e25f6","projectType":0,"updateTime":"2025-01-13T23:22:47+08:00","createTime":"2025-01-13T23:22:47+08:00"}}