{"metadata":{"version":4.6,"type":"Object","generator":"Astral.Object3D.toJSON"},"object":{"uuid":"4cdcf273-9867-4f5f-8338-434e8d5c1657","type":"Object3D","name":"住宅楼14_1","userData":{"name":"住宅楼14"},"layers":1,"matrix":[1,0,0,0,0,1,0,0,0,0,1,0,0,0,0,1],"up":[0,1,0],"children":[{"uuid":"7ec94aa9-7c3b-4b72-a53f-8a68d4c7d8f0","type":"Mesh","name":"网格375","userData":{"name":"网格375"},"layers":1,"matrix":[1,0,0,0,0,1,0,0,0,0,1,0,0,0,0,1],"up":[0,1,0],"geometry":"db602ec9-2103-47f2-b76b-c7c05252e11b","material":"82eb2259-345b-4f33-aeaf-6efdc41c75ac"},{"uuid":"775860b0-84a0-41c4-bc70-3e6ae56000dd","type":"Mesh","name":"网格375_1","userData":{"name":"网格375_1"},"layers":1,"matrix":[1,0,0,0,0,1,0,0,0,0,1,0,0,0,0,1],"up":[0,1,0],"geometry":"1e0498d4-9ff3-4100-9190-049db7c8a5c1","material":"5c0ef599-9576-470e-86ae-6c9487479859"},{"uuid":"0b9f9035-073e-40f6-b14f-681b3e1efdf2","type":"Mesh","name":"网格375_2","userData":{"name":"网格375_2"},"layers":1,"matrix":[1,0,0,0,0,1,0,0,0,0,1,0,0,0,0,1],"up":[0,1,0],"geometry":"b9755380-70a3-40f9-8018-6039432b0162","material":"f00e3f91-a070-4b33-bc3a-19dc587600c3"},{"uuid":"92138c04-9451-4797-8935-ad57a73a7894","type":"Mesh","name":"网格375_3","userData":{"name":"网格375_3"},"layers":1,"matrix":[1,0,0,0,0,1,0,0,0,0,1,0,0,0,0,1],"up":[0,1,0],"geometry":"7a222466-b50e-405f-8e1e-101ed441baab","material":"b0926c9b-5e92-4b20-9733-f47048bed174"},{"uuid":"cfad2e7b-1529-4235-80d4-d72e18f9c497","type":"Mesh","name":"网格375_4","userData":{"name":"网格375_4"},"layers":1,"matrix":[1,0,0,0,0,1,0,0,0,0,1,0,0,0,0,1],"up":[0,1,0],"geometry":"cfcb6952-7b89-4344-8d21-59d1e686fee6","material":"1dcd8f37-9723-4f6c-8083-42fbc76408f3"},{"uuid":"66db0a5d-9d7e-4a53-a137-f6bfa678d2bf","type":"Mesh","name":"网格375_5","userData":{"name":"网格375_5"},"layers":1,"matrix":[1,0,0,0,0,1,0,0,0,0,1,0,0,0,0,1],"up":[0,1,0],"geometry":"19c00d3b-480a-42f9-b4a0-bb981608fe6a","material":"712cd038-75a0-47bd-b400-939f7092c241"},{"uuid":"19553f89-d7f3-4216-9652-06940302a983","type":"Mesh","name":"网格375_6","userData":{"name":"网格375_6"},"layers":1,"matrix":[1,0,0,0,0,1,0,0,0,0,1,0,0,0,0,1],"up":[0,1,0],"geometry":"b92fdc2e-3101-46dd-93fd-fd39492ef7c1","material":"9dda1a59-73b9-4263-b156-68637e7fc587"},{"uuid":"c9626fae-242b-4c4c-be96-06fdee570b46","type":"Mesh","name":"网格375_7","userData":{"name":"网格375_7"},"layers":1,"matrix":[1,0,0,0,0,1,0,0,0,0,1,0,0,0,0,1],"up":[0,1,0],"geometry":"a63accab-e0a5-429a-84ef-07d3f617ccb2","material":"e47b9749-9524-4244-b90f-e4d16b93d120"},{"uuid":"f5b30074-1781-469c-960f-2443e6a8a8ac","type":"Mesh","name":"网格375_8","userData":{"name":"网格375_8"},"layers":1,"matrix":[1,0,0,0,0,1,0,0,0,0,1,0,0,0,0,1],"up":[0,1,0],"geometry":"f625479a-57ce-4103-945f-2f1381f2e150","material":"f092e597-69fb-4b8e-8d5f-fffe30e110e8"},{"uuid":"0ab9be41-15b5-4b79-a57f-748ad2d88b9a","type":"Mesh","name":"网格375_9","userData":{"name":"网格375_9"},"layers":1,"matrix":[1,0,0,0,0,1,0,0,0,0,1,0,0,0,0,1],"up":[0,1,0],"geometry":"7b38ca7d-7159-4d95-9583-de02efdfef60","material":"31abe489-f39d-4be9-a4b2-8c32a7667188"}]},"geometries":[],"images":["0df70180-466f-47d0-8293-3b913d6e6d5f.png","67c634fa-26fd-4136-a2eb-081dabeaf37e.png","03681962-fce1-4ce2-bcdb-431e19b03ef1.png","8f45ab28-5e49-4676-b9df-3be30c319d13.png","1da9a37f-7c4d-4cd2-bd19-c43349dbfb45.png","c3c8e617-ec0d-48a4-a537-b14156d3724e.png","fc1966f1-3ef0-4ca0-8a41-5df41f58515b.png"],"textures":[{"uuid":"867fe83b-0236-4a6d-8ada-40533ac915a3","name":"3d66Model-1577993-files-17","image":"0df70180-466f-47d0-8293-3b913d6e6d5f","mapping":300,"channel":0,"repeat":[1,1],"offset":[0,0],"center":[0,0],"rotation":0,"wrap":[1000,1000],"format":1023,"internalFormat":null,"type":1009,"colorSpace":"srgb","minFilter":1008,"magFilter":1006,"anisotropy":1,"flipY":false,"generateMipmaps":true,"premultiplyAlpha":false,"unpackAlignment":4,"userData":{"mimeType":"image/jpeg"}},{"uuid":"b0042f50-3446-45b9-a2cb-4b18e3b9f650","name":"3d66Model-1577993-files-19","image":"67c634fa-26fd-4136-a2eb-081dabeaf37e","mapping":300,"channel":0,"repeat":[1,1],"offset":[0,0],"center":[0,0],"rotation":0,"wrap":[1000,1000],"format":1023,"internalFormat":null,"type":1009,"colorSpace":"srgb","minFilter":1008,"magFilter":1006,"anisotropy":1,"flipY":false,"generateMipmaps":true,"premultiplyAlpha":false,"unpackAlignment":4,"userData":{"mimeType":"image/jpeg"}},{"uuid":"ca682c4f-217e-4bbf-8c4e-1dd61c8a9867","name":"3d66Model-1577993-files-3","image":"03681962-fce1-4ce2-bcdb-431e19b03ef1","mapping":300,"channel":0,"repeat":[1,1],"offset":[0,0],"center":[0,0],"rotation":0,"wrap":[1000,1000],"format":1023,"internalFormat":null,"type":1009,"colorSpace":"srgb","minFilter":1008,"magFilter":1006,"anisotropy":1,"flipY":false,"generateMipmaps":true,"premultiplyAlpha":false,"unpackAlignment":4,"userData":{"mimeType":"image/jpeg"}},{"uuid":"152d887b-a3bd-46ef-84d3-ac56fad5c044","name":"3d66Model-1577993-files-5","image":"8f45ab28-5e49-4676-b9df-3be30c319d13","mapping":300,"channel":0,"repeat":[1,1],"offset":[0,0],"center":[0,0],"rotation":0,"wrap":[1000,1000],"format":1023,"internalFormat":null,"type":1009,"colorSpace":"srgb","minFilter":1008,"magFilter":1006,"anisotropy":1,"flipY":false,"generateMipmaps":true,"premultiplyAlpha":false,"unpackAlignment":4,"userData":{"mimeType":"image/jpeg"}},{"uuid":"19415e77-2a15-4362-8a17-72f00c45a114","name":"3d66Model-1577993-files-15","image":"1da9a37f-7c4d-4cd2-bd19-c43349dbfb45","mapping":300,"channel":0,"repeat":[1,1],"offset":[0,0],"center":[0,0],"rotation":0,"wrap":[1000,1000],"format":1023,"internalFormat":null,"type":1009,"colorSpace":"srgb","minFilter":1008,"magFilter":1006,"anisotropy":1,"flipY":false,"generateMipmaps":true,"premultiplyAlpha":false,"unpackAlignment":4,"userData":{"mimeType":"image/jpeg"}},{"uuid":"e4139bb1-de88-4398-beaf-aff633ed0cf4","name":"3d66Model-1577993-files-12","image":"c3c8e617-ec0d-48a4-a537-b14156d3724e","mapping":300,"channel":0,"repeat":[1,1],"offset":[0,0],"center":[0,0],"rotation":0,"wrap":[1000,1000],"format":1023,"internalFormat":null,"type":1009,"colorSpace":"srgb","minFilter":1008,"magFilter":1006,"anisotropy":1,"flipY":false,"generateMipmaps":true,"premultiplyAlpha":false,"unpackAlignment":4,"userData":{"mimeType":"image/jpeg"}},{"uuid":"2a79e730-02fb-4cd5-bab2-01b82f84637a","name":"3d66Model-1577993-files-2","image":"fc1966f1-3ef0-4ca0-8a41-5df41f58515b","mapping":300,"channel":0,"repeat":[1,1],"offset":[0,0],"center":[0,0],"rotation":0,"wrap":[1000,1000],"format":1023,"internalFormat":null,"type":1009,"colorSpace":"srgb","minFilter":1008,"magFilter":1006,"anisotropy":1,"flipY":false,"generateMipmaps":true,"premultiplyAlpha":false,"unpackAlignment":4,"userData":{"mimeType":"image/jpeg"}}],"materials":[{"uuid":"82eb2259-345b-4f33-aeaf-6efdc41c75ac","type":"MeshStandardMaterial","name":"Mat3d66-1577993-4-8819","color":16777215,"roughness":1,"metalness":0,"emissive":0,"map":"867fe83b-0236-4a6d-8ada-40533ac915a3","envMapRotation":[0,0,0,"XYZ"],"envMapIntensity":1,"side":2,"blendColor":0},{"uuid":"5c0ef599-9576-470e-86ae-6c9487479859","type":"MeshStandardMaterial","name":"Mat3d66-1577993-5-2090","color":7566195,"roughness":0.5121219158172607,"metalness":0,"emissive":0,"envMapRotation":[0,0,0,"XYZ"],"envMapIntensity":1,"side":2,"blendColor":0},{"uuid":"f00e3f91-a070-4b33-bc3a-19dc587600c3","type":"MeshStandardMaterial","name":"Mat3d66-1577993-21-8593","color":16777215,"roughness":0.858578622341156,"metalness":0,"emissive":0,"map":"b0042f50-3446-45b9-a2cb-4b18e3b9f650","envMapRotation":[0,0,0,"XYZ"],"envMapIntensity":1,"side":2,"blendColor":0},{"uuid":"b0926c9b-5e92-4b20-9733-f47048bed174","type":"MeshStandardMaterial","name":"Mat3d66-1577993-7-1903","color":15989247,"roughness":0.5514919757843018,"metalness":0.10236220806837082,"emissive":0,"envMapRotation":[0,0,0,"XYZ"],"envMapIntensity":1,"side":2,"blendColor":0},{"uuid":"1dcd8f37-9723-4f6c-8083-42fbc76408f3","type":"MeshStandardMaterial","name":"Mat3d66-1577993-13-1457","color":16777215,"roughness":0.858578622341156,"metalness":0,"emissive":0,"map":"ca682c4f-217e-4bbf-8c4e-1dd61c8a9867","envMapRotation":[0,0,0,"XYZ"],"envMapIntensity":1,"side":2,"blendColor":0},{"uuid":"712cd038-75a0-47bd-b400-939f7092c241","type":"MeshStandardMaterial","name":"Mat3d66-1577993-20-3421","color":16777215,"roughness":0.858578622341156,"metalness":1,"emissive":0,"map":"152d887b-a3bd-46ef-84d3-ac56fad5c044","envMapRotation":[0,0,0,"XYZ"],"envMapIntensity":1,"side":2,"blendColor":0},{"uuid":"9dda1a59-73b9-4263-b156-68637e7fc587","type":"MeshStandardMaterial","name":"Mat3d66-1577993-3-1257","color":8686998,"roughness":0.49637389183044434,"metalness":0,"emissive":0,"envMapRotation":[0,0,0,"XYZ"],"envMapIntensity":1,"side":2,"opacity":0.9448819160461426,"transparent":true,"blendColor":0,"depthWrite":false},{"uuid":"e47b9749-9524-4244-b90f-e4d16b93d120","type":"MeshStandardMaterial","name":"Mat3d66-1577993-8-7818","color":16777215,"roughness":0.858578622341156,"metalness":0,"emissive":0,"map":"19415e77-2a15-4362-8a17-72f00c45a114","envMapRotation":[0,0,0,"XYZ"],"envMapIntensity":1,"side":2,"blendColor":0},{"uuid":"f092e597-69fb-4b8e-8d5f-fffe30e110e8","type":"MeshStandardMaterial","name":"Mat3d66-1577993-16-7587","color":16777215,"roughness":1,"metalness":0,"emissive":0,"map":"e4139bb1-de88-4398-beaf-aff633ed0cf4","envMapRotation":[0,0,0,"XYZ"],"envMapIntensity":1,"side":2,"blendColor":0},{"uuid":"31abe489-f39d-4be9-a4b2-8c32a7667188","type":"MeshStandardMaterial","name":"Mat3d66-1577993-23-7916","color":16777215,"roughness":0.858578622341156,"metalness":0,"emissive":0,"map":"2a79e730-02fb-4cd5-bab2-01b82f84637a","envMapRotation":[0,0,0,"XYZ"],"envMapIntensity":1,"side":2,"blendColor":0}]}