{"metadata":{"version":4.6,"type":"Object","generator":"Astral.Object3D.toJSON"},"object":{"uuid":"23864001-83e3-4589-9d5f-a567478bac4d","type":"Object3D","name":"道路02_17","userData":{"name":"道路02"},"layers":1,"matrix":[1,0,0,0,0,1,0,0,0,0,1,0,0,0,0,1],"up":[0,1,0],"children":[{"uuid":"71a7c342-0468-417b-9f30-b209c3925213","type":"Mesh","name":"Obj3d66-1664118-29-836002_8","userData":{"name":"Obj3d66-1664118-29-836002"},"layers":1,"matrix":[1,0,0,0,0,1,0,0,0,0,1,0,0,0,0,1],"up":[0,1,0],"geometry":"dfa862ce-e0a1-40e5-8d0b-47cc0580d32b","material":"0d0017cd-e490-4867-a84e-79be522c67f0"},{"uuid":"76840ac7-81f1-4272-a464-96c7524ce26f","type":"Mesh","name":"Obj3d66-1664118-29-836002_1_8","userData":{"name":"Obj3d66-1664118-29-836002_1"},"layers":1,"matrix":[1,0,0,0,0,1,0,0,0,0,1,0,0,0,0,1],"up":[0,1,0],"geometry":"0c23c561-6781-44fe-9f4f-19101aea9be3","material":"e76e728c-afe4-441b-9766-60db942cdb8a"},{"uuid":"ca054138-1779-444c-b1b1-b8edc9e7ca31","type":"Mesh","name":"Obj3d66-1664118-29-836002_2_8","userData":{"name":"Obj3d66-1664118-29-836002_2"},"layers":1,"matrix":[1,0,0,0,0,1,0,0,0,0,1,0,0,0,0,1],"up":[0,1,0],"geometry":"306f056b-db13-4765-b300-fa37176194de","material":"3ac0a2b2-9e0e-4b9b-8ab2-8f2c71687a8f"},{"uuid":"d6776b34-afa8-4c90-a741-7b57f94c99ba","type":"Mesh","name":"Obj3d66-1664118-29-836002_3_8","userData":{"name":"Obj3d66-1664118-29-836002_3"},"layers":1,"matrix":[1,0,0,0,0,1,0,0,0,0,1,0,0,0,0,1],"up":[0,1,0],"geometry":"6943d15d-f2f7-437a-ae82-4830c40e0628","material":"ffa9c64e-2d5d-44b1-9888-d7b3e1618ef2"},{"uuid":"10933f9d-0d09-4c91-9006-0f448ce2bef3","type":"Mesh","name":"Obj3d66-1664118-29-836002_4_8","userData":{"name":"Obj3d66-1664118-29-836002_4"},"layers":1,"matrix":[1,0,0,0,0,1,0,0,0,0,1,0,0,0,0,1],"up":[0,1,0],"geometry":"d5cb44f3-1787-4c50-b5ab-183980e342a9","material":"1f40c3c4-5b7f-4b5f-a798-30cf1ab0479d"},{"uuid":"e0f28593-622d-4449-b0bc-f7a2a3192439","type":"Mesh","name":"Obj3d66-1664118-29-836002_5_8","userData":{"name":"Obj3d66-1664118-29-836002_5"},"layers":1,"matrix":[1,0,0,0,0,1,0,0,0,0,1,0,0,0,0,1],"up":[0,1,0],"geometry":"77fdfe2b-212e-4993-87b2-689c16288c04","material":"38c5d757-75f8-4459-8776-9f6a5cb9b49d"}]},"geometries":[],"images":["3455ed22-9c78-4c64-b1e9-46bfe83d842f.png","ece18a66-5ed9-4958-a129-0e3635fc5575.png","7d6f0bfc-b16c-4bd0-9e26-544391fb865b.png","0189f199-5da1-476d-83c9-53150fe22570.png"],"textures":[{"uuid":"faf67949-b031-4d62-aa02-de7ef6904167","name":"Image_0","image":"3455ed22-9c78-4c64-b1e9-46bfe83d842f","mapping":300,"channel":0,"repeat":[1,1],"offset":[0,0],"center":[0,0],"rotation":0,"wrap":[1000,1000],"format":1023,"internalFormat":null,"type":1009,"colorSpace":"srgb","minFilter":1008,"magFilter":1006,"anisotropy":1,"flipY":false,"generateMipmaps":true,"premultiplyAlpha":false,"unpackAlignment":4,"userData":{"mimeType":"image/jpeg"}},{"uuid":"dee44b4d-efe1-4075-9199-4ad072eec09c","name":"Image_1","image":"ece18a66-5ed9-4958-a129-0e3635fc5575","mapping":300,"channel":0,"repeat":[1,1],"offset":[0,0],"center":[0,0],"rotation":0,"wrap":[1000,1000],"format":1023,"internalFormat":null,"type":1009,"colorSpace":"srgb","minFilter":1008,"magFilter":1006,"anisotropy":1,"flipY":false,"generateMipmaps":true,"premultiplyAlpha":false,"unpackAlignment":4,"userData":{"mimeType":"image/jpeg"}},{"uuid":"e7322f06-5cb4-4b19-b77b-89e3bb3e8ba7","name":"Image_3","image":"7d6f0bfc-b16c-4bd0-9e26-544391fb865b","mapping":300,"channel":0,"repeat":[1,1],"offset":[0,0],"center":[0,0],"rotation":0,"wrap":[1000,1000],"format":1023,"internalFormat":null,"type":1009,"colorSpace":"srgb","minFilter":1008,"magFilter":1006,"anisotropy":1,"flipY":false,"generateMipmaps":true,"premultiplyAlpha":false,"unpackAlignment":4,"userData":{"mimeType":"image/jpeg"}},{"uuid":"6bd2008c-9633-4cab-9627-f08c8bfb8ae2","name":"Image_4","image":"0189f199-5da1-476d-83c9-53150fe22570","mapping":300,"channel":0,"repeat":[1,1],"offset":[0,0],"center":[0,0],"rotation":0,"wrap":[1000,1000],"format":1023,"internalFormat":null,"type":1009,"colorSpace":"srgb","minFilter":1008,"magFilter":1006,"anisotropy":1,"flipY":false,"generateMipmaps":true,"premultiplyAlpha":false,"unpackAlignment":4,"userData":{"mimeType":"image/jpeg"}}],"materials":[{"uuid":"0d0017cd-e490-4867-a84e-79be522c67f0","type":"MeshStandardMaterial","name":"Mat3d66-1664118-7-4551.001","color":12369084,"roughness":0.7283464670181274,"metalness":0.21259842813014984,"emissive":0,"envMapRotation":[0,0,0,"XYZ"],"envMapIntensity":1,"side":2,"blendColor":0},{"uuid":"e76e728c-afe4-441b-9766-60db942cdb8a","type":"MeshStandardMaterial","name":"Mat3d66-1664118-3-1555.001","color":16777215,"roughness":1,"metalness":0,"emissive":0,"map":"faf67949-b031-4d62-aa02-de7ef6904167","envMapRotation":[0,0,0,"XYZ"],"envMapIntensity":1,"side":2,"blendColor":0},{"uuid":"3ac0a2b2-9e0e-4b9b-8ab2-8f2c71687a8f","type":"MeshStandardMaterial","name":"Mat3d66-1664118-4-3660.001","color":16777215,"roughness":1,"metalness":0,"emissive":0,"map":"dee44b4d-efe1-4075-9199-4ad072eec09c","envMapRotation":[0,0,0,"XYZ"],"envMapIntensity":1,"side":2,"blendColor":0},{"uuid":"ffa9c64e-2d5d-44b1-9888-d7b3e1618ef2","type":"MeshStandardMaterial","name":"Mat3d66-1664118-2-1056.001","color":15198183,"roughness":1,"metalness":0,"emissive":0,"envMapRotation":[0,0,0,"XYZ"],"envMapIntensity":1,"side":2,"blendColor":0},{"uuid":"1f40c3c4-5b7f-4b5f-a798-30cf1ab0479d","type":"MeshStandardMaterial","name":"Mat3d66-1664118-5-9553.001","color":16777215,"roughness":1,"metalness":0,"emissive":0,"map":"e7322f06-5cb4-4b19-b77b-89e3bb3e8ba7","envMapRotation":[0,0,0,"XYZ"],"envMapIntensity":1,"side":2,"blendColor":0},{"uuid":"38c5d757-75f8-4459-8776-9f6a5cb9b49d","type":"MeshStandardMaterial","name":"Mat3d66-1664118-1-7344","color":16777215,"roughness":1,"metalness":0,"emissive":0,"map":"6bd2008c-9633-4cab-9627-f08c8bfb8ae2","envMapRotation":[0,0,0,"XYZ"],"envMapIntensity":1,"side":2,"blendColor":0}]}