{"metadata":{"version":4.6,"type":"Object","generator":"Astral.Object3D.toJSON"},"object":{"uuid":"6a475d9d-36ed-44b8-af5e-f2126c5df31c","type":"Object3D","name":"花坛07_1","userData":{"name":"花坛07"},"layers":1,"matrix":[1,0,0,0,0,1,0,0,0,0,1,0,0,0,0,1],"up":[0,1,0],"children":[{"uuid":"5028b419-2ac4-420d-a371-c48694891c41","type":"Mesh","name":"Obj3d66-1692803-117-123","userData":{"name":"Obj3d66-1692803-117-123"},"layers":1,"matrix":[1,0,0,0,0,1,0,0,0,0,1,0,0,0,0,1],"up":[0,1,0],"geometry":"7f50de58-300c-45d0-a8cc-4cfc73af6496","material":"76b78f7c-d3ce-4c54-bd8e-7b760b7bbfa7"},{"uuid":"54210fad-6471-4590-ab1b-56ab31f307a2","type":"Mesh","name":"Obj3d66-1692803-117-123_1","userData":{"name":"Obj3d66-1692803-117-123_1"},"layers":1,"matrix":[1,0,0,0,0,1,0,0,0,0,1,0,0,0,0,1],"up":[0,1,0],"geometry":"c505d988-fc1c-4f60-acae-c7de14b1990a","material":"24e4491b-a9d6-4aec-a103-be4732d72132"},{"uuid":"6ce2366f-0bb2-46c6-afb2-07914bd92ef1","type":"Mesh","name":"Obj3d66-1692803-117-123_2","userData":{"name":"Obj3d66-1692803-117-123_2"},"layers":1,"matrix":[1,0,0,0,0,1,0,0,0,0,1,0,0,0,0,1],"up":[0,1,0],"geometry":"277ea229-ffba-48a3-8024-3aea60283979","material":"23816ef2-6ddc-4635-89d4-dd82e55e6cc4"},{"uuid":"c93316c2-67ed-4508-9d19-7724e0c574dc","type":"Mesh","name":"Obj3d66-1692803-117-123_3","userData":{"name":"Obj3d66-1692803-117-123_3"},"layers":1,"matrix":[1,0,0,0,0,1,0,0,0,0,1,0,0,0,0,1],"up":[0,1,0],"geometry":"12987b9a-9fc1-452c-981d-505a65f195c5","material":"27bfea6b-3c8a-49a9-8edd-49650e6645cb"},{"uuid":"80c3566e-e750-42d1-82f9-5c1edb89b622","type":"Mesh","name":"Obj3d66-1692803-117-123_4","userData":{"name":"Obj3d66-1692803-117-123_4"},"layers":1,"matrix":[1,0,0,0,0,1,0,0,0,0,1,0,0,0,0,1],"up":[0,1,0],"geometry":"26cfb90c-796c-41f5-b89d-f36596eca5db","material":"a4f4b56e-32e1-4ad5-9177-98134fa9ad61"}]},"geometries":[],"images":["593286eb-fb34-4f50-8b9a-9abeac8b0a38.png","9aa801cb-8b27-4a36-824e-68dc617e89db.png","8638b644-43bd-413e-9c88-3f54a1accc3b.png"],"textures":[{"uuid":"59ad93d8-d1af-4302-96cb-0b31bce1aced","name":"Image_0","image":"593286eb-fb34-4f50-8b9a-9abeac8b0a38","mapping":300,"channel":0,"repeat":[1,1],"offset":[0,0],"center":[0,0],"rotation":0,"wrap":[1000,1000],"format":1023,"internalFormat":null,"type":1009,"colorSpace":"srgb","minFilter":1008,"magFilter":1006,"anisotropy":1,"flipY":false,"generateMipmaps":true,"premultiplyAlpha":false,"unpackAlignment":4,"userData":{"mimeType":"image/jpeg"}},{"uuid":"f6f92d26-2830-4a5d-a4a1-e5a918150a78","name":"Image_1","image":"9aa801cb-8b27-4a36-824e-68dc617e89db","mapping":300,"channel":0,"repeat":[1,1],"offset":[0,0],"center":[0,0],"rotation":0,"wrap":[1000,1000],"format":1023,"internalFormat":null,"type":1009,"colorSpace":"srgb","minFilter":1008,"magFilter":1006,"anisotropy":1,"flipY":false,"generateMipmaps":true,"premultiplyAlpha":false,"unpackAlignment":4,"userData":{"mimeType":"image/jpeg"}},{"uuid":"62647de0-182f-4dcb-adfb-a7fcbf8744d7","name":"Image_2","image":"8638b644-43bd-413e-9c88-3f54a1accc3b","mapping":300,"channel":0,"repeat":[1,1],"offset":[0,0],"center":[0,0],"rotation":0,"wrap":[1000,1000],"format":1023,"internalFormat":null,"type":1009,"colorSpace":"srgb","minFilter":1008,"magFilter":1006,"anisotropy":1,"flipY":false,"generateMipmaps":true,"premultiplyAlpha":false,"unpackAlignment":4,"userData":{"mimeType":"image/jpeg"}}],"materials":[{"uuid":"76b78f7c-d3ce-4c54-bd8e-7b760b7bbfa7","type":"MeshStandardMaterial","name":"Mat3d66-1692803-73-3331","color":16777215,"roughness":0.5,"metalness":0,"emissive":0,"map":"59ad93d8-d1af-4302-96cb-0b31bce1aced","envMapRotation":[0,0,0,"XYZ"],"envMapIntensity":1,"side":2,"blendColor":0},{"uuid":"24e4491b-a9d6-4aec-a103-be4732d72132","type":"MeshStandardMaterial","name":"Mat3d66-1692803-107-9891","color":16777215,"roughness":1,"metalness":0,"emissive":0,"map":"f6f92d26-2830-4a5d-a4a1-e5a918150a78","envMapRotation":[0,0,0,"XYZ"],"envMapIntensity":1,"side":2,"blendColor":0},{"uuid":"23816ef2-6ddc-4635-89d4-dd82e55e6cc4","type":"MeshStandardMaterial","name":"Mat3d66-1692803-71-7599","color":16777215,"roughness":0.6968504190444946,"metalness":0,"emissive":0,"map":"62647de0-182f-4dcb-adfb-a7fcbf8744d7","envMapRotation":[0,0,0,"XYZ"],"envMapIntensity":1,"side":2,"blendColor":0},{"uuid":"27bfea6b-3c8a-49a9-8edd-49650e6645cb","type":"MeshStandardMaterial","name":"Mat3d66-1692803-72-1374","color":9541268,"roughness":0.5,"metalness":0,"emissive":0,"envMapRotation":[0,0,0,"XYZ"],"envMapIntensity":1,"side":2,"blendColor":0},{"uuid":"a4f4b56e-32e1-4ad5-9177-98134fa9ad61","type":"MeshStandardMaterial","name":"Mat3d66-1692803-142-2869.002","color":7983871,"roughness":0.05905511975288391,"metalness":0,"emissive":0,"envMapRotation":[0,0,0,"XYZ"],"envMapIntensity":1,"side":2,"opacity":0.36220476031303406,"transparent":true,"blendColor":0,"depthWrite":false}]}