{"metadata":{"version":4.6,"type":"Object","generator":"Astral.Object3D.toJSON"},"object":{"uuid":"0abf4601-e53e-47bb-84fa-7af89afbf08e","type":"Group","name":"轿车44","userData":{"name":"轿车44"},"layers":1,"matrix":[1,0,0,0,0,1,0,0,0,0,1,0,0,0,0,1],"up":[0,1,0],"children":[{"uuid":"1aa08200-ee38-491d-aa96-0e48fe0c962a","type":"Mesh","name":"Obj3d66-8694087-13-411","layers":1,"matrix":[1,0,0,0,0,1,0,0,0,0,1,0,0,0,0,1],"up":[0,1,0],"geometry":"986a1b07-9f7b-4820-808b-bdc7009abbe7","material":"8ce68724-a5c8-4a5c-8827-dfdce2adab71"},{"uuid":"c39d614f-740b-4184-9635-0600f8ea8ff8","type":"Mesh","name":"Obj3d66-8694087-13-411_1","layers":1,"matrix":[1,0,0,0,0,1,0,0,0,0,1,0,0,0,0,1],"up":[0,1,0],"geometry":"a25c8571-d64a-41fd-b7fd-8537b3607a90","material":"ae0bfb2f-a1ec-4b86-8b7f-114c03644ac8"}]},"geometries":[],"images":["149c2815-2564-4341-b738-d20f44b4926c.png","fd5c821d-2338-4660-8bcf-579b220c25ea.png"],"textures":[{"uuid":"cff4b4c1-e5f2-4d53-b935-550e64b3aeef","name":"3d66Model-8694087-files-48","image":"149c2815-2564-4341-b738-d20f44b4926c","mapping":300,"channel":0,"repeat":[1,1],"offset":[0,0],"center":[0,0],"rotation":0,"wrap":[1000,1000],"format":1023,"internalFormat":null,"type":1009,"colorSpace":"srgb","minFilter":1008,"magFilter":1006,"anisotropy":1,"flipY":false,"generateMipmaps":true,"premultiplyAlpha":false,"unpackAlignment":4,"userData":{"mimeType":"image/jpeg"}},{"uuid":"02e434b5-07ee-4efa-a67d-469c719c765f","name":"3d66Model-8694087-files-15","image":"fd5c821d-2338-4660-8bcf-579b220c25ea","mapping":300,"channel":0,"repeat":[1,1],"offset":[0,0],"center":[0,0],"rotation":0,"wrap":[1000,1000],"format":1023,"internalFormat":null,"type":1009,"colorSpace":"srgb","minFilter":1008,"magFilter":1006,"anisotropy":1,"flipY":false,"generateMipmaps":true,"premultiplyAlpha":false,"unpackAlignment":4,"userData":{"mimeType":"image/jpeg"}}],"materials":[{"uuid":"8ce68724-a5c8-4a5c-8827-dfdce2adab71","type":"MeshStandardMaterial","name":"Mat3d66-8694087-15-35885","color":16777215,"roughness":0.5,"metalness":0,"emissive":0,"map":"cff4b4c1-e5f2-4d53-b935-550e64b3aeef","envMapRotation":[0,0,0,"XYZ"],"envMapIntensity":1,"side":2,"blendColor":0},{"uuid":"ae0bfb2f-a1ec-4b86-8b7f-114c03644ac8","type":"MeshStandardMaterial","name":"Mat3d66-8694087-14-15406","color":16777215,"roughness":0.5944882035255432,"metalness":0,"emissive":0,"map":"02e434b5-07ee-4efa-a67d-469c719c765f","envMapRotation":[0,0,0,"XYZ"],"envMapIntensity":1,"side":2,"blendColor":0}]}