{"metadata":{"version":4.6,"type":"Object","generator":"Astral.Object3D.toJSON"},"object":{"uuid":"f6163c0a-c44a-4253-8838-427ded7565d9","type":"Object3D","name":"住宅楼30_1","userData":{"name":"住宅楼30"},"layers":1,"matrix":[1,0,0,0,0,1,0,0,0,0,1,0,0,0,0,1],"up":[0,1,0],"children":[{"uuid":"d6fecefc-4acc-4882-bd23-4fa08818bb66","type":"Mesh","name":"网格245","userData":{"name":"网格245"},"layers":1,"matrix":[1,0,0,0,0,1,0,0,0,0,1,0,0,0,0,1],"up":[0,1,0],"geometry":"3d4a5d54-b50a-4ed0-aaf7-8f31cd4cf087","material":"8a26a183-70db-4a5d-964a-40b5b10c92b0"},{"uuid":"ea083b22-be59-40de-a7c4-71e8a14973e7","type":"Mesh","name":"网格245_1","userData":{"name":"网格245_1"},"layers":1,"matrix":[1,0,0,0,0,1,0,0,0,0,1,0,0,0,0,1],"up":[0,1,0],"geometry":"5473191c-d354-44f1-8eb4-2eea653382a8","material":"e3cb51fd-d822-4a76-90b7-4e431d41e6ba"},{"uuid":"0e0b9b8a-c75b-43c4-898e-b86a2ac8a0bb","type":"Mesh","name":"网格245_2","userData":{"name":"网格245_2"},"layers":1,"matrix":[1,0,0,0,0,1,0,0,0,0,1,0,0,0,0,1],"up":[0,1,0],"geometry":"065e3141-01be-4be8-90ea-51a17e8f72f6","material":"f874a4ad-2e57-4e81-af3f-cfbb56393e91"},{"uuid":"fde75867-e32c-44d4-aee1-1504a327a701","type":"Mesh","name":"网格245_3","userData":{"name":"网格245_3"},"layers":1,"matrix":[1,0,0,0,0,1,0,0,0,0,1,0,0,0,0,1],"up":[0,1,0],"geometry":"d84e573b-bcbf-4513-a3d4-a21934f3a390","material":"1154670d-1f39-4983-89d1-ba4a65b0c7fa"},{"uuid":"e7864adb-d139-4461-b4f2-59c077db631a","type":"Mesh","name":"网格245_4","userData":{"name":"网格245_4"},"layers":1,"matrix":[1,0,0,0,0,1,0,0,0,0,1,0,0,0,0,1],"up":[0,1,0],"geometry":"ddcdd467-9dfd-4f39-8628-2d3dfdd03579","material":"b3c9b403-7d41-45a6-9137-a32dd492afe1"},{"uuid":"3fb1f999-2041-45d4-b87a-c6316c6050d3","type":"Mesh","name":"网格245_5","userData":{"name":"网格245_5"},"layers":1,"matrix":[1,0,0,0,0,1,0,0,0,0,1,0,0,0,0,1],"up":[0,1,0],"geometry":"e420c927-4b92-4f7b-9cef-1ef26f3046b1","material":"40d8fec2-b3c3-41cb-a5b5-e6db08f85e14"},{"uuid":"b0e3cae2-7f28-4acc-88c3-00ea9325142a","type":"Mesh","name":"网格245_6","userData":{"name":"网格245_6"},"layers":1,"matrix":[1,0,0,0,0,1,0,0,0,0,1,0,0,0,0,1],"up":[0,1,0],"geometry":"b2a9369a-8910-416f-ac50-1983ce15980b","material":"bcdc7c67-d1e3-47a5-9c08-96ecb1291a90"},{"uuid":"8fd41057-b570-4f55-8293-65c3008b0516","type":"Mesh","name":"网格245_7","userData":{"name":"网格245_7"},"layers":1,"matrix":[1,0,0,0,0,1,0,0,0,0,1,0,0,0,0,1],"up":[0,1,0],"geometry":"466ba62b-6f4d-4198-852d-7e11cc31c86f","material":"229be544-bc50-450c-b2e0-a571b7cafd26"}]},"geometries":[],"images":["62d1fa1a-7d9a-43fd-b95f-1f1b61c45fd7.png","70b3c874-f4fd-4b59-b93a-d55113d49b01.png","c8bac834-8417-4ef7-9025-d36b04aa219e.png","641daa47-00cb-4a59-b2ea-fc67fcfe0440.png","56d3718c-d289-4a25-9681-fd62e3bbf5b5.png","d48f8d3d-1f4f-4818-bff8-307a76e58bd9.png","1bf1722e-9dc9-4a39-b674-510cda2194d8.png"],"textures":[{"uuid":"df9c36ca-772b-4646-a80d-525822e45a0f","name":"3d66Model-1577993-files-19","image":"62d1fa1a-7d9a-43fd-b95f-1f1b61c45fd7","mapping":300,"channel":0,"repeat":[1,1],"offset":[0,0],"center":[0,0],"rotation":0,"wrap":[1000,1000],"format":1023,"internalFormat":null,"type":1009,"colorSpace":"srgb","minFilter":1008,"magFilter":1006,"anisotropy":1,"flipY":false,"generateMipmaps":true,"premultiplyAlpha":false,"unpackAlignment":4,"userData":{"mimeType":"image/jpeg"}},{"uuid":"d734492a-2aa9-4812-b2ce-c0613773d1ef","name":"3d66Model-1577993-files-8","image":"70b3c874-f4fd-4b59-b93a-d55113d49b01","mapping":300,"channel":0,"repeat":[1,1],"offset":[0,0],"center":[0,0],"rotation":0,"wrap":[1000,1000],"format":1023,"internalFormat":null,"type":1009,"colorSpace":"srgb","minFilter":1008,"magFilter":1006,"anisotropy":1,"flipY":false,"generateMipmaps":true,"premultiplyAlpha":false,"unpackAlignment":4,"userData":{"mimeType":"image/jpeg"}},{"uuid":"c98ae49c-113b-47af-9c28-a47db868128e","name":"3d66Model-1577993-files-1","image":"c8bac834-8417-4ef7-9025-d36b04aa219e","mapping":300,"channel":0,"repeat":[1,1],"offset":[0,0],"center":[0,0],"rotation":0,"wrap":[1000,1000],"format":1023,"internalFormat":null,"type":1009,"colorSpace":"srgb","minFilter":1008,"magFilter":1006,"anisotropy":1,"flipY":false,"generateMipmaps":true,"premultiplyAlpha":false,"unpackAlignment":4,"userData":{"mimeType":"image/jpeg"}},{"uuid":"9c1c964b-7470-48c1-9591-ef403d606a9e","name":"3d66Model-1577993-files-6","image":"641daa47-00cb-4a59-b2ea-fc67fcfe0440","mapping":300,"channel":0,"repeat":[1,1],"offset":[0,0],"center":[0,0],"rotation":0,"wrap":[1000,1000],"format":1023,"internalFormat":null,"type":1009,"colorSpace":"srgb","minFilter":1008,"magFilter":1006,"anisotropy":1,"flipY":false,"generateMipmaps":true,"premultiplyAlpha":false,"unpackAlignment":4,"userData":{"mimeType":"image/jpeg"}},{"uuid":"5f030a7c-9020-4ad5-a305-22384c0c77cb","name":"3d66Model-1577993-files-12","image":"56d3718c-d289-4a25-9681-fd62e3bbf5b5","mapping":300,"channel":0,"repeat":[1,1],"offset":[0,0],"center":[0,0],"rotation":0,"wrap":[1000,1000],"format":1023,"internalFormat":null,"type":1009,"colorSpace":"srgb","minFilter":1008,"magFilter":1006,"anisotropy":1,"flipY":false,"generateMipmaps":true,"premultiplyAlpha":false,"unpackAlignment":4,"userData":{"mimeType":"image/jpeg"}},{"uuid":"a544609d-345d-4a13-af20-d7f6f063e11d","name":"3d66Model-1577993-files-3","image":"d48f8d3d-1f4f-4818-bff8-307a76e58bd9","mapping":300,"channel":0,"repeat":[1,1],"offset":[0,0],"center":[0,0],"rotation":0,"wrap":[1000,1000],"format":1023,"internalFormat":null,"type":1009,"colorSpace":"srgb","minFilter":1008,"magFilter":1006,"anisotropy":1,"flipY":false,"generateMipmaps":true,"premultiplyAlpha":false,"unpackAlignment":4,"userData":{"mimeType":"image/jpeg"}},{"uuid":"44f36bad-ca4e-4622-93bf-c826a9f64450","name":"3d66Model-1577993-files-17","image":"1bf1722e-9dc9-4a39-b674-510cda2194d8","mapping":300,"channel":0,"repeat":[1,1],"offset":[0,0],"center":[0,0],"rotation":0,"wrap":[1000,1000],"format":1023,"internalFormat":null,"type":1009,"colorSpace":"srgb","minFilter":1008,"magFilter":1006,"anisotropy":1,"flipY":false,"generateMipmaps":true,"premultiplyAlpha":false,"unpackAlignment":4,"userData":{"mimeType":"image/jpeg"}}],"materials":[{"uuid":"8a26a183-70db-4a5d-964a-40b5b10c92b0","type":"MeshStandardMaterial","name":"Mat3d66-1577993-21-8593","color":16777215,"roughness":0.858578622341156,"metalness":0,"emissive":0,"map":"df9c36ca-772b-4646-a80d-525822e45a0f","envMapRotation":[0,0,0,"XYZ"],"envMapIntensity":1,"side":2,"blendColor":0},{"uuid":"e3cb51fd-d822-4a76-90b7-4e431d41e6ba","type":"MeshStandardMaterial","name":"Mat3d66-1577993-14-7131","color":16777215,"roughness":1,"metalness":0,"emissive":0,"map":"d734492a-2aa9-4812-b2ce-c0613773d1ef","envMapRotation":[0,0,0,"XYZ"],"envMapIntensity":1,"side":2,"opacity":0.9448819160461426,"blendColor":0},{"uuid":"f874a4ad-2e57-4e81-af3f-cfbb56393e91","type":"MeshStandardMaterial","name":"Mat3d66-1577993-6-9835","color":16777215,"roughness":0.693224310874939,"metalness":0,"emissive":0,"map":"c98ae49c-113b-47af-9c28-a47db868128e","envMapRotation":[0,0,0,"XYZ"],"envMapIntensity":1,"side":2,"blendColor":0},{"uuid":"1154670d-1f39-4983-89d1-ba4a65b0c7fa","type":"MeshStandardMaterial","name":"Mat3d66-1577993-3-1257","color":8686998,"roughness":0.49637389183044434,"metalness":0,"emissive":0,"envMapRotation":[0,0,0,"XYZ"],"envMapIntensity":1,"side":2,"opacity":0.9448819160461426,"transparent":true,"blendColor":0,"depthWrite":false},{"uuid":"b3c9b403-7d41-45a6-9137-a32dd492afe1","type":"MeshStandardMaterial","name":"Mat3d66-1577993-22-1201","color":16777215,"roughness":0.858578622341156,"metalness":0,"emissive":0,"map":"9c1c964b-7470-48c1-9591-ef403d606a9e","envMapRotation":[0,0,0,"XYZ"],"envMapIntensity":1,"side":2,"blendColor":0},{"uuid":"40d8fec2-b3c3-41cb-a5b5-e6db08f85e14","type":"MeshStandardMaterial","name":"Mat3d66-1577993-16-7587","color":16777215,"roughness":1,"metalness":0,"emissive":0,"map":"5f030a7c-9020-4ad5-a305-22384c0c77cb","envMapRotation":[0,0,0,"XYZ"],"envMapIntensity":1,"side":2,"blendColor":0},{"uuid":"bcdc7c67-d1e3-47a5-9c08-96ecb1291a90","type":"MeshStandardMaterial","name":"Mat3d66-1577993-13-1457","color":16777215,"roughness":0.858578622341156,"metalness":0,"emissive":0,"map":"a544609d-345d-4a13-af20-d7f6f063e11d","envMapRotation":[0,0,0,"XYZ"],"envMapIntensity":1,"side":2,"blendColor":0},{"uuid":"229be544-bc50-450c-b2e0-a571b7cafd26","type":"MeshStandardMaterial","name":"Mat3d66-1577993-4-8819","color":16777215,"roughness":1,"metalness":0,"emissive":0,"map":"44f36bad-ca4e-4622-93bf-c826a9f64450","envMapRotation":[0,0,0,"XYZ"],"envMapIntensity":1,"side":2,"blendColor":0}]}