{"metadata":{"version":4.6,"type":"Object","generator":"Astral.Object3D.toJSON"},"object":{"uuid":"523575be-5898-42d0-a756-ce5d8cf47ccb","type":"Object3D","name":"花坛_草坪14_3","userData":{"name":"花坛_草坪14"},"layers":1,"matrix":[1,0,0,0,0,1,0,0,0,0,1,0,0,0,0,1],"up":[0,1,0],"children":[{"uuid":"834844e8-76b4-414a-91e6-f7ab4a3d6444","type":"Mesh","name":"网格033_1","userData":{"name":"网格033"},"layers":1,"matrix":[1,0,0,0,0,1,0,0,0,0,1,0,0,0,0,1],"up":[0,1,0],"geometry":"7448791d-f841-445a-b51b-aa9d79dcdbfa","material":"281c7991-2986-4606-9079-e05f2ad576cc"},{"uuid":"072d33ee-dc66-4f7e-824b-7911e634061c","type":"Mesh","name":"网格033_1_1","userData":{"name":"网格033_1"},"layers":1,"matrix":[1,0,0,0,0,1,0,0,0,0,1,0,0,0,0,1],"up":[0,1,0],"geometry":"d1094f8e-fae6-4509-add9-23315618e413","material":"b8f3dbb1-ba3b-4625-abb9-8301b78e7578"},{"uuid":"d6a857a2-cea4-4994-b707-daad542f2393","type":"Mesh","name":"网格033_2_1","userData":{"name":"网格033_2"},"layers":1,"matrix":[1,0,0,0,0,1,0,0,0,0,1,0,0,0,0,1],"up":[0,1,0],"geometry":"7a0a411f-b94a-4851-a0c0-577efa10a852","material":"089da553-b9c7-467c-964f-5cc49c1d3079"},{"uuid":"2f80c244-289e-4b4e-b19e-0552ab2520ca","type":"Mesh","name":"网格033_3_1","userData":{"name":"网格033_3"},"layers":1,"matrix":[1,0,0,0,0,1,0,0,0,0,1,0,0,0,0,1],"up":[0,1,0],"geometry":"c792fd48-3e26-4005-89eb-e9883bfc1390","material":"01d8c5ea-0571-494f-84de-9ac7f0162df0"}]},"geometries":[],"images":["5c489796-9fa8-4ea8-9f2e-b511aca18b6f.png"],"textures":[{"uuid":"980d813d-3c21-4e08-94bd-6ebfb183e86f","name":"Image_3","image":"5c489796-9fa8-4ea8-9f2e-b511aca18b6f","mapping":300,"channel":0,"repeat":[1,1],"offset":[0,0],"center":[0,0],"rotation":0,"wrap":[1000,1000],"format":1023,"internalFormat":null,"type":1009,"colorSpace":"srgb","minFilter":1008,"magFilter":1006,"anisotropy":1,"flipY":false,"generateMipmaps":true,"premultiplyAlpha":false,"unpackAlignment":4,"userData":{"mimeType":"image/jpeg"}}],"materials":[{"uuid":"281c7991-2986-4606-9079-e05f2ad576cc","type":"MeshStandardMaterial","name":"[0012_Bisque]3.002","color":15198183,"roughness":0.858578622341156,"metalness":0,"emissive":0,"envMapRotation":[0,0,0,"XYZ"],"envMapIntensity":1,"side":2,"blendColor":0},{"uuid":"b8f3dbb1-ba3b-4625-abb9-8301b78e7578","type":"MeshStandardMaterial","name":"材质1.002","color":15198183,"roughness":0.858578622341156,"metalness":1,"emissive":0,"envMapRotation":[0,0,0,"XYZ"],"envMapIntensity":1,"side":2,"blendColor":0},{"uuid":"089da553-b9c7-467c-964f-5cc49c1d3079","type":"MeshStandardMaterial","name":"材质7.002","color":15198183,"roughness":0.858578622341156,"metalness":1,"emissive":0,"envMapRotation":[0,0,0,"XYZ"],"envMapIntensity":1,"side":2,"blendColor":0},{"uuid":"01d8c5ea-0571-494f-84de-9ac7f0162df0","type":"MeshStandardMaterial","name":"Mat3d66-4630627-32-902.003","color":16777215,"roughness":0.858578622341156,"metalness":0,"emissive":0,"map":"980d813d-3c21-4e08-94bd-6ebfb183e86f","envMapRotation":[0,0,0,"XYZ"],"envMapIntensity":1,"side":2,"blendColor":0}]}