{"metadata":{"version":4.6,"type":"Object","generator":"Astral.Object3D.toJSON"},"object":{"uuid":"5e7c303c-0555-4879-b98c-5619af7e4037","type":"Group","name":"摩托车02","userData":{"name":"摩托车02"},"layers":1,"matrix":[0.04229477047920227,0,0,0,0,0.04229477047920227,0,0,0,0,0.04229477047920227,0,0,-0.0011490238830447197,0,1],"up":[0,1,0],"children":[{"uuid":"ecab16fb-e6c4-405f-9498-36cec273fd70","type":"Mesh","name":"网格160","layers":1,"matrix":[1,0,0,0,0,1,0,0,0,0,1,0,0,0,0,1],"up":[0,1,0],"geometry":"6aeffc01-bdff-47d3-8cce-d3f476d54a9c","material":"0103073e-ce0b-49a9-89dd-6d723f1f500d"},{"uuid":"aab2199a-63b3-4326-8cad-945aeeb87d0b","type":"Mesh","name":"网格160_1","layers":1,"matrix":[1,0,0,0,0,1,0,0,0,0,1,0,0,0,0,1],"up":[0,1,0],"geometry":"45a1d6cb-fdc1-4ea9-9668-f929e9eb6274","material":"f6959faa-ea0f-4654-81e1-593e1a4d94e7"},{"uuid":"364ab6c2-d8e3-43c9-9b31-47e50d52a42b","type":"Mesh","name":"网格160_2","layers":1,"matrix":[1,0,0,0,0,1,0,0,0,0,1,0,0,0,0,1],"up":[0,1,0],"geometry":"a320430c-eeca-450f-9b91-1dadd6928ac9","material":"6feffb76-8ae0-4618-8c12-b628526af919"},{"uuid":"cf38a656-5ce3-45e1-a1a8-6e87165df2ed","type":"Mesh","name":"网格160_3","layers":1,"matrix":[1,0,0,0,0,1,0,0,0,0,1,0,0,0,0,1],"up":[0,1,0],"geometry":"c0fd1384-d11c-4625-b8cb-965d8204d239","material":"6806075e-cbe5-4156-b6d1-b4934c1b2763"},{"uuid":"59208edd-7262-4e87-9d39-74f52462f560","type":"Mesh","name":"网格160_4","layers":1,"matrix":[1,0,0,0,0,1,0,0,0,0,1,0,0,0,0,1],"up":[0,1,0],"geometry":"babd2ab9-5d1b-462f-a0ec-6ba68b5b824f","material":"69432b21-c491-4ea3-bdb0-f3dd9c4136b0"},{"uuid":"6bc8c85b-3ab3-4f76-977f-fda12c27f541","type":"Mesh","name":"网格160_5","layers":1,"matrix":[1,0,0,0,0,1,0,0,0,0,1,0,0,0,0,1],"up":[0,1,0],"geometry":"5be30f44-64c9-42b9-827a-adfc9101458d","material":"ae1678b7-084c-4bf2-b8a1-99f9e062277b"},{"uuid":"f48b2278-97d8-4a48-8e24-1d377e6b7fc0","type":"Mesh","name":"网格160_6","layers":1,"matrix":[1,0,0,0,0,1,0,0,0,0,1,0,0,0,0,1],"up":[0,1,0],"geometry":"840c8c33-66d3-4c0d-bf61-683e281ec209","material":"fae2c18a-d1d0-4022-b8c4-10d461ae0fc7"}]},"geometries":[],"images":["c3f8cfb6-e4c3-4d55-970e-75cf6f48fca2.png"],"textures":[{"uuid":"76a97817-3e12-4a76-9017-5cc9db335b52","name":"Image_0","image":"c3f8cfb6-e4c3-4d55-970e-75cf6f48fca2","mapping":300,"channel":0,"repeat":[1,1],"offset":[0,0],"center":[0,0],"rotation":0,"wrap":[1000,1000],"format":1023,"internalFormat":null,"type":1009,"colorSpace":"srgb","minFilter":1008,"magFilter":1006,"anisotropy":1,"flipY":false,"generateMipmaps":true,"premultiplyAlpha":false,"unpackAlignment":4,"userData":{"mimeType":"image/jpeg"}}],"materials":[{"uuid":"0103073e-ce0b-49a9-89dd-6d723f1f500d","type":"MeshStandardMaterial","name":"车漆.002","color":9837596,"roughness":0.858578622341156,"metalness":0,"emissive":0,"envMapRotation":[0,0,0,"XYZ"],"envMapIntensity":1,"side":2,"blendColor":0},{"uuid":"f6959faa-ea0f-4654-81e1-593e1a4d94e7","type":"MeshStandardMaterial","name":"buxiugang.002","color":10526880,"roughness":0.858578622341156,"metalness":0,"emissive":0,"envMapRotation":[0,0,0,"XYZ"],"envMapIntensity":1,"side":2,"blendColor":0},{"uuid":"6feffb76-8ae0-4618-8c12-b628526af919","type":"MeshStandardMaterial","name":"车.001","color":1842204,"roughness":0.858578622341156,"metalness":0,"emissive":0,"envMapRotation":[0,0,0,"XYZ"],"envMapIntensity":1,"side":2,"blendColor":0},{"uuid":"6806075e-cbe5-4156-b6d1-b4934c1b2763","type":"MeshStandardMaterial","name":"GREY METAL-DARK","color":10790052,"roughness":0.5561721920967102,"metalness":0,"emissive":0,"envMapRotation":[0,0,0,"XYZ"],"envMapIntensity":1,"side":2,"blendColor":0},{"uuid":"69432b21-c491-4ea3-bdb0-f3dd9c4136b0","type":"MeshStandardMaterial","name":" 玻璃.001","color":15724527,"roughness":0.858578622341156,"metalness":0,"emissive":0,"envMapRotation":[0,0,0,"XYZ"],"envMapIntensity":1,"side":2,"blendColor":0},{"uuid":"ae1678b7-084c-4bf2-b8a1-99f9e062277b","type":"MeshStandardMaterial","name":"车漆z","color":15053919,"roughness":0.858578622341156,"metalness":0,"emissive":0,"envMapRotation":[0,0,0,"XYZ"],"envMapIntensity":1,"side":2,"blendColor":0},{"uuid":"fae2c18a-d1d0-4022-b8c4-10d461ae0fc7","type":"MeshStandardMaterial","name":"车尾灯","color":16777215,"roughness":0.858578622341156,"metalness":0,"emissive":0,"map":"76a97817-3e12-4a76-9017-5cc9db335b52","envMapRotation":[0,0,0,"XYZ"],"envMapIntensity":1,"side":2,"blendColor":0}]}