{"metadata":{"version":4.6,"type":"Object","generator":"Astral.Object3D.toJSON"},"object":{"uuid":"3fa91d7a-22dd-4a5b-92cf-a2e8b21d726a","type":"Group","name":"红绿灯01","userData":{"name":"红绿灯01"},"layers":1,"matrix":[1,0,0,0,0,1,0,0,0,0,1,0,0,0,0,1],"up":[0,1,0],"children":[{"uuid":"0f8d9838-b4ae-4912-97bd-87c64e13ae73","type":"Mesh","name":"Obj3d66-6837446-369-454","layers":1,"matrix":[1,0,0,0,0,1,0,0,0,0,1,0,0,0,0,1],"up":[0,1,0],"geometry":"3aee1936-c78c-401b-883d-0ce9b350dca8","material":"8bd04bf3-7d54-4dbf-bcdc-e832bbee4b2b"},{"uuid":"e605544a-aae5-47b4-9e83-ff1149dfb601","type":"Mesh","name":"Obj3d66-6837446-369-454_1","layers":1,"matrix":[1,0,0,0,0,1,0,0,0,0,1,0,0,0,0,1],"up":[0,1,0],"geometry":"372924da-d84b-469e-9596-d56ef998babd","material":"c9d4bc74-6f46-4542-8c78-27506263f5a3"},{"uuid":"35b08ae8-7b12-4676-8d4e-0cb90d40c2c8","type":"Mesh","name":"Obj3d66-6837446-369-454_2","layers":1,"matrix":[1,0,0,0,0,1,0,0,0,0,1,0,0,0,0,1],"up":[0,1,0],"geometry":"2cc4e63f-0bf5-4907-9a61-b2b5cfe3485a","material":"3103f3e8-8f3a-4d68-b177-173893d09019"},{"uuid":"2b5f83b7-bf88-43ce-a2a1-cea87bdbadd8","type":"Mesh","name":"Obj3d66-6837446-369-454_3","layers":1,"matrix":[1,0,0,0,0,1,0,0,0,0,1,0,0,0,0,1],"up":[0,1,0],"geometry":"8d030729-ef5d-408b-83e9-f603c0b51268","material":"2b844466-7798-4982-8983-1460e702a696"},{"uuid":"4fd8ebde-c165-4ba8-8235-dcd739029463","type":"Mesh","name":"Obj3d66-6837446-369-454_4","layers":1,"matrix":[1,0,0,0,0,1,0,0,0,0,1,0,0,0,0,1],"up":[0,1,0],"geometry":"4206a64a-cfba-4745-a6e8-da1c6b68f66f","material":"6622ef87-ab04-4fb2-bf86-d575534ce5ed"},{"uuid":"a945c44c-9e60-4bee-abe0-f1b7e17c9b29","type":"Mesh","name":"Obj3d66-6837446-369-454_5","layers":1,"matrix":[1,0,0,0,0,1,0,0,0,0,1,0,0,0,0,1],"up":[0,1,0],"geometry":"0bc03475-a415-4ec8-b1d5-2b05ae77e41a","material":"c1c5977e-8502-4815-884d-afeff8974f06"},{"uuid":"78867cd5-84ee-4391-8364-1f653144f9ed","type":"Mesh","name":"Obj3d66-6837446-369-454_6","layers":1,"matrix":[1,0,0,0,0,1,0,0,0,0,1,0,0,0,0,1],"up":[0,1,0],"geometry":"e52395ec-a506-4fa5-8329-abeb33486257","material":"a8d822dc-0447-4ab3-8a10-206ad2681fb0"}]},"geometries":[],"images":["4082ba26-4c96-473f-83c6-c95894c1dead.png"],"textures":[{"uuid":"6654bec8-3b2c-4550-8891-0c1c490faae9","name":"3d66Model-6837446-files-28","image":"4082ba26-4c96-473f-83c6-c95894c1dead","mapping":300,"channel":0,"repeat":[1,1],"offset":[0,0],"center":[0,0],"rotation":0,"wrap":[1000,1000],"format":1023,"internalFormat":null,"type":1009,"colorSpace":"srgb","minFilter":1008,"magFilter":1006,"anisotropy":1,"flipY":false,"generateMipmaps":true,"premultiplyAlpha":false,"unpackAlignment":4,"userData":{"mimeType":"image/jpeg"}}],"materials":[{"uuid":"8bd04bf3-7d54-4dbf-bcdc-e832bbee4b2b","type":"MeshStandardMaterial","name":"Mat3d66-6837446-70-54793","color":16777215,"roughness":0.5,"metalness":0,"emissive":0,"map":"6654bec8-3b2c-4550-8891-0c1c490faae9","envMapRotation":[0,0,0,"XYZ"],"envMapIntensity":1,"side":2,"blendColor":0},{"uuid":"c9d4bc74-6f46-4542-8c78-27506263f5a3","type":"MeshStandardMaterial","name":"Mat3d66-6837446-64-86290","color":9013641,"roughness":0.5,"metalness":0,"emissive":0,"envMapRotation":[0,0,0,"XYZ"],"envMapIntensity":1,"side":2,"blendColor":0},{"uuid":"3103f3e8-8f3a-4d68-b177-173893d09019","type":"MeshStandardMaterial","name":"Mat3d66-6837446-65-22490.002","color":9605778,"roughness":0.6023622751235962,"metalness":0.11023622006177902,"emissive":0,"envMapRotation":[0,0,0,"XYZ"],"envMapIntensity":1,"side":2,"blendColor":0},{"uuid":"2b844466-7798-4982-8983-1460e702a696","type":"MeshStandardMaterial","name":"Mat3d66-6837446-75-59141","color":12369084,"roughness":0.5,"metalness":0,"emissive":0,"envMapRotation":[0,0,0,"XYZ"],"envMapIntensity":1,"side":2,"blendColor":0},{"uuid":"6622ef87-ab04-4fb2-bf86-d575534ce5ed","type":"MeshStandardMaterial","name":"Mat3d66-6837446-74-53060","color":8435683,"roughness":0.7834645509719849,"metalness":0,"emissive":0,"envMapRotation":[0,0,0,"XYZ"],"envMapIntensity":1,"side":2,"blendColor":0},{"uuid":"c1c5977e-8502-4815-884d-afeff8974f06","type":"MeshStandardMaterial","name":"Mat3d66-6837446-71-63650","color":10734202,"roughness":0.6968504190444946,"metalness":0,"emissive":0,"envMapRotation":[0,0,0,"XYZ"],"envMapIntensity":1,"side":2,"blendColor":0},{"uuid":"a8d822dc-0447-4ab3-8a10-206ad2681fb0","type":"MeshStandardMaterial","name":"Mat3d66-6837446-80-58953.001","color":15881856,"roughness":0.751968502998352,"metalness":0,"emissive":0,"envMapRotation":[0,0,0,"XYZ"],"envMapIntensity":1,"side":2,"blendColor":0}]}