{"metadata":{"version":4.6,"type":"Object","generator":"Astral.Object3D.toJSON"},"object":{"uuid":"cd8f7e37-5778-44b9-93bf-ff0721b8a9af","type":"Object3D","name":"住宅楼17_1","userData":{"name":"住宅楼17"},"layers":1,"matrix":[1,0,0,0,0,1,0,0,0,0,1,0,0,0,0,1],"up":[0,1,0],"children":[{"uuid":"fc5434f1-f2f0-413b-a112-4cbbfbee1ffe","type":"Mesh","name":"网格363","userData":{"name":"网格363"},"layers":1,"matrix":[1,0,0,0,0,1,0,0,0,0,1,0,0,0,0,1],"up":[0,1,0],"geometry":"e55802be-28ea-4d8d-8370-9c5100c684dc","material":"52bb70e3-94d1-4bab-9951-39e58b3e9b0b"},{"uuid":"5ff6dba7-88ba-41b2-abe1-72802a7169a7","type":"Mesh","name":"网格363_1","userData":{"name":"网格363_1"},"layers":1,"matrix":[1,0,0,0,0,1,0,0,0,0,1,0,0,0,0,1],"up":[0,1,0],"geometry":"341e4097-011e-484a-9118-46959aa39b12","material":"5c2fd6fb-2674-4758-a924-8af677b25995"},{"uuid":"f1e1969b-5375-4fdb-8496-c102c366e3bb","type":"Mesh","name":"网格363_2","userData":{"name":"网格363_2"},"layers":1,"matrix":[1,0,0,0,0,1,0,0,0,0,1,0,0,0,0,1],"up":[0,1,0],"geometry":"728808be-1675-4327-a39d-062b00c7528c","material":"14cf84e0-502d-446e-9aac-6c83b4c98637"},{"uuid":"2e5103aa-ec3b-4ed6-8bbb-67faba4d750f","type":"Mesh","name":"网格363_3","userData":{"name":"网格363_3"},"layers":1,"matrix":[1,0,0,0,0,1,0,0,0,0,1,0,0,0,0,1],"up":[0,1,0],"geometry":"936f906e-6561-4450-b529-6384c747d537","material":"d8040e45-c95e-4a1c-9fad-5996c0487fea"},{"uuid":"5f7a1174-2556-4a95-9786-0faac2ca4a5e","type":"Mesh","name":"网格363_4","userData":{"name":"网格363_4"},"layers":1,"matrix":[1,0,0,0,0,1,0,0,0,0,1,0,0,0,0,1],"up":[0,1,0],"geometry":"9d5b4f7d-70d9-4df2-8fae-64c72d6ab923","material":"11e38db3-e820-4074-8608-65a41459565a"},{"uuid":"6bc1219b-e4b0-4831-acc1-567ce60a293e","type":"Mesh","name":"网格363_5","userData":{"name":"网格363_5"},"layers":1,"matrix":[1,0,0,0,0,1,0,0,0,0,1,0,0,0,0,1],"up":[0,1,0],"geometry":"c0c1b804-1f4b-42b7-bada-ccae72c9a5a0","material":"12bf110d-e99b-49d0-be72-c7a2bae7e4af"},{"uuid":"34e8da9f-22bf-48ab-896d-31d194007030","type":"Mesh","name":"网格363_6","userData":{"name":"网格363_6"},"layers":1,"matrix":[1,0,0,0,0,1,0,0,0,0,1,0,0,0,0,1],"up":[0,1,0],"geometry":"d2a510e7-092e-4442-9888-1fe996af1f60","material":"59686c62-caad-4391-910a-e7dbb3f64713"},{"uuid":"deb83a3e-e41c-4558-80e3-38c6800813de","type":"Mesh","name":"网格363_7","userData":{"name":"网格363_7"},"layers":1,"matrix":[1,0,0,0,0,1,0,0,0,0,1,0,0,0,0,1],"up":[0,1,0],"geometry":"85be07ca-f539-4750-898c-e69f26ea53dc","material":"7f9cde8f-58ca-45d1-8b57-c49b251d0ad9"},{"uuid":"07295206-24d5-4dc4-8f62-f0caa36eda5f","type":"Mesh","name":"网格363_8","userData":{"name":"网格363_8"},"layers":1,"matrix":[1,0,0,0,0,1,0,0,0,0,1,0,0,0,0,1],"up":[0,1,0],"geometry":"a1f47f13-eb09-463a-b84b-48b518d61783","material":"9c953c99-2dbf-4d00-8d00-0b9ed1973677"},{"uuid":"439bfece-908b-472a-9a11-0d0977835a98","type":"Mesh","name":"网格363_9","userData":{"name":"网格363_9"},"layers":1,"matrix":[1,0,0,0,0,1,0,0,0,0,1,0,0,0,0,1],"up":[0,1,0],"geometry":"99068e7a-af2b-402e-8453-a0b69aa0ae0f","material":"77acae38-ceb4-4df2-b3cd-29739cbd5d4f"},{"uuid":"b075b751-cb97-481d-bece-af736434b65c","type":"Mesh","name":"网格363_10","userData":{"name":"网格363_10"},"layers":1,"matrix":[1,0,0,0,0,1,0,0,0,0,1,0,0,0,0,1],"up":[0,1,0],"geometry":"3e385cbd-17f0-44be-ab6f-bef54d7d30ec","material":"bf68b2d6-b94f-4338-a343-a77fe3c35ab5"},{"uuid":"fdcd2fb7-bb6e-4ae1-816f-e1d78083c9f6","type":"Mesh","name":"网格363_11","userData":{"name":"网格363_11"},"layers":1,"matrix":[1,0,0,0,0,1,0,0,0,0,1,0,0,0,0,1],"up":[0,1,0],"geometry":"5127b2b0-d312-4335-829b-f74404629773","material":"c45e88d5-b9a5-4c5e-96ce-c7e0440dd61c"},{"uuid":"b72a459f-6d98-4a6d-9ff9-7f5df2450fc9","type":"Mesh","name":"网格363_12","userData":{"name":"网格363_12"},"layers":1,"matrix":[1,0,0,0,0,1,0,0,0,0,1,0,0,0,0,1],"up":[0,1,0],"geometry":"b47ba5ed-07d7-411d-b55f-dd2afbb771c9","material":"621406b0-e9f9-4714-bcde-84ba2fcdc236"},{"uuid":"c62aa0a5-0308-4007-abe8-90941ddeb19c","type":"Mesh","name":"网格363_13","userData":{"name":"网格363_13"},"layers":1,"matrix":[1,0,0,0,0,1,0,0,0,0,1,0,0,0,0,1],"up":[0,1,0],"geometry":"c4ab9b01-ec48-44be-a583-190d312a25aa","material":"bf38feb8-9b91-4ab1-8242-0e2807dc0a9a"}]},"geometries":[],"images":["a0fdc97d-fab6-4a45-96bd-6fb3439ce9d4.png","ba8efe3a-3cba-46f0-ade4-58bde2ca4c3c.png","5c92d2af-a01b-4e43-9cea-afc21e94dd8e.png","270ca75f-9a84-4d9c-acbc-d9f5d904d805.png","aeb0c2a7-625f-4513-86f8-10d7720d717d.png","0a22d1af-a468-4880-a520-3f5ddfa644ad.png","8513d732-571d-4934-a580-6534624d5bb1.png","a35658d7-e557-4f94-ab43-539620acee12.png","13d6878e-cac4-48f9-8025-bed7cda11ac9.png","54ff77b4-2ebc-406a-8f47-6e369b193a92.png"],"textures":[],"materials":[]}