{"metadata":{"version":4.6,"type":"Object","generator":"Astral.Object3D.toJSON"},"object":{"uuid":"e1569eae-c568-405d-b300-33e943633615","type":"Object3D","name":"住宅楼39_1","userData":{"name":"住宅楼39"},"layers":1,"matrix":[1,0,0,0,0,1,0,0,0,0,1,0,0,0,0,1],"up":[0,1,0],"children":[{"uuid":"ccaf27aa-15bb-458f-838c-be04c55d9a68","type":"Mesh","name":"网格068","userData":{"name":"网格068"},"layers":1,"matrix":[1,0,0,0,0,1,0,0,0,0,1,0,0,0,0,1],"up":[0,1,0],"geometry":"14bc5c35-dd73-402a-a64c-a14c57355bca","material":"1a2aac61-4443-49ab-8bda-f2cc10b836ea"},{"uuid":"6c8dd55b-5a74-48ac-bdfd-77297acf7038","type":"Mesh","name":"网格068_1","userData":{"name":"网格068_1"},"layers":1,"matrix":[1,0,0,0,0,1,0,0,0,0,1,0,0,0,0,1],"up":[0,1,0],"geometry":"cfc5cb6e-fcea-45da-9daa-7e9a2d462057","material":"710ac229-a4ce-4b43-8a01-8bef34ed9236"},{"uuid":"000376c7-d9ed-4031-b868-c3eae7832428","type":"Mesh","name":"网格068_2","userData":{"name":"网格068_2"},"layers":1,"matrix":[1,0,0,0,0,1,0,0,0,0,1,0,0,0,0,1],"up":[0,1,0],"geometry":"ee89383a-6e5d-4bda-af53-3d17bf065892","material":"0be51f47-a4f1-45bd-a065-d82ad4597c7d"},{"uuid":"41233519-0c82-4c0d-80aa-3414f0dbc2e1","type":"Mesh","name":"网格068_3","userData":{"name":"网格068_3"},"layers":1,"matrix":[1,0,0,0,0,1,0,0,0,0,1,0,0,0,0,1],"up":[0,1,0],"geometry":"463f2126-5e31-471b-992b-fbd1308451d2","material":"dbe2eb9b-2269-49eb-b6ed-9aeb9aa99ecd"},{"uuid":"9e26b545-d6fc-4a91-af35-2c235126bd9a","type":"Mesh","name":"网格068_4","userData":{"name":"网格068_4"},"layers":1,"matrix":[1,0,0,0,0,1,0,0,0,0,1,0,0,0,0,1],"up":[0,1,0],"geometry":"6f5c7f34-7c58-4fd8-b20b-bb75d65888c6","material":"32cce9a0-9523-48f1-b6c8-e60abb270c26"},{"uuid":"4dafd2fd-9c44-403f-a41d-455028f8f67b","type":"Mesh","name":"网格068_5","userData":{"name":"网格068_5"},"layers":1,"matrix":[1,0,0,0,0,1,0,0,0,0,1,0,0,0,0,1],"up":[0,1,0],"geometry":"54f67d99-4c89-49f9-bdcf-70dfb88aa7e2","material":"ab9c407e-1d1e-4f0b-870b-3cf10aaea5ff"}]},"geometries":[],"images":["d4be6dc2-21d8-4f08-a29f-2e3b9e40487c.png","2bc26c51-7ba1-4790-a357-721093fec5ca.png","1af005d7-9fd4-4a52-b3d7-a07c432c420f.png","c45eb411-c82c-4a7a-95a8-b20187f6df38.png","f4264143-6549-49c8-a958-65df93aeb65d.png"],"textures":[{"uuid":"fef8fd28-cee5-45b2-b0fd-eb627a5079ed","name":"3d66Model-1577993-files-2","image":"d4be6dc2-21d8-4f08-a29f-2e3b9e40487c","mapping":300,"channel":0,"repeat":[1,1],"offset":[0,0],"center":[0,0],"rotation":0,"wrap":[1000,1000],"format":1023,"internalFormat":null,"type":1009,"colorSpace":"srgb","minFilter":1008,"magFilter":1006,"anisotropy":1,"flipY":false,"generateMipmaps":true,"premultiplyAlpha":false,"unpackAlignment":4,"userData":{"mimeType":"image/jpeg"}},{"uuid":"9b78cf9f-ecc9-432e-8b56-e197f5372743","name":"3d66Model-1577993-files-1","image":"2bc26c51-7ba1-4790-a357-721093fec5ca","mapping":300,"channel":0,"repeat":[1,1],"offset":[0,0],"center":[0,0],"rotation":0,"wrap":[1000,1000],"format":1023,"internalFormat":null,"type":1009,"colorSpace":"srgb","minFilter":1008,"magFilter":1006,"anisotropy":1,"flipY":false,"generateMipmaps":true,"premultiplyAlpha":false,"unpackAlignment":4,"userData":{"mimeType":"image/jpeg"}},{"uuid":"3b05af4a-4a8e-43c1-8575-5b496e440dbf","name":"3d66Model-1577993-files-12","image":"1af005d7-9fd4-4a52-b3d7-a07c432c420f","mapping":300,"channel":0,"repeat":[1,1],"offset":[0,0],"center":[0,0],"rotation":0,"wrap":[1000,1000],"format":1023,"internalFormat":null,"type":1009,"colorSpace":"srgb","minFilter":1008,"magFilter":1006,"anisotropy":1,"flipY":false,"generateMipmaps":true,"premultiplyAlpha":false,"unpackAlignment":4,"userData":{"mimeType":"image/jpeg"}},{"uuid":"6d3ab26f-a3fc-403f-9d2b-b49fd949b84d","name":"3d66Model-1577993-files-15","image":"c45eb411-c82c-4a7a-95a8-b20187f6df38","mapping":300,"channel":0,"repeat":[1,1],"offset":[0,0],"center":[0,0],"rotation":0,"wrap":[1000,1000],"format":1023,"internalFormat":null,"type":1009,"colorSpace":"srgb","minFilter":1008,"magFilter":1006,"anisotropy":1,"flipY":false,"generateMipmaps":true,"premultiplyAlpha":false,"unpackAlignment":4,"userData":{"mimeType":"image/jpeg"}},{"uuid":"ace288a7-e20a-43f6-84a2-5a731dcdca23","name":"3d66Model-1577993-files-17","image":"f4264143-6549-49c8-a958-65df93aeb65d","mapping":300,"channel":0,"repeat":[1,1],"offset":[0,0],"center":[0,0],"rotation":0,"wrap":[1000,1000],"format":1023,"internalFormat":null,"type":1009,"colorSpace":"srgb","minFilter":1008,"magFilter":1006,"anisotropy":1,"flipY":false,"generateMipmaps":true,"premultiplyAlpha":false,"unpackAlignment":4,"userData":{"mimeType":"image/jpeg"}}],"materials":[{"uuid":"1a2aac61-4443-49ab-8bda-f2cc10b836ea","type":"MeshStandardMaterial","name":"Mat3d66-1577993-23-7916","color":16777215,"roughness":0.858578622341156,"metalness":0,"emissive":0,"map":"fef8fd28-cee5-45b2-b0fd-eb627a5079ed","envMapRotation":[0,0,0,"XYZ"],"envMapIntensity":1,"side":2,"blendColor":0},{"uuid":"710ac229-a4ce-4b43-8a01-8bef34ed9236","type":"MeshStandardMaterial","name":"Mat3d66-1577993-3-1257","color":8686998,"roughness":0.49637389183044434,"metalness":0,"emissive":0,"envMapRotation":[0,0,0,"XYZ"],"envMapIntensity":1,"side":2,"opacity":0.9448819160461426,"transparent":true,"blendColor":0,"depthWrite":false},{"uuid":"0be51f47-a4f1-45bd-a065-d82ad4597c7d","type":"MeshStandardMaterial","name":"Mat3d66-1577993-6-9835","color":16777215,"roughness":0.693224310874939,"metalness":0,"emissive":0,"map":"9b78cf9f-ecc9-432e-8b56-e197f5372743","envMapRotation":[0,0,0,"XYZ"],"envMapIntensity":1,"side":2,"blendColor":0},{"uuid":"dbe2eb9b-2269-49eb-b6ed-9aeb9aa99ecd","type":"MeshStandardMaterial","name":"Mat3d66-1577993-16-7587","color":16777215,"roughness":1,"metalness":0,"emissive":0,"map":"3b05af4a-4a8e-43c1-8575-5b496e440dbf","envMapRotation":[0,0,0,"XYZ"],"envMapIntensity":1,"side":2,"blendColor":0},{"uuid":"32cce9a0-9523-48f1-b6c8-e60abb270c26","type":"MeshStandardMaterial","name":"Mat3d66-1577993-8-7818","color":16777215,"roughness":0.858578622341156,"metalness":0,"emissive":0,"map":"6d3ab26f-a3fc-403f-9d2b-b49fd949b84d","envMapRotation":[0,0,0,"XYZ"],"envMapIntensity":1,"side":2,"blendColor":0},{"uuid":"ab9c407e-1d1e-4f0b-870b-3cf10aaea5ff","type":"MeshStandardMaterial","name":"Mat3d66-1577993-4-8819","color":16777215,"roughness":1,"metalness":0,"emissive":0,"map":"ace288a7-e20a-43f6-84a2-5a731dcdca23","envMapRotation":[0,0,0,"XYZ"],"envMapIntensity":1,"side":2,"blendColor":0}]}