{"metadata":{},"camera":{"metadata":{"version":4.6,"type":"Object","generator":"Astral.Object3D.toJSON"},"object":{"uuid":"acd2b559-855a-4b9b-b439-2e78fa69571e","type":"PerspectiveCamera","name":"默认相机","layers":1,"matrix":[0.8050192985643116,-1.3877787807814455e-17,0.5932486232087044,0,0.18433552039944082,0.9505007686652249,-0.25013737162983757,0,-0.5638832723694602,0.31072220513960086,0.765171462075719,0,-1.1405064022555849,0.6284645806135837,1.5476305009963762,1],"up":[0,1,0],"fov":50,"zoom":1,"near":0.01,"far":100000,"focus":10,"aspect":1.4182174338883449,"filmGauge":35,"filmOffset":0}},"scene":{"metadata":{"version":4.6,"type":"Object","generator":"Astral.Object3D.toJSON"},"textures":[{"uuid":"51d3e391-2a01-424a-8230-dbd1026c7708","name":"","image":"15d47ced-230b-4237-a8ba-9bee5f2fa669","mapping":303,"channel":0,"repeat":[1,1],"offset":[0,0],"center":[0,0],"rotation":0,"wrap":[1001,1001],"format":1023,"internalFormat":null,"type":1016,"colorSpace":"srgb-linear","minFilter":1006,"magFilter":1006,"anisotropy":1,"flipY":true,"generateMipmaps":false,"premultiplyAlpha":false,"unpackAlignment":1},{"uuid":"05a11044-a4dd-49af-9aa2-bb86f3eef153","name":"","image":"15d47ced-230b-4237-a8ba-9bee5f2fa669","mapping":303,"channel":0,"repeat":[1,1],"offset":[0,0],"center":[0,0],"rotation":0,"wrap":[1001,1001],"format":1023,"internalFormat":null,"type":1016,"colorSpace":"srgb-linear","minFilter":1006,"magFilter":1006,"anisotropy":1,"flipY":true,"generateMipmaps":false,"premultiplyAlpha":false,"unpackAlignment":1}],"images":["Uint16Array!2048!1024!15d47ced-230b-4237-a8ba-9bee5f2fa669.env"],"object":{"uuid":"a4e9bd2e-4172-43a9-bc3c-6d99498e3214","type":"Scene","name":"默认场景","layers":1,"matrix":[1,0,0,0,0,1,0,0,0,0,1,0,0,0,0,1],"up":[0,1,0],"background":"51d3e391-2a01-424a-8230-dbd1026c7708","environment":"05a11044-a4dd-49af-9aa2-bb86f3eef153","backgroundRotation":[0,0,0,"XYZ"],"environmentRotation":[0,0,0,"XYZ"],"children":["a168330c-f8b3-4e50-b27f-bfa523cb8b64"]}},"scripts":{"a168330c-f8b3-4e50-b27f-bfa523cb8b64":[{"name":"Wolf","source":"/**\n * this指向对应的模型\n * 常用参数：renderer,scene,camera,controls\n * 可调用生命周期：init,start,stop,beforeUpdate,update,afterUpdate,destroy\n * 可调用事件：onKeydown,onKeyup,onPointerdown,onPointerup,onPointermove\n */\nconst anime = new helper.Animation(this);\n\nfunction init() {\n    anime.play(\"01_Run_Armature_0\");\n}\n\nfunction onKeydown(event) {\n    // 按下1则执行 \"01_Run_Armature_0\" 动画,按下2则执行 \"02_walk_Armature_0\" 动画，按下3则执行 \"\"05_site_Armature_0\"\" 动画,\n    switch (event.key) {\n        case \"1\":\n            anime.stop();\n            anime.play(\"02_walk_Armature_0\");\n            break;\n\n        case \"2\":\n            anime.stop();\n            anime.play(\"05_site_Armature_0\");\n            break;\n\n        case \"3\":\n            anime.stop();\n            anime.play(\"01_Run_Armature_0\");\n            break;\n    }\n}\n\nfunction beforeDestroy() {\n    anime.stop();\n}"}],"a4e9bd2e-4172-43a9-bc3c-6d99498e3214":[{"name":"skybox","source":"\n/**\n * this指向对应的模型\n * 常用参数：renderer,scene,camera,controls\n * 可调用生命周期：init,start,stop,beforeUpdate,update,afterUpdate,destroy\n * 可调用事件：onKeydown,onKeyup,onPointerdown,onPointerup,onPointermove\n */\n\nconst DEG2RAD = Math.PI / 180;\nfunction update({ time }) {\n    const t = time * DEG2RAD;\n    scene.backgroundRotation.y = t;\n}\n"}]},"controls":{"state":"{\"enabled\":true,\"minDistance\":2.220446049250313e-16,\"maxDistance\":1.7976931348623157e+308,\"minZoom\":0.01,\"maxZoom\":1.7976931348623157e+308,\"minPolarAngle\":0,\"maxPolarAngle\":3.141592653589793,\"minAzimuthAngle\":-1.7976931348623157e+308,\"maxAzimuthAngle\":1.7976931348623157e+308,\"smoothTime\":0.25,\"draggingSmoothTime\":0.125,\"dollySpeed\":1,\"truckSpeed\":2,\"dollyToCursor\":false,\"verticalDragToForward\":false,\"target\":[0,0,0],\"position\":[-1.1405064022555849,0.6284645806135837,1.5476305009963762],\"zoom\":1,\"focalOffset\":[0,0,0],\"target0\":[0,0,0],\"position0\":[0,5,10],\"zoom0\":1,\"focalOffset0\":[0,0,0]}"},"totalZipNumber":4,"sceneInfo":{"id":"1625472165a17cb2351abf696183a027","sceneType":"其他","sceneName":"Wolf animations","sceneVersion":2,"sceneIntroduction":"动画场景（含脚本）","coverPicture":null,"hasDrawing":0,"zip":"","zipSize":"6.59 MB","exampleSceneId":"b8459a27-64f0-4a2c-8153-ae4be6f27cd2","projectType":0,"delTag":0,"createTime":"2025-05-17T06:54:03.000+00:00","updateTime":"2025-05-17T06:54:03.000+00:00","delTime":null}}