{"metadata":{"version":4.6,"type":"Object","generator":"Astral.Object3D.toJSON"},"object":{"uuid":"d762527b-11e9-46de-bcf8-b2bb97c26f2e","type":"Group","name":"枫树02","userData":{"name":"枫树02"},"layers":1,"matrix":[1,0,0,0,0,1,0,0,0,0,1,0,0,0,0,1],"up":[0,1,0],"children":[{"uuid":"7c8b45ff-b99a-42b4-a43d-2cf9254db8de","type":"Mesh","name":"AM113_029_Fraxinus","layers":1,"matrix":[1,0,0,0,0,1,0,0,0,0,1,0,0,0,0,1],"up":[0,1,0],"geometry":"7dea12a9-a8c7-4a55-a11d-f30ca1c16389","material":"9c47b49d-8c08-45cf-a534-c5415e9de121"},{"uuid":"0b607699-1016-46a8-b83c-f50d757a4a9e","type":"Mesh","name":"AM113_029_Fraxinus_1","layers":1,"matrix":[1,0,0,0,0,1,0,0,0,0,1,0,0,0,0,1],"up":[0,1,0],"geometry":"19753e09-a383-4952-a5b1-04e827915c2e","material":"ab50a27e-cae6-495d-aaf7-c0f6dd47c245"}]},"geometries":[],"images":["236d10cc-e4a1-49cc-8f9e-6cfe046736b0.png","ff43534e-2e66-42e9-a1ea-a69695f955b4.png"],"textures":[],"materials":[]}