{"metadata":{"version":4.6,"type":"Object","generator":"Astral.Object3D.toJSON"},"object":{"uuid":"49e923f3-d454-489d-8a60-4b4b382a27ca","type":"Object3D","name":"道路03_1","userData":{"name":"道路03"},"layers":1,"matrix":[1,0,0,0,0,1,0,0,0,0,1,0,0,0,0,1],"up":[0,1,0],"children":[{"uuid":"d02c9f57-a498-4d20-a8e9-8cc3d4447b89","type":"Mesh","name":"Obj3d66-1664118-29-836013","userData":{"name":"Obj3d66-1664118-29-836013"},"layers":1,"matrix":[1,0,0,0,0,1,0,0,0,0,1,0,0,0,0,1],"up":[0,1,0],"geometry":"00d92b9c-3e94-4418-ac93-7372f349c590","material":"092f1f70-6cb2-418a-a4b8-bae82b59f5f4"},{"uuid":"90b9b601-c412-4e3f-91e3-bf96a17e13f8","type":"Mesh","name":"Obj3d66-1664118-29-836013_1","userData":{"name":"Obj3d66-1664118-29-836013_1"},"layers":1,"matrix":[1,0,0,0,0,1,0,0,0,0,1,0,0,0,0,1],"up":[0,1,0],"geometry":"343c35f8-c12b-4e88-bd63-26cf89811f82","material":"76843833-46e6-48d6-b51b-af7eb3211372"},{"uuid":"c987a81b-87ea-4d98-bf4f-4d5cc9bf9220","type":"Mesh","name":"Obj3d66-1664118-29-836013_2","userData":{"name":"Obj3d66-1664118-29-836013_2"},"layers":1,"matrix":[1,0,0,0,0,1,0,0,0,0,1,0,0,0,0,1],"up":[0,1,0],"geometry":"51002664-376b-417d-9eb3-14b62a4b4d5e","material":"80e0b1aa-c38e-4cc7-a029-3c9d14f05d50"},{"uuid":"e2231bfe-e35f-469d-b160-dd7a0fc5f460","type":"Mesh","name":"Obj3d66-1664118-29-836013_3","userData":{"name":"Obj3d66-1664118-29-836013_3"},"layers":1,"matrix":[1,0,0,0,0,1,0,0,0,0,1,0,0,0,0,1],"up":[0,1,0],"geometry":"981436a4-bbe7-4e27-a84c-ccb72fe45288","material":"0d0acbcd-d742-48b5-8a07-19bd8fab45c0"},{"uuid":"6afa0348-1306-479a-b87d-5d0e1d77851a","type":"Mesh","name":"Obj3d66-1664118-29-836013_4","userData":{"name":"Obj3d66-1664118-29-836013_4"},"layers":1,"matrix":[1,0,0,0,0,1,0,0,0,0,1,0,0,0,0,1],"up":[0,1,0],"geometry":"237f7eae-3c83-4cb8-9d30-d579aaeb7c14","material":"223b32b9-4c41-450b-abfc-b7a7bb9b2371"},{"uuid":"72acb18f-4436-487e-9863-8a5dc5be3941","type":"Mesh","name":"白桦树","userData":{"name":"Obj3d66-1664118-29-836013_5"},"layers":1,"matrix":[1,0,0,0,0,1,0,0,0,0,1,0,0,0,0,1],"up":[0,1,0],"geometry":"c7666e0e-e1a6-416a-89b5-79a0fb8575ae","material":"7a41f358-d664-4ce4-8eb8-499bdf341710"}]},"geometries":[],"images":["3384afe7-6f45-4892-9cc6-081b1594bd82.png","df8eb9e9-a78e-4338-bdd5-d04fa0e66127.png","4af369cd-9d5b-4224-82de-37e8c1d2d6ad.png","ef41dabd-100b-4498-af7c-7b5d654ce7f6.png"],"textures":[],"materials":[]}