{"metadata":{"version":4.6,"type":"Object","generator":"Astral.Object3D.toJSON"},"object":{"uuid":"a21af092-0d05-4f3a-a0f7-0278a7937591","type":"Group","name":"轿车08","userData":{"name":"轿车08"},"layers":1,"matrix":[1,0,0,0,0,1,0,0,0,0,1,0,0,0,0,1],"up":[0,1,0],"children":[{"uuid":"37ee493a-5e09-498b-8707-8732fd916647","type":"Mesh","name":"Obj3d66-1177872-16-61","layers":1,"matrix":[1,0,0,0,0,1,0,0,0,0,1,0,0,0,0,1],"up":[0,1,0],"geometry":"18592ba7-8505-45eb-8258-632df78c8fbd","material":"72436ecc-36fd-4e10-a858-b0a89eb45cf7"},{"uuid":"f73f16a4-7b6d-4bed-a321-c7b8e28948a4","type":"Mesh","name":"Obj3d66-1177872-16-61_1","layers":1,"matrix":[1,0,0,0,0,1,0,0,0,0,1,0,0,0,0,1],"up":[0,1,0],"geometry":"10e6b298-95fb-41ef-8921-01f258649b31","material":"a414be4e-28fc-4cfe-b4b9-c40a61b14c44"},{"uuid":"91ee0706-86b9-4f81-b8d5-607b32c4f4e3","type":"Mesh","name":"Obj3d66-1177872-16-61_2","layers":1,"matrix":[1,0,0,0,0,1,0,0,0,0,1,0,0,0,0,1],"up":[0,1,0],"geometry":"c71b3c20-60ea-4621-8a10-de646da35bf2","material":"5cfffd36-2f60-4dcd-a932-fecec6d64560"},{"uuid":"8326e9ec-6e49-443b-bbe7-d92941fe4032","type":"Mesh","name":"Obj3d66-1177872-16-61_3","layers":1,"matrix":[1,0,0,0,0,1,0,0,0,0,1,0,0,0,0,1],"up":[0,1,0],"geometry":"d66015fd-07c3-448c-a652-ee225f25bd01","material":"bd2e9c44-39ed-4eeb-aa3e-93baaddadb07"},{"uuid":"be4297e2-62b8-46d4-a52e-80449c29c25e","type":"Mesh","name":"Obj3d66-1177872-16-61_4","layers":1,"matrix":[1,0,0,0,0,1,0,0,0,0,1,0,0,0,0,1],"up":[0,1,0],"geometry":"867c3460-f61e-4b1a-a09f-23aad013e458","material":"f6e4ea61-7aee-4802-af61-a5bbe79f144a"},{"uuid":"1524ddfa-8c03-4576-832b-904d547d6f91","type":"Mesh","name":"Obj3d66-1177872-16-61_5","layers":1,"matrix":[1,0,0,0,0,1,0,0,0,0,1,0,0,0,0,1],"up":[0,1,0],"geometry":"16bc72f9-eea7-4a56-9409-512518e85d7f","material":"e476a3ae-7023-4187-9411-99a3e7efc615"},{"uuid":"3936b68e-c4b2-44f9-8302-e256d0722bc7","type":"Mesh","name":"Obj3d66-1177872-16-61_6","layers":1,"matrix":[1,0,0,0,0,1,0,0,0,0,1,0,0,0,0,1],"up":[0,1,0],"geometry":"6d8e156d-eaf1-48e7-a3c4-f4d878631783","material":"6caff327-bfec-4dbf-9cc2-11d6cdce9f0f"},{"uuid":"0325875b-52c0-407d-b024-507ee52b2cf0","type":"Mesh","name":"Obj3d66-1177872-16-61_7","layers":1,"matrix":[1,0,0,0,0,1,0,0,0,0,1,0,0,0,0,1],"up":[0,1,0],"geometry":"ca92833e-ae11-436a-96ba-ce3fda0751b8","material":"7d0437b1-4563-4ce2-85c3-f6b1aee2d904"},{"uuid":"59deff99-7917-4b21-93b9-95511bce6a7e","type":"Mesh","name":"Obj3d66-1177872-16-61_8","layers":1,"matrix":[1,0,0,0,0,1,0,0,0,0,1,0,0,0,0,1],"up":[0,1,0],"geometry":"a6f007d4-ebef-499a-90b1-2ba61c1e7832","material":"4086cf0f-f69d-468a-98dd-fb495013a46b"},{"uuid":"d994864e-9cfc-486b-b4f7-baffbd7e15cb","type":"Mesh","name":"Obj3d66-1177872-16-61_9","layers":1,"matrix":[1,0,0,0,0,1,0,0,0,0,1,0,0,0,0,1],"up":[0,1,0],"geometry":"ec8b1262-c56b-4cb3-9f9b-da1e1871f6a8","material":"eed569c3-ffba-4b88-96f9-81a0fb2989d6"},{"uuid":"4c059bd0-307d-469e-9561-24e4ca9a4f1f","type":"Mesh","name":"Obj3d66-1177872-16-61_10","layers":1,"matrix":[1,0,0,0,0,1,0,0,0,0,1,0,0,0,0,1],"up":[0,1,0],"geometry":"928e4342-3bf1-4b74-bf79-dad672cef99b","material":"dc3b0015-1ea8-4505-ace1-f7a6f774b7df"},{"uuid":"dfd18d96-de88-4b26-95db-d53b0ff7a795","type":"Mesh","name":"Obj3d66-1177872-16-61_11","layers":1,"matrix":[1,0,0,0,0,1,0,0,0,0,1,0,0,0,0,1],"up":[0,1,0],"geometry":"5ee3fae2-410d-44d8-8443-c598cff09a28","material":"1c333720-9de9-4b7a-bdc7-52c42513652c"},{"uuid":"52d2b9c1-7537-4256-b5fb-704c8bab9cdc","type":"Mesh","name":"Obj3d66-1177872-16-61_12","layers":1,"matrix":[1,0,0,0,0,1,0,0,0,0,1,0,0,0,0,1],"up":[0,1,0],"geometry":"6fb79707-812a-4a6f-a0b8-1e7842347b36","material":"eeec09e7-a09d-44eb-8283-e3ed50dc842e"}]},"geometries":[],"images":["2f336148-170e-43e6-83df-300fd7996002.png","411556ac-5199-4106-942f-de60ba44aa3b.png"],"textures":[{"uuid":"4251601d-a994-4ee2-9d85-4731dbdc93bd","name":"3d66Model-1177872-files-8","image":"2f336148-170e-43e6-83df-300fd7996002","mapping":300,"channel":0,"repeat":[1,1],"offset":[0,0],"center":[0,0],"rotation":0,"wrap":[1000,1000],"format":1023,"internalFormat":null,"type":1009,"colorSpace":"srgb","minFilter":1008,"magFilter":1006,"anisotropy":1,"flipY":false,"generateMipmaps":true,"premultiplyAlpha":false,"unpackAlignment":4,"userData":{"mimeType":"image/jpeg"}},{"uuid":"94394a3c-981b-4b05-bfe2-2a59fdd539a1","name":"3d66Model-1177872-files-9","image":"411556ac-5199-4106-942f-de60ba44aa3b","mapping":300,"channel":0,"repeat":[1,1],"offset":[0,0],"center":[0,0],"rotation":0,"wrap":[1000,1000],"format":1023,"internalFormat":null,"type":1009,"colorSpace":"","minFilter":1008,"magFilter":1006,"anisotropy":1,"flipY":false,"generateMipmaps":true,"premultiplyAlpha":false,"unpackAlignment":4,"userData":{"mimeType":"image/jpeg"}}],"materials":[{"uuid":"72436ecc-36fd-4e10-a858-b0a89eb45cf7","type":"MeshStandardMaterial","name":"vm_v7_016_carpaint","color":16758272,"roughness":0.5,"metalness":0,"emissive":0,"envMapRotation":[0,0,0,"XYZ"],"envMapIntensity":1,"side":2,"blendColor":0},{"uuid":"a414be4e-28fc-4cfe-b4b9-c40a61b14c44","type":"MeshStandardMaterial","name":"vm_v7_016_aluminum","color":14474460,"roughness":0.5,"metalness":0,"emissive":0,"envMapRotation":[0,0,0,"XYZ"],"envMapIntensity":1,"side":2,"blendColor":0},{"uuid":"5cfffd36-2f60-4dcd-a932-fecec6d64560","type":"MeshStandardMaterial","name":"vm_v7_016_plastic","color":5460819,"roughness":0.5,"metalness":0,"emissive":0,"envMapRotation":[0,0,0,"XYZ"],"envMapIntensity":1,"side":2,"blendColor":0},{"uuid":"bd2e9c44-39ed-4eeb-aa3e-93baaddadb07","type":"MeshStandardMaterial","name":"vm_v7_016_glass","color":0,"roughness":0.5,"metalness":0,"emissive":0,"envMapRotation":[0,0,0,"XYZ"],"envMapIntensity":1,"side":2,"blendColor":0},{"uuid":"f6e4ea61-7aee-4802-af61-a5bbe79f144a","type":"MeshStandardMaterial","name":"vm_v7_016_black","color":0,"roughness":0.5,"metalness":0,"emissive":0,"envMapRotation":[0,0,0,"XYZ"],"envMapIntensity":1,"side":2,"blendColor":0},{"uuid":"e476a3ae-7023-4187-9411-99a3e7efc615","type":"MeshStandardMaterial","name":"vm_v7_016_chrome","color":14474460,"roughness":0.5,"metalness":0,"emissive":0,"envMapRotation":[0,0,0,"XYZ"],"envMapIntensity":1,"side":2,"blendColor":0},{"uuid":"6caff327-bfec-4dbf-9cc2-11d6cdce9f0f","type":"MeshStandardMaterial","name":"vm_v7_016_glassred","color":0,"roughness":0.5,"metalness":0,"emissive":0,"envMapRotation":[0,0,0,"XYZ"],"envMapIntensity":1,"side":2,"blendColor":0},{"uuid":"7d0437b1-4563-4ce2-85c3-f6b1aee2d904","type":"MeshStandardMaterial","name":"vm_v7_016_plate","color":16777215,"roughness":0.5,"metalness":0,"emissive":0,"map":"4251601d-a994-4ee2-9d85-4731dbdc93bd","normalMap":"94394a3c-981b-4b05-bfe2-2a59fdd539a1","normalMapType":0,"normalScale":[1,-1],"envMapRotation":[0,0,0,"XYZ"],"envMapIntensity":1,"side":2,"blendColor":0},{"uuid":"4086cf0f-f69d-468a-98dd-fb495013a46b","type":"MeshStandardMaterial","name":"vm_v7_016_tire_tread","color":4802889,"roughness":0.5,"metalness":0,"emissive":0,"envMapRotation":[0,0,0,"XYZ"],"envMapIntensity":1,"side":2,"blendColor":0},{"uuid":"eed569c3-ffba-4b88-96f9-81a0fb2989d6","type":"MeshStandardMaterial","name":"vm_v7_016_sidewall","color":4802889,"roughness":1,"metalness":0,"emissive":0,"envMapRotation":[0,0,0,"XYZ"],"envMapIntensity":1,"side":2,"blendColor":0},{"uuid":"dc3b0015-1ea8-4505-ace1-f7a6f774b7df","type":"MeshStandardMaterial","name":"vm_v7_016_carpaint2","color":12369084,"roughness":0.5,"metalness":0,"emissive":0,"envMapRotation":[0,0,0,"XYZ"],"envMapIntensity":1,"side":2,"blendColor":0},{"uuid":"1c333720-9de9-4b7a-bdc7-52c42513652c","type":"MeshStandardMaterial","name":"vm_v7_016_brakedisc","color":12369084,"roughness":0.5,"metalness":0,"emissive":0,"envMapRotation":[0,0,0,"XYZ"],"envMapIntensity":1,"side":2,"blendColor":0},{"uuid":"eeec09e7-a09d-44eb-8283-e3ed50dc842e","type":"MeshStandardMaterial","name":"vm_v7_016_brakecaliper","color":13303808,"roughness":0.5,"metalness":0,"emissive":0,"envMapRotation":[0,0,0,"XYZ"],"envMapIntensity":1,"side":2,"blendColor":0}]}