{"metadata":{"version":4.6,"type":"Object","generator":"Astral.Object3D.toJSON"},"object":{"uuid":"bc1d406c-7834-43fc-8378-4cd1b0d947f5","type":"Object3D","name":"住宅楼12_1","userData":{"name":"住宅楼12"},"layers":1,"matrix":[1,0,0,0,0,1,0,0,0,0,1,0,0,0,0,1],"up":[0,1,0],"children":[{"uuid":"31eed829-923c-4c75-90c1-11d4b9a96c7d","type":"Mesh","name":"网格398","userData":{"name":"网格398"},"layers":1,"matrix":[1,0,0,0,0,1,0,0,0,0,1,0,0,0,0,1],"up":[0,1,0],"geometry":"f64ef5de-69b7-4e3c-9b52-53cc6ff12e47","material":"5312b380-9804-41b1-94c2-877b0c0e88cc"},{"uuid":"84cef239-6aa0-4378-914e-4c09205e7a61","type":"Mesh","name":"网格398_1","userData":{"name":"网格398_1"},"layers":1,"matrix":[1,0,0,0,0,1,0,0,0,0,1,0,0,0,0,1],"up":[0,1,0],"geometry":"64e9ec39-dc00-4f10-89fe-250ceed326eb","material":"05cb1aeb-9f65-4e5a-afa2-90a67dbab2c3"},{"uuid":"76cbad83-4f5d-444e-877a-64e9b7ea90fb","type":"Mesh","name":"网格398_2","userData":{"name":"网格398_2"},"layers":1,"matrix":[1,0,0,0,0,1,0,0,0,0,1,0,0,0,0,1],"up":[0,1,0],"geometry":"b6e35f3c-9d03-4319-bbcb-d5fb58a042ce","material":"54bd5db8-5cf2-426d-a5ea-fae6bf2a39eb"},{"uuid":"b8049051-2a48-43af-889f-af5a13a18f7f","type":"Mesh","name":"网格398_3","userData":{"name":"网格398_3"},"layers":1,"matrix":[1,0,0,0,0,1,0,0,0,0,1,0,0,0,0,1],"up":[0,1,0],"geometry":"0082a035-930c-4db1-9b2a-a2c9f5ac8b02","material":"0dccfb23-081c-4a58-b929-07c7c377d67e"},{"uuid":"78566c85-159e-46f0-945a-803fb985db13","type":"Mesh","name":"网格398_4","userData":{"name":"网格398_4"},"layers":1,"matrix":[1,0,0,0,0,1,0,0,0,0,1,0,0,0,0,1],"up":[0,1,0],"geometry":"0e788acc-9fe3-4c01-8fa8-54c53a8bb059","material":"29f6e538-2c41-45bd-b9e1-67384e45a122"},{"uuid":"97cc7aec-89d3-4ee6-838a-992b38c30c51","type":"Mesh","name":"网格398_5","userData":{"name":"网格398_5"},"layers":1,"matrix":[1,0,0,0,0,1,0,0,0,0,1,0,0,0,0,1],"up":[0,1,0],"geometry":"489866b8-ef0a-4096-abb0-f97b534b6c44","material":"244967e8-4e9a-4e9e-b7cc-5d0d3f92b6b3"},{"uuid":"66ad9041-d8b9-4db9-a403-2f6a43f0caf1","type":"Mesh","name":"网格398_6","userData":{"name":"网格398_6"},"layers":1,"matrix":[1,0,0,0,0,1,0,0,0,0,1,0,0,0,0,1],"up":[0,1,0],"geometry":"57978f93-31c6-4bce-96b5-b8f6e794d94b","material":"e8c34b6f-06e7-4d1d-9667-13f9cd653b02"},{"uuid":"2b25f38c-69e2-409b-99a5-cffae62fcb92","type":"Mesh","name":"网格398_7","userData":{"name":"网格398_7"},"layers":1,"matrix":[1,0,0,0,0,1,0,0,0,0,1,0,0,0,0,1],"up":[0,1,0],"geometry":"1cf8ddb3-6a26-4bcd-8131-51be2d3aed65","material":"8dace82e-989e-40f0-9356-d5977c76bf59"},{"uuid":"ee5bc22b-461e-4942-bcee-e57751fb8b9c","type":"Mesh","name":"网格398_8","userData":{"name":"网格398_8"},"layers":1,"matrix":[1,0,0,0,0,1,0,0,0,0,1,0,0,0,0,1],"up":[0,1,0],"geometry":"0e1fe35c-8ddb-42fe-9ee0-a6ade881914c","material":"966ecea0-696a-4d08-8965-fe2c1651beaf"},{"uuid":"e753983a-a1d4-4940-8255-c4fbac7d456d","type":"Mesh","name":"网格398_9","userData":{"name":"网格398_9"},"layers":1,"matrix":[1,0,0,0,0,1,0,0,0,0,1,0,0,0,0,1],"up":[0,1,0],"geometry":"3095c2e8-6f68-4c9c-ac40-8f22dd5fe151","material":"9c7fd058-e291-45c4-a888-bda8c1865f0c"},{"uuid":"17b8f6ee-4c93-416d-887b-18278892d20e","type":"Mesh","name":"网格398_10","userData":{"name":"网格398_10"},"layers":1,"matrix":[1,0,0,0,0,1,0,0,0,0,1,0,0,0,0,1],"up":[0,1,0],"geometry":"8716b430-ca1c-4b04-8c68-c93274bf2b8c","material":"a1e8fc78-821e-4937-aa99-25ba31851515"}]},"geometries":[],"images":["faab877f-d425-4ed0-8fa7-c0483478b482.png","89c58d0e-b662-4dd7-a1e9-5a68fdb16941.png","94f84963-752e-4718-a540-5b499584281b.png","bd676e8d-b31e-4b7e-9a1b-4794af5090b2.png","93c4d76c-b0f8-4586-aee2-b8dd3c1e5845.png","787dda24-095b-42e4-9399-a6493d7e2bb2.png","3a71e166-1514-43df-962b-253282f809ac.png"],"textures":[{"uuid":"1c5de62e-dcc4-4fdd-b78e-0b8ff0a8fb2a","name":"3d66Model-1577993-files-2","image":"faab877f-d425-4ed0-8fa7-c0483478b482","mapping":300,"channel":0,"repeat":[1,1],"offset":[0,0],"center":[0,0],"rotation":0,"wrap":[1000,1000],"format":1023,"internalFormat":null,"type":1009,"colorSpace":"srgb","minFilter":1008,"magFilter":1006,"anisotropy":1,"flipY":false,"generateMipmaps":true,"premultiplyAlpha":false,"unpackAlignment":4,"userData":{"mimeType":"image/jpeg"}},{"uuid":"3c3cb0a9-8e60-4d22-ab6b-d81dbd940d61","name":"3d66Model-1577993-files-19","image":"89c58d0e-b662-4dd7-a1e9-5a68fdb16941","mapping":300,"channel":0,"repeat":[1,1],"offset":[0,0],"center":[0,0],"rotation":0,"wrap":[1000,1000],"format":1023,"internalFormat":null,"type":1009,"colorSpace":"srgb","minFilter":1008,"magFilter":1006,"anisotropy":1,"flipY":false,"generateMipmaps":true,"premultiplyAlpha":false,"unpackAlignment":4,"userData":{"mimeType":"image/jpeg"}},{"uuid":"5519e0a8-b71e-4393-a5f6-a00921bc408b","name":"3d66Model-1577993-files-15","image":"94f84963-752e-4718-a540-5b499584281b","mapping":300,"channel":0,"repeat":[1,1],"offset":[0,0],"center":[0,0],"rotation":0,"wrap":[1000,1000],"format":1023,"internalFormat":null,"type":1009,"colorSpace":"srgb","minFilter":1008,"magFilter":1006,"anisotropy":1,"flipY":false,"generateMipmaps":true,"premultiplyAlpha":false,"unpackAlignment":4,"userData":{"mimeType":"image/jpeg"}},{"uuid":"57b88509-6b30-44fb-9ad0-0ebf233f1ad5","name":"3d66Model-1577993-files-13","image":"bd676e8d-b31e-4b7e-9a1b-4794af5090b2","mapping":300,"channel":0,"repeat":[1,1],"offset":[0,0],"center":[0,0],"rotation":0,"wrap":[1000,1000],"format":1023,"internalFormat":null,"type":1009,"colorSpace":"srgb","minFilter":1008,"magFilter":1006,"anisotropy":1,"flipY":false,"generateMipmaps":true,"premultiplyAlpha":false,"unpackAlignment":4,"userData":{"mimeType":"image/jpeg"}},{"uuid":"f00b47b4-6324-4406-8b2c-de945885173e","name":"3d66Model-1577993-files-17","image":"93c4d76c-b0f8-4586-aee2-b8dd3c1e5845","mapping":300,"channel":0,"repeat":[1,1],"offset":[0,0],"center":[0,0],"rotation":0,"wrap":[1000,1000],"format":1023,"internalFormat":null,"type":1009,"colorSpace":"srgb","minFilter":1008,"magFilter":1006,"anisotropy":1,"flipY":false,"generateMipmaps":true,"premultiplyAlpha":false,"unpackAlignment":4,"userData":{"mimeType":"image/jpeg"}},{"uuid":"0d45d52c-3a85-4b9f-bf16-1b9332d6c815","name":"3d66Model-1577993-files-6","image":"787dda24-095b-42e4-9399-a6493d7e2bb2","mapping":300,"channel":0,"repeat":[1,1],"offset":[0,0],"center":[0,0],"rotation":0,"wrap":[1000,1000],"format":1023,"internalFormat":null,"type":1009,"colorSpace":"srgb","minFilter":1008,"magFilter":1006,"anisotropy":1,"flipY":false,"generateMipmaps":true,"premultiplyAlpha":false,"unpackAlignment":4,"userData":{"mimeType":"image/jpeg"}},{"uuid":"0fdc1a81-21bc-4607-b0f7-181ea294190d","name":"3d66Model-1577993-files-12","image":"3a71e166-1514-43df-962b-253282f809ac","mapping":300,"channel":0,"repeat":[1,1],"offset":[0,0],"center":[0,0],"rotation":0,"wrap":[1000,1000],"format":1023,"internalFormat":null,"type":1009,"colorSpace":"srgb","minFilter":1008,"magFilter":1006,"anisotropy":1,"flipY":false,"generateMipmaps":true,"premultiplyAlpha":false,"unpackAlignment":4,"userData":{"mimeType":"image/jpeg"}}],"materials":[{"uuid":"5312b380-9804-41b1-94c2-877b0c0e88cc","type":"MeshStandardMaterial","name":"Mat3d66-1577993-23-7916","color":16777215,"roughness":0.858578622341156,"metalness":0,"emissive":0,"map":"1c5de62e-dcc4-4fdd-b78e-0b8ff0a8fb2a","envMapRotation":[0,0,0,"XYZ"],"envMapIntensity":1,"side":2,"blendColor":0},{"uuid":"05cb1aeb-9f65-4e5a-afa2-90a67dbab2c3","type":"MeshStandardMaterial","name":"Mat3d66-1577993-21-8593","color":16777215,"roughness":0.858578622341156,"metalness":0,"emissive":0,"map":"3c3cb0a9-8e60-4d22-ab6b-d81dbd940d61","envMapRotation":[0,0,0,"XYZ"],"envMapIntensity":1,"side":2,"blendColor":0},{"uuid":"54bd5db8-5cf2-426d-a5ea-fae6bf2a39eb","type":"MeshStandardMaterial","name":"Mat3d66-1577993-10-9211","color":7906723,"roughness":1,"metalness":0,"emissive":0,"envMapRotation":[0,0,0,"XYZ"],"envMapIntensity":1,"side":2,"blendColor":0},{"uuid":"0dccfb23-081c-4a58-b929-07c7c377d67e","type":"MeshStandardMaterial","name":"Mat3d66-1577993-5-2090","color":7566195,"roughness":0.5121219158172607,"metalness":0,"emissive":0,"envMapRotation":[0,0,0,"XYZ"],"envMapIntensity":1,"side":2,"blendColor":0},{"uuid":"29f6e538-2c41-45bd-b9e1-67384e45a122","type":"MeshStandardMaterial","name":"Mat3d66-1577993-3-1257","color":8686998,"roughness":0.49637389183044434,"metalness":0,"emissive":0,"envMapRotation":[0,0,0,"XYZ"],"envMapIntensity":1,"side":2,"opacity":0.9448819160461426,"transparent":true,"blendColor":0,"depthWrite":false},{"uuid":"244967e8-4e9a-4e9e-b7cc-5d0d3f92b6b3","type":"MeshStandardMaterial","name":"Mat3d66-1577993-8-7818","color":16777215,"roughness":0.858578622341156,"metalness":0,"emissive":0,"map":"5519e0a8-b71e-4393-a5f6-a00921bc408b","envMapRotation":[0,0,0,"XYZ"],"envMapIntensity":1,"side":2,"blendColor":0},{"uuid":"e8c34b6f-06e7-4d1d-9667-13f9cd653b02","type":"MeshStandardMaterial","name":"Mat3d66-1577993-1-9524","color":16777215,"roughness":0.5433070659637451,"metalness":0,"emissive":0,"map":"57b88509-6b30-44fb-9ad0-0ebf233f1ad5","envMapRotation":[0,0,0,"XYZ"],"envMapIntensity":1,"side":2,"blendColor":0},{"uuid":"8dace82e-989e-40f0-9356-d5977c76bf59","type":"MeshStandardMaterial","name":"Mat3d66-1577993-7-1903","color":15989247,"roughness":0.5514919757843018,"metalness":0.10236220806837082,"emissive":0,"envMapRotation":[0,0,0,"XYZ"],"envMapIntensity":1,"side":2,"blendColor":0},{"uuid":"966ecea0-696a-4d08-8965-fe2c1651beaf","type":"MeshStandardMaterial","name":"Mat3d66-1577993-4-8819","color":16777215,"roughness":1,"metalness":0,"emissive":0,"map":"f00b47b4-6324-4406-8b2c-de945885173e","envMapRotation":[0,0,0,"XYZ"],"envMapIntensity":1,"side":2,"blendColor":0},{"uuid":"9c7fd058-e291-45c4-a888-bda8c1865f0c","type":"MeshStandardMaterial","name":"Mat3d66-1577993-22-1201","color":16777215,"roughness":0.858578622341156,"metalness":0,"emissive":0,"map":"0d45d52c-3a85-4b9f-bf16-1b9332d6c815","envMapRotation":[0,0,0,"XYZ"],"envMapIntensity":1,"side":2,"blendColor":0},{"uuid":"a1e8fc78-821e-4937-aa99-25ba31851515","type":"MeshStandardMaterial","name":"Mat3d66-1577993-16-7587","color":16777215,"roughness":1,"metalness":0,"emissive":0,"map":"0fdc1a81-21bc-4607-b0f7-181ea294190d","envMapRotation":[0,0,0,"XYZ"],"envMapIntensity":1,"side":2,"blendColor":0}]}