{"metadata":{"version":4.6,"type":"Object","generator":"Astral.Object3D.toJSON"},"object":{"uuid":"4faa6878-93ea-49d7-a715-211cdf7c44a4","type":"Object3D","name":"道路05_3","userData":{"name":"道路05"},"layers":1,"matrix":[1,0,0,0,0,1,0,0,0,0,1,0,0,0,0,1],"up":[0,1,0],"children":[{"uuid":"ab2d56e6-2eac-4385-a1bf-37b22d6cff21","type":"Mesh","name":"Obj3d66-1664118-29-836011_1","userData":{"name":"Obj3d66-1664118-29-836011"},"layers":1,"matrix":[1,0,0,0,0,1,0,0,0,0,1,0,0,0,0,1],"up":[0,1,0],"geometry":"e6ea3a85-2e46-43be-b8cf-2dc789d42e3d","material":"3917dd94-00f3-4bc3-98a7-3e9bdf7e9337"},{"uuid":"aa0f5e02-8e9c-48d3-b8dd-1f2d299643eb","type":"Mesh","name":"Obj3d66-1664118-29-836011_1_1","userData":{"name":"Obj3d66-1664118-29-836011_1"},"layers":1,"matrix":[1,0,0,0,0,1,0,0,0,0,1,0,0,0,0,1],"up":[0,1,0],"geometry":"1ffc69ea-678b-4663-8bc1-f82ce07cb441","material":"0dc20850-a791-4819-b541-18d2dd3fdf25"},{"uuid":"96f74213-bc92-406f-b045-a284aacbc13e","type":"Mesh","name":"Obj3d66-1664118-29-836011_2_1","userData":{"name":"Obj3d66-1664118-29-836011_2"},"layers":1,"matrix":[1,0,0,0,0,1,0,0,0,0,1,0,0,0,0,1],"up":[0,1,0],"geometry":"06be28c6-16a3-4f0c-92e8-fdc38c860889","material":"6ee0bbf7-40de-475a-98f1-3261b6993ce0"},{"uuid":"bd1a8eb8-d123-4933-8834-dccf3b651262","type":"Mesh","name":"Obj3d66-1664118-29-836011_3_1","userData":{"name":"Obj3d66-1664118-29-836011_3"},"layers":1,"matrix":[1,0,0,0,0,1,0,0,0,0,1,0,0,0,0,1],"up":[0,1,0],"geometry":"ec10d73c-ad7f-4062-ba31-c2a35ad7b16c","material":"24b63cbc-e94e-4236-8aec-f5af7481d523"},{"uuid":"7cd14917-f3d2-4698-8c4e-71a9858ba1f2","type":"Mesh","name":"Obj3d66-1664118-29-836011_4_1","userData":{"name":"Obj3d66-1664118-29-836011_4"},"layers":1,"matrix":[1,0,0,0,0,1,0,0,0,0,1,0,0,0,0,1],"up":[0,1,0],"geometry":"6cf31379-61e5-4ca5-afd9-b70becd0a7d8","material":"544900f1-2a9e-4dbf-9dc9-8c8039bdeaa2"},{"uuid":"aef647d0-b1f0-484c-a632-7fafd251a10a","type":"Mesh","name":"Obj3d66-1664118-29-836011_5_1","userData":{"name":"Obj3d66-1664118-29-836011_5"},"layers":1,"matrix":[1,0,0,0,0,1,0,0,0,0,1,0,0,0,0,1],"up":[0,1,0],"geometry":"44bf8371-d1e1-4c40-bf0a-e0b1f2029788","material":"7f7713fd-0d9d-4469-8f04-cefc5db2c0bb"}]},"geometries":[],"images":["607479cd-d4cc-4d17-a6e9-3e497b7ff0e0.png","50a58e01-e388-4993-a7a2-efc675b5ecee.png","f55f45d3-582e-4f11-87c6-08a1081fc534.png","0e007192-fd4e-4bd9-9c9d-54a5dd53ef93.png"],"textures":[{"uuid":"08e55919-7518-4d2d-a0b7-a38443f11408","name":"Image_0","image":"607479cd-d4cc-4d17-a6e9-3e497b7ff0e0","mapping":300,"channel":0,"repeat":[1,1],"offset":[0,0],"center":[0,0],"rotation":0,"wrap":[1000,1000],"format":1023,"internalFormat":null,"type":1009,"colorSpace":"srgb","minFilter":1008,"magFilter":1006,"anisotropy":1,"flipY":false,"generateMipmaps":true,"premultiplyAlpha":false,"unpackAlignment":4,"userData":{"mimeType":"image/jpeg"}},{"uuid":"23732b05-b1ad-45e2-92e5-f30e650c24df","name":"Image_1","image":"50a58e01-e388-4993-a7a2-efc675b5ecee","mapping":300,"channel":0,"repeat":[1,1],"offset":[0,0],"center":[0,0],"rotation":0,"wrap":[1000,1000],"format":1023,"internalFormat":null,"type":1009,"colorSpace":"srgb","minFilter":1008,"magFilter":1006,"anisotropy":1,"flipY":false,"generateMipmaps":true,"premultiplyAlpha":false,"unpackAlignment":4,"userData":{"mimeType":"image/jpeg"}},{"uuid":"9bae3c0a-ea06-4dab-a1fb-fb51d9412f16","name":"Image_3","image":"f55f45d3-582e-4f11-87c6-08a1081fc534","mapping":300,"channel":0,"repeat":[1,1],"offset":[0,0],"center":[0,0],"rotation":0,"wrap":[1000,1000],"format":1023,"internalFormat":null,"type":1009,"colorSpace":"srgb","minFilter":1008,"magFilter":1006,"anisotropy":1,"flipY":false,"generateMipmaps":true,"premultiplyAlpha":false,"unpackAlignment":4,"userData":{"mimeType":"image/jpeg"}},{"uuid":"e30c291b-c629-4cc0-b8e9-b02721a273f6","name":"Image_4","image":"0e007192-fd4e-4bd9-9c9d-54a5dd53ef93","mapping":300,"channel":0,"repeat":[1,1],"offset":[0,0],"center":[0,0],"rotation":0,"wrap":[1000,1000],"format":1023,"internalFormat":null,"type":1009,"colorSpace":"srgb","minFilter":1008,"magFilter":1006,"anisotropy":1,"flipY":false,"generateMipmaps":true,"premultiplyAlpha":false,"unpackAlignment":4,"userData":{"mimeType":"image/jpeg"}}],"materials":[{"uuid":"3917dd94-00f3-4bc3-98a7-3e9bdf7e9337","type":"MeshStandardMaterial","name":"Mat3d66-1664118-7-4551.004","color":12369084,"roughness":0.7283464670181274,"metalness":0.21259842813014984,"emissive":0,"envMapRotation":[0,0,0,"XYZ"],"envMapIntensity":1,"side":2,"blendColor":0},{"uuid":"0dc20850-a791-4819-b541-18d2dd3fdf25","type":"MeshStandardMaterial","name":"Mat3d66-1664118-3-1555.004","color":16777215,"roughness":1,"metalness":0,"emissive":0,"map":"08e55919-7518-4d2d-a0b7-a38443f11408","envMapRotation":[0,0,0,"XYZ"],"envMapIntensity":1,"side":2,"blendColor":0},{"uuid":"6ee0bbf7-40de-475a-98f1-3261b6993ce0","type":"MeshStandardMaterial","name":"Mat3d66-1664118-4-3660.004","color":16777215,"roughness":1,"metalness":0,"emissive":0,"map":"23732b05-b1ad-45e2-92e5-f30e650c24df","envMapRotation":[0,0,0,"XYZ"],"envMapIntensity":1,"side":2,"blendColor":0},{"uuid":"24b63cbc-e94e-4236-8aec-f5af7481d523","type":"MeshStandardMaterial","name":"Mat3d66-1664118-2-1056.004","color":15198183,"roughness":1,"metalness":0,"emissive":0,"envMapRotation":[0,0,0,"XYZ"],"envMapIntensity":1,"side":2,"blendColor":0},{"uuid":"544900f1-2a9e-4dbf-9dc9-8c8039bdeaa2","type":"MeshStandardMaterial","name":"Mat3d66-1664118-5-9553.004","color":16777215,"roughness":1,"metalness":0,"emissive":0,"map":"9bae3c0a-ea06-4dab-a1fb-fb51d9412f16","envMapRotation":[0,0,0,"XYZ"],"envMapIntensity":1,"side":2,"blendColor":0},{"uuid":"7f7713fd-0d9d-4469-8f04-cefc5db2c0bb","type":"MeshStandardMaterial","name":"Mat3d66-1664118-1-7344.001","color":16777215,"roughness":1,"metalness":0,"emissive":0,"map":"e30c291b-c629-4cc0-b8e9-b02721a273f6","envMapRotation":[0,0,0,"XYZ"],"envMapIntensity":1,"side":2,"blendColor":0}]}