{"metadata":{"version":4.6,"type":"Object","generator":"Astral.Object3D.toJSON"},"object":{"uuid":"6125912f-4e10-4645-b7ca-5d31b692462f","type":"Group","name":"轿车34","userData":{"name":"轿车34"},"layers":1,"matrix":[1,0,0,0,0,1,0,0,0,0,1,0,0,0,0,1],"up":[0,1,0],"children":[{"uuid":"6d17aad1-44e8-430c-a311-280c66dc2c33","type":"Mesh","name":"Obj3d66-8694087-33-572","layers":1,"matrix":[1,0,0,0,0,1,0,0,0,0,1,0,0,0,0,1],"up":[0,1,0],"geometry":"8ea19fa4-fafe-45a8-8edb-2debea1dc6b6","material":"e43e8e4d-6023-41ce-8a7a-59862c1f8bde"},{"uuid":"8ff02a1f-8fd7-4906-8718-fa3a775a2707","type":"Mesh","name":"Obj3d66-8694087-33-572_1","layers":1,"matrix":[1,0,0,0,0,1,0,0,0,0,1,0,0,0,0,1],"up":[0,1,0],"geometry":"d04f7fb5-adb6-4455-bf48-a49fae3f2a1d","material":"51786c15-ca0a-4677-9f77-82d2d17f884d"}]},"geometries":[],"images":["3c1659b4-2126-4fe0-858e-ab57dfed8258.png","1fa5eb80-56fa-4bf3-aa79-61c6bc074feb.png"],"textures":[{"uuid":"d0e26fae-fefa-4b6f-853e-3bc261c8e500","name":"3d66Model-8694087-files-2","image":"3c1659b4-2126-4fe0-858e-ab57dfed8258","mapping":300,"channel":0,"repeat":[1,1],"offset":[0,0],"center":[0,0],"rotation":0,"wrap":[1000,1000],"format":1023,"internalFormat":null,"type":1009,"colorSpace":"srgb","minFilter":1008,"magFilter":1006,"anisotropy":1,"flipY":false,"generateMipmaps":true,"premultiplyAlpha":false,"unpackAlignment":4,"userData":{"mimeType":"image/jpeg"}},{"uuid":"c4e9cbdd-2629-4432-a2e1-363e9afb57c1","name":"3d66Model-8694087-files-49","image":"1fa5eb80-56fa-4bf3-aa79-61c6bc074feb","mapping":300,"channel":0,"repeat":[1,1],"offset":[0,0],"center":[0,0],"rotation":0,"wrap":[1000,1000],"format":1023,"internalFormat":null,"type":1009,"colorSpace":"srgb","minFilter":1008,"magFilter":1006,"anisotropy":1,"flipY":false,"generateMipmaps":true,"premultiplyAlpha":false,"unpackAlignment":4,"userData":{"mimeType":"image/jpeg"}}],"materials":[{"uuid":"e43e8e4d-6023-41ce-8a7a-59862c1f8bde","type":"MeshStandardMaterial","name":"Mat3d66-8694087-35-44009","color":16777215,"roughness":0.5,"metalness":0,"emissive":0,"map":"d0e26fae-fefa-4b6f-853e-3bc261c8e500","envMapRotation":[0,0,0,"XYZ"],"envMapIntensity":1,"side":2,"blendColor":0},{"uuid":"51786c15-ca0a-4677-9f77-82d2d17f884d","type":"MeshStandardMaterial","name":"Mat3d66-8694087-34-19003","color":16777215,"roughness":0.665354311466217,"metalness":0,"emissive":0,"map":"c4e9cbdd-2629-4432-a2e1-363e9afb57c1","envMapRotation":[0,0,0,"XYZ"],"envMapIntensity":1,"side":2,"blendColor":0}]}