{"metadata":{"version":4.6,"type":"Object","generator":"Astral.Object3D.toJSON"},"object":{"uuid":"0bedeb60-48db-4af1-8ca2-82b7fb2193b8","type":"Object3D","name":"道路06_5","userData":{"name":"道路06"},"layers":1,"matrix":[1,0,0,0,0,1,0,0,0,0,1,0,0,0,0,1],"up":[0,1,0],"children":[{"uuid":"6cfea0c4-72a1-442a-8710-0daa7c1be63e","type":"Mesh","name":"Obj3d66-1664118-29-836010_2","userData":{"name":"Obj3d66-1664118-29-836010"},"layers":1,"matrix":[1,0,0,0,0,1,0,0,0,0,1,0,0,0,0,1],"up":[0,1,0],"geometry":"3f20b664-9733-42e4-ae3d-cc57f8d2a8cf","material":"ffc59ce6-b07d-4e0a-a802-20b86f4b8d05"},{"uuid":"a74afc2a-cc5c-4da1-add9-c25d2ed94b72","type":"Mesh","name":"Obj3d66-1664118-29-836010_1_2","userData":{"name":"Obj3d66-1664118-29-836010_1"},"layers":1,"matrix":[1,0,0,0,0,1,0,0,0,0,1,0,0,0,0,1],"up":[0,1,0],"geometry":"bf47d147-e602-47fb-aed7-522bdcda09be","material":"f44ad9ca-cbbd-4402-acf2-89fef0957804"},{"uuid":"0e7beb25-ecd2-42e3-b4c6-f3bcc6c8213c","type":"Mesh","name":"Obj3d66-1664118-29-836010_2_2","userData":{"name":"Obj3d66-1664118-29-836010_2"},"layers":1,"matrix":[1,0,0,0,0,1,0,0,0,0,1,0,0,0,0,1],"up":[0,1,0],"geometry":"590b8139-ef4b-467f-a190-08578355a5ea","material":"586ce616-413e-4555-a2e6-eb52175d4f91"},{"uuid":"fb8a10d6-59a3-475a-b1d0-e0d526793e1c","type":"Mesh","name":"Obj3d66-1664118-29-836010_3_2","userData":{"name":"Obj3d66-1664118-29-836010_3"},"layers":1,"matrix":[1,0,0,0,0,1,0,0,0,0,1,0,0,0,0,1],"up":[0,1,0],"geometry":"e18ae1cc-636b-4e97-8237-a4dac2545e2c","material":"871cc817-a498-45b2-aa48-3db07e578ebd"}]},"geometries":[],"images":["0c39dcaa-f2ee-437e-adfb-cd62168b8197.png","d9d39d19-bf9d-4351-a4d5-fdba404053cb.png","5bd79cdf-b286-40b0-b5ce-125fdc4a2681.png"],"textures":[],"materials":[]}