{"metadata":{"version":4.6,"type":"Object","generator":"Astral.Object3D.toJSON"},"object":{"uuid":"41aa35f0-f312-4762-995b-987e6c9e9e2a","type":"Object3D","name":"住宅楼33_1","userData":{"name":"住宅楼33"},"layers":1,"matrix":[1,0,0,0,0,1,0,0,0,0,1,0,0,0,0,1],"up":[0,1,0],"children":[{"uuid":"4919a503-3e10-406c-8ab7-51ca7b270518","type":"Mesh","name":"网格178","userData":{"name":"网格178"},"layers":1,"matrix":[1,0,0,0,0,1,0,0,0,0,1,0,0,0,0,1],"up":[0,1,0],"geometry":"8270ecd0-7e09-4a4a-b67f-fd612ef4ac3c","material":"dd01e63c-ebe8-4c51-9c13-6b831229ec5b"},{"uuid":"54b13819-0ba4-4450-884f-b6ede68b874e","type":"Mesh","name":"网格178_1","userData":{"name":"网格178_1"},"layers":1,"matrix":[1,0,0,0,0,1,0,0,0,0,1,0,0,0,0,1],"up":[0,1,0],"geometry":"0ab8d058-5220-414d-9a55-58988688c865","material":"87edc960-ae9d-4ff9-92b2-f190c502f90b"},{"uuid":"94a25b30-a2c2-498f-a5b2-1c8c2ac65b16","type":"Mesh","name":"网格178_2","userData":{"name":"网格178_2"},"layers":1,"matrix":[1,0,0,0,0,1,0,0,0,0,1,0,0,0,0,1],"up":[0,1,0],"geometry":"75b91a00-8b2c-4720-bcdc-3a3ecff565f6","material":"b0e12442-4a93-43f1-afd2-23846b1bedc3"},{"uuid":"4ae029d1-ad26-46d3-a4b7-1cd00143bb82","type":"Mesh","name":"网格178_3","userData":{"name":"网格178_3"},"layers":1,"matrix":[1,0,0,0,0,1,0,0,0,0,1,0,0,0,0,1],"up":[0,1,0],"geometry":"45df436b-e2c0-47ec-bf81-0518f498838e","material":"7da3a6ed-8c1c-4829-9348-dccee7a86894"},{"uuid":"b4e11180-414f-49b5-a1a4-e525eec06de7","type":"Mesh","name":"网格178_4","userData":{"name":"网格178_4"},"layers":1,"matrix":[1,0,0,0,0,1,0,0,0,0,1,0,0,0,0,1],"up":[0,1,0],"geometry":"5ab51f3b-a79e-41e1-b59e-f8e1a210cd51","material":"e1629db3-c4f6-4536-bec4-22bae5ad7f7f"},{"uuid":"4a3fc560-bb8d-4bc1-b6a3-011af168a6a2","type":"Mesh","name":"网格178_5","userData":{"name":"网格178_5"},"layers":1,"matrix":[1,0,0,0,0,1,0,0,0,0,1,0,0,0,0,1],"up":[0,1,0],"geometry":"8acaf9f5-857e-47e6-8652-57506d132e00","material":"e54f4b4a-8015-4028-b6b5-b499f5842aca"},{"uuid":"4795b678-dc60-439a-96cb-ad69a81c03a7","type":"Mesh","name":"网格178_6","userData":{"name":"网格178_6"},"layers":1,"matrix":[1,0,0,0,0,1,0,0,0,0,1,0,0,0,0,1],"up":[0,1,0],"geometry":"61553be1-ddeb-450f-8123-ca2ff6f9b0db","material":"76224ff5-e25e-4823-b524-deecc43e20ad"},{"uuid":"f195dcaa-9ed7-48af-bb44-5658b1fb982f","type":"Mesh","name":"网格178_7","userData":{"name":"网格178_7"},"layers":1,"matrix":[1,0,0,0,0,1,0,0,0,0,1,0,0,0,0,1],"up":[0,1,0],"geometry":"0feba273-170a-41a4-bdd5-5329a823d559","material":"1f75f9e7-eb00-42be-9141-95d0ba488c33"},{"uuid":"1b1f51ac-56ba-467c-a16a-8ba19927e111","type":"Mesh","name":"网格178_8","userData":{"name":"网格178_8"},"layers":1,"matrix":[1,0,0,0,0,1,0,0,0,0,1,0,0,0,0,1],"up":[0,1,0],"geometry":"f6cff98b-5ddd-4a7d-b45e-09ec8e7d5656","material":"659dcb02-348b-4b89-9762-bca017481025"},{"uuid":"322aae93-3f83-44ac-b008-2667e5a0c3b8","type":"Mesh","name":"网格178_9","userData":{"name":"网格178_9"},"layers":1,"matrix":[1,0,0,0,0,1,0,0,0,0,1,0,0,0,0,1],"up":[0,1,0],"geometry":"c9d0a6de-2729-441b-9bf8-aacbc454e6b2","material":"b6e19f04-1214-4bb5-8aa2-ac940b0dcea4"},{"uuid":"241d9c71-c18e-4822-8ba5-75f5038aefd5","type":"Mesh","name":"网格178_10","userData":{"name":"网格178_10"},"layers":1,"matrix":[1,0,0,0,0,1,0,0,0,0,1,0,0,0,0,1],"up":[0,1,0],"geometry":"e9c0b50d-416f-4e1f-bebf-83cd2acd3047","material":"2f17b5b8-dbc6-4e00-81e5-c958327575c1"},{"uuid":"3616742d-9312-46a1-8ad7-a109655fea1a","type":"Mesh","name":"网格178_11","userData":{"name":"网格178_11"},"layers":1,"matrix":[1,0,0,0,0,1,0,0,0,0,1,0,0,0,0,1],"up":[0,1,0],"geometry":"c2b478eb-59b3-4700-9942-ea86ebf39473","material":"22e27702-20e2-4308-a51b-a1b9ca7de354"},{"uuid":"ef8040fd-d2f9-43ef-ab21-7b87e0752298","type":"Mesh","name":"网格178_12","userData":{"name":"网格178_12"},"layers":1,"matrix":[1,0,0,0,0,1,0,0,0,0,1,0,0,0,0,1],"up":[0,1,0],"geometry":"b940a0a9-b344-4d83-bda9-6995919981df","material":"f10d7ee6-5c48-4b50-b696-f88dd501d837"}]},"geometries":[],"images":["6ea5516a-dbc3-4994-bdd5-664142953e74.png","d98e8359-60d5-499d-bca1-521ae0a67af7.png","dcd13c03-73a1-4a4d-b478-6b74eb1dcdcf.png","11b2e7b2-a3a4-4c2c-81dd-0a3ff0dd29eb.png","0e9e9ed3-3f31-4498-96e9-9180011d2b99.png","d56a6173-8e2a-4fc9-bc43-1539a22e49a1.png","e6bcb2eb-6002-477a-80a4-53d1c875964f.png","ab8adec8-7103-4d3e-b65d-f10d6ce8d205.png"],"textures":[{"uuid":"cc9ab0ce-2078-44f3-9618-55763263761c","name":"3d66Model-1577993-files-19","image":"6ea5516a-dbc3-4994-bdd5-664142953e74","mapping":300,"channel":0,"repeat":[1,1],"offset":[0,0],"center":[0,0],"rotation":0,"wrap":[1000,1000],"format":1023,"internalFormat":null,"type":1009,"colorSpace":"srgb","minFilter":1008,"magFilter":1006,"anisotropy":1,"flipY":false,"generateMipmaps":true,"premultiplyAlpha":false,"unpackAlignment":4,"userData":{"mimeType":"image/jpeg"}},{"uuid":"5382a7f2-ed57-4b5f-a695-023e9fd0f931","name":"3d66Model-1577993-files-6","image":"d98e8359-60d5-499d-bca1-521ae0a67af7","mapping":300,"channel":0,"repeat":[1,1],"offset":[0,0],"center":[0,0],"rotation":0,"wrap":[1000,1000],"format":1023,"internalFormat":null,"type":1009,"colorSpace":"srgb","minFilter":1008,"magFilter":1006,"anisotropy":1,"flipY":false,"generateMipmaps":true,"premultiplyAlpha":false,"unpackAlignment":4,"userData":{"mimeType":"image/jpeg"}},{"uuid":"745e69a1-bc6c-44f4-8441-a6d7455d6281","name":"3d66Model-1577993-files-5","image":"dcd13c03-73a1-4a4d-b478-6b74eb1dcdcf","mapping":300,"channel":0,"repeat":[1,1],"offset":[0,0],"center":[0,0],"rotation":0,"wrap":[1000,1000],"format":1023,"internalFormat":null,"type":1009,"colorSpace":"srgb","minFilter":1008,"magFilter":1006,"anisotropy":1,"flipY":false,"generateMipmaps":true,"premultiplyAlpha":false,"unpackAlignment":4,"userData":{"mimeType":"image/jpeg"}},{"uuid":"ee01ca72-4d7f-46f1-ab5e-83f5690778b0","name":"3d66Model-1577993-files-12","image":"11b2e7b2-a3a4-4c2c-81dd-0a3ff0dd29eb","mapping":300,"channel":0,"repeat":[1,1],"offset":[0,0],"center":[0,0],"rotation":0,"wrap":[1000,1000],"format":1023,"internalFormat":null,"type":1009,"colorSpace":"srgb","minFilter":1008,"magFilter":1006,"anisotropy":1,"flipY":false,"generateMipmaps":true,"premultiplyAlpha":false,"unpackAlignment":4,"userData":{"mimeType":"image/jpeg"}},{"uuid":"6744a303-00dc-40a7-aa3d-1e7149ccddf3","name":"3d66Model-1577993-files-3","image":"0e9e9ed3-3f31-4498-96e9-9180011d2b99","mapping":300,"channel":0,"repeat":[1,1],"offset":[0,0],"center":[0,0],"rotation":0,"wrap":[1000,1000],"format":1023,"internalFormat":null,"type":1009,"colorSpace":"srgb","minFilter":1008,"magFilter":1006,"anisotropy":1,"flipY":false,"generateMipmaps":true,"premultiplyAlpha":false,"unpackAlignment":4,"userData":{"mimeType":"image/jpeg"}},{"uuid":"7ba5a4f9-099a-4a3e-b50e-61fcbbdae888","name":"3d66Model-1577993-files-20","image":"d56a6173-8e2a-4fc9-bc43-1539a22e49a1","mapping":300,"channel":0,"repeat":[1,1],"offset":[0,0],"center":[0,0],"rotation":0,"wrap":[1000,1000],"format":1023,"internalFormat":null,"type":1009,"colorSpace":"srgb","minFilter":1008,"magFilter":1006,"anisotropy":1,"flipY":false,"generateMipmaps":true,"premultiplyAlpha":false,"unpackAlignment":4,"userData":{"mimeType":"image/png"}},{"uuid":"a226c693-be35-4cb7-8ef0-4263047427d6","name":"3d66Model-1577993-files-9","image":"e6bcb2eb-6002-477a-80a4-53d1c875964f","mapping":300,"channel":0,"repeat":[1,1],"offset":[0,0],"center":[0,0],"rotation":0,"wrap":[1000,1000],"format":1023,"internalFormat":null,"type":1009,"colorSpace":"srgb","minFilter":1008,"magFilter":1006,"anisotropy":1,"flipY":false,"generateMipmaps":true,"premultiplyAlpha":false,"unpackAlignment":4,"userData":{"mimeType":"image/jpeg"}},{"uuid":"e69b7ed9-beb8-4217-b2f9-6d5772323e79","name":"3d66Model-1577993-files-17","image":"ab8adec8-7103-4d3e-b65d-f10d6ce8d205","mapping":300,"channel":0,"repeat":[1,1],"offset":[0,0],"center":[0,0],"rotation":0,"wrap":[1000,1000],"format":1023,"internalFormat":null,"type":1009,"colorSpace":"srgb","minFilter":1008,"magFilter":1006,"anisotropy":1,"flipY":false,"generateMipmaps":true,"premultiplyAlpha":false,"unpackAlignment":4,"userData":{"mimeType":"image/jpeg"}}],"materials":[{"uuid":"dd01e63c-ebe8-4c51-9c13-6b831229ec5b","type":"MeshStandardMaterial","name":"Mat3d66-1577993-21-8593","color":16777215,"roughness":0.858578622341156,"metalness":0,"emissive":0,"map":"cc9ab0ce-2078-44f3-9618-55763263761c","envMapRotation":[0,0,0,"XYZ"],"envMapIntensity":1,"side":2,"blendColor":0},{"uuid":"87edc960-ae9d-4ff9-92b2-f190c502f90b","type":"MeshStandardMaterial","name":"Mat3d66-1577993-22-1201","color":16777215,"roughness":0.858578622341156,"metalness":0,"emissive":0,"map":"5382a7f2-ed57-4b5f-a695-023e9fd0f931","envMapRotation":[0,0,0,"XYZ"],"envMapIntensity":1,"side":2,"blendColor":0},{"uuid":"b0e12442-4a93-43f1-afd2-23846b1bedc3","type":"MeshStandardMaterial","name":"Mat3d66-1577993-20-3421","color":16777215,"roughness":0.858578622341156,"metalness":1,"emissive":0,"map":"745e69a1-bc6c-44f4-8441-a6d7455d6281","envMapRotation":[0,0,0,"XYZ"],"envMapIntensity":1,"side":2,"blendColor":0},{"uuid":"7da3a6ed-8c1c-4829-9348-dccee7a86894","type":"MeshStandardMaterial","name":"Mat3d66-1577993-7-1903","color":15989247,"roughness":0.5514919757843018,"metalness":0.10236220806837082,"emissive":0,"envMapRotation":[0,0,0,"XYZ"],"envMapIntensity":1,"side":2,"blendColor":0},{"uuid":"e1629db3-c4f6-4536-bec4-22bae5ad7f7f","type":"MeshStandardMaterial","name":"Mat3d66-1577993-11-148","color":12444385,"roughness":0.5829880833625793,"metalness":0,"emissive":0,"envMapRotation":[0,0,0,"XYZ"],"envMapIntensity":1,"side":2,"blendColor":0},{"uuid":"e54f4b4a-8015-4028-b6b5-b499f5842aca","type":"MeshStandardMaterial","name":"Mat3d66-1577993-3-1257","color":8686998,"roughness":0.49637389183044434,"metalness":0,"emissive":0,"envMapRotation":[0,0,0,"XYZ"],"envMapIntensity":1,"side":2,"opacity":0.9448819160461426,"transparent":true,"blendColor":0,"depthWrite":false},{"uuid":"76224ff5-e25e-4823-b524-deecc43e20ad","type":"MeshStandardMaterial","name":"Mat3d66-1577993-16-7587","color":16777215,"roughness":1,"metalness":0,"emissive":0,"map":"ee01ca72-4d7f-46f1-ab5e-83f5690778b0","envMapRotation":[0,0,0,"XYZ"],"envMapIntensity":1,"side":2,"blendColor":0},{"uuid":"1f75f9e7-eb00-42be-9141-95d0ba488c33","type":"MeshStandardMaterial","name":"Mat3d66-1577993-5-2090","color":7566195,"roughness":0.5121219158172607,"metalness":0,"emissive":0,"envMapRotation":[0,0,0,"XYZ"],"envMapIntensity":1,"side":2,"blendColor":0},{"uuid":"659dcb02-348b-4b89-9762-bca017481025","type":"MeshStandardMaterial","name":"Mat3d66-1577993-13-1457","color":16777215,"roughness":0.858578622341156,"metalness":0,"emissive":0,"map":"6744a303-00dc-40a7-aa3d-1e7149ccddf3","envMapRotation":[0,0,0,"XYZ"],"envMapIntensity":1,"side":2,"blendColor":0},{"uuid":"b6e19f04-1214-4bb5-8aa2-ac940b0dcea4","type":"MeshStandardMaterial","name":"Mat3d66-1577993-2-88","color":10915189,"roughness":0.47081997990608215,"metalness":0,"emissive":0,"map":"7ba5a4f9-099a-4a3e-b50e-61fcbbdae888","envMapRotation":[0,0,0,"XYZ"],"envMapIntensity":1,"side":2,"transparent":true,"blendColor":0,"depthWrite":false},{"uuid":"2f17b5b8-dbc6-4e00-81e5-c958327575c1","type":"MeshStandardMaterial","name":"Mat3d66-1577993-12-7698","color":15000804,"roughness":0.858578622341156,"metalness":1,"emissive":0,"envMapRotation":[0,0,0,"XYZ"],"envMapIntensity":1,"side":2,"blendColor":0},{"uuid":"22e27702-20e2-4308-a51b-a1b9ca7de354","type":"MeshStandardMaterial","name":"Mat3d66-1577993-15-3426","color":16777215,"roughness":0.858578622341156,"metalness":0,"emissive":0,"map":"a226c693-be35-4cb7-8ef0-4263047427d6","envMapRotation":[0,0,0,"XYZ"],"envMapIntensity":1,"side":2,"blendColor":0},{"uuid":"f10d7ee6-5c48-4b50-b696-f88dd501d837","type":"MeshStandardMaterial","name":"Mat3d66-1577993-4-8819","color":16777215,"roughness":1,"metalness":0,"emissive":0,"map":"e69b7ed9-beb8-4217-b2f9-6d5772323e79","envMapRotation":[0,0,0,"XYZ"],"envMapIntensity":1,"side":2,"blendColor":0}]}