{"metadata":{"version":4.6,"type":"Object","generator":"Astral.Object3D.toJSON"},"object":{"uuid":"c0312f6b-14a2-4d11-bc46-8564a40a4e27","type":"Object3D","name":"花坛_草坪14_1","userData":{"name":"花坛_草坪14"},"layers":1,"matrix":[1,0,0,0,0,1,0,0,0,0,1,0,0,0,0,1],"up":[0,1,0],"children":[{"uuid":"cd01ac0c-3635-4e4e-9d0f-fbeddb3ca7cd","type":"Mesh","name":"网格033","userData":{"name":"网格033"},"layers":1,"matrix":[1,0,0,0,0,1,0,0,0,0,1,0,0,0,0,1],"up":[0,1,0],"geometry":"7448791d-f841-445a-b51b-aa9d79dcdbfa","material":"281c7991-2986-4606-9079-e05f2ad576cc"},{"uuid":"6b47457f-17f5-4584-a012-a48b39526913","type":"Mesh","name":"网格033_1","userData":{"name":"网格033_1"},"layers":1,"matrix":[1,0,0,0,0,1,0,0,0,0,1,0,0,0,0,1],"up":[0,1,0],"geometry":"d1094f8e-fae6-4509-add9-23315618e413","material":"b8f3dbb1-ba3b-4625-abb9-8301b78e7578"},{"uuid":"f0d111e4-f5b9-434d-a8d3-057d8aad74f5","type":"Mesh","name":"网格033_2","userData":{"name":"网格033_2"},"layers":1,"matrix":[1,0,0,0,0,1,0,0,0,0,1,0,0,0,0,1],"up":[0,1,0],"geometry":"7a0a411f-b94a-4851-a0c0-577efa10a852","material":"089da553-b9c7-467c-964f-5cc49c1d3079"},{"uuid":"b324b852-1a4f-426f-ae43-5c8a8e6d1222","type":"Mesh","name":"网格033_3","userData":{"name":"网格033_3"},"layers":1,"matrix":[1,0,0,0,0,1,0,0,0,0,1,0,0,0,0,1],"up":[0,1,0],"geometry":"c792fd48-3e26-4005-89eb-e9883bfc1390","material":"01d8c5ea-0571-494f-84de-9ac7f0162df0"}]},"geometries":[],"images":["d5faf002-fda7-4ff4-b13a-13cece18245d.png"],"textures":[],"materials":[]}