{"metadata":{"version":4.6,"type":"Object","generator":"Astral.Object3D.toJSON"},"object":{"uuid":"02b766c9-c87e-46cb-9ea3-7b8dc120a926","type":"Group","name":"枫树02","userData":{"name":"枫树02"},"layers":1,"matrix":[1,0,0,0,0,1,0,0,0,0,1,0,0,0,0,1],"up":[0,1,0],"children":[{"uuid":"567f8b75-80d4-4de7-9e50-a3bd6b2342ec","type":"Mesh","name":"AM113_029_Fraxinus","layers":1,"matrix":[1,0,0,0,0,1,0,0,0,0,1,0,0,0,0,1],"up":[0,1,0],"geometry":"7dea12a9-a8c7-4a55-a11d-f30ca1c16389","material":"9c47b49d-8c08-45cf-a534-c5415e9de121"},{"uuid":"9e4f9412-488b-4a6c-a8fb-5bcaedb474d1","type":"Mesh","name":"AM113_029_Fraxinus_1","layers":1,"matrix":[1,0,0,0,0,1,0,0,0,0,1,0,0,0,0,1],"up":[0,1,0],"geometry":"19753e09-a383-4952-a5b1-04e827915c2e","material":"ab50a27e-cae6-495d-aaf7-c0f6dd47c245"}]},"geometries":[],"images":["4ec94078-acc5-4f5a-80cd-c2c226b2968b.png","fb304137-05c8-4ebe-a8c0-d69dfc56675d.png"],"textures":[],"materials":[]}