{"metadata":{"version":4.6,"type":"Object","generator":"Astral.Object3D.toJSON"},"object":{"uuid":"035f672a-0ae6-449b-a941-53057bbf4723","type":"Object3D","name":"道路03_3","userData":{"name":"道路03"},"layers":1,"matrix":[1,0,0,0,0,1,0,0,0,0,1,0,0,0,0,1],"up":[0,1,0],"children":[{"uuid":"db331a74-c925-4224-91b6-e918101966b4","type":"Mesh","name":"Obj3d66-1664118-29-836013_1","userData":{"name":"Obj3d66-1664118-29-836013"},"layers":1,"matrix":[1,0,0,0,0,1,0,0,0,0,1,0,0,0,0,1],"up":[0,1,0],"geometry":"00d92b9c-3e94-4418-ac93-7372f349c590","material":"092f1f70-6cb2-418a-a4b8-bae82b59f5f4"},{"uuid":"5a709c2f-d379-40ef-a020-a4b0b55ee105","type":"Mesh","name":"Obj3d66-1664118-29-836013_1_1","userData":{"name":"Obj3d66-1664118-29-836013_1"},"layers":1,"matrix":[1,0,0,0,0,1,0,0,0,0,1,0,0,0,0,1],"up":[0,1,0],"geometry":"343c35f8-c12b-4e88-bd63-26cf89811f82","material":"76843833-46e6-48d6-b51b-af7eb3211372"},{"uuid":"7a837d69-0c4c-47c8-901d-c169d769ff4a","type":"Mesh","name":"Obj3d66-1664118-29-836013_2_1","userData":{"name":"Obj3d66-1664118-29-836013_2"},"layers":1,"matrix":[1,0,0,0,0,1,0,0,0,0,1,0,0,0,0,1],"up":[0,1,0],"geometry":"51002664-376b-417d-9eb3-14b62a4b4d5e","material":"80e0b1aa-c38e-4cc7-a029-3c9d14f05d50"},{"uuid":"c62e96f4-1c2e-4b67-ac98-4de5a91679d7","type":"Mesh","name":"Obj3d66-1664118-29-836013_3_1","userData":{"name":"Obj3d66-1664118-29-836013_3"},"layers":1,"matrix":[1,0,0,0,0,1,0,0,0,0,1,0,0,0,0,1],"up":[0,1,0],"geometry":"981436a4-bbe7-4e27-a84c-ccb72fe45288","material":"0d0acbcd-d742-48b5-8a07-19bd8fab45c0"},{"uuid":"651a12e2-c007-4bee-bc54-535209ffa038","type":"Mesh","name":"Obj3d66-1664118-29-836013_4_1","userData":{"name":"Obj3d66-1664118-29-836013_4"},"layers":1,"matrix":[1,0,0,0,0,1,0,0,0,0,1,0,0,0,0,1],"up":[0,1,0],"geometry":"237f7eae-3c83-4cb8-9d30-d579aaeb7c14","material":"223b32b9-4c41-450b-abfc-b7a7bb9b2371"},{"uuid":"fb66bc63-1dd1-44bd-9a57-8053c9aecf8b","type":"Mesh","name":"Obj3d66-1664118-29-836013_5_1","userData":{"name":"Obj3d66-1664118-29-836013_5"},"layers":1,"matrix":[1,0,0,0,0,1,0,0,0,0,1,0,0,0,0,1],"up":[0,1,0],"geometry":"c7666e0e-e1a6-416a-89b5-79a0fb8575ae","material":"7a41f358-d664-4ce4-8eb8-499bdf341710"}]},"geometries":[],"images":["24b9fa62-6d03-49a7-b685-e43e2f30cc81.png","d297ab56-0ce8-49d1-bd0e-4cb8c3a26e08.png","3449a62a-7b18-421f-b2b3-31ac44a2a691.png","bc555de3-b022-496e-9f05-68506eb1fe89.png"],"textures":[{"uuid":"88504867-4bdf-4e88-827e-d6aea6e03575","name":"Image_0","image":"24b9fa62-6d03-49a7-b685-e43e2f30cc81","mapping":300,"channel":0,"repeat":[1,1],"offset":[0,0],"center":[0,0],"rotation":0,"wrap":[1000,1000],"format":1023,"internalFormat":null,"type":1009,"colorSpace":"srgb","minFilter":1008,"magFilter":1006,"anisotropy":1,"flipY":false,"generateMipmaps":true,"premultiplyAlpha":false,"unpackAlignment":4,"userData":{"mimeType":"image/jpeg"}},{"uuid":"54afbb63-3819-41e3-8bc3-714519d4bfaa","name":"Image_1","image":"d297ab56-0ce8-49d1-bd0e-4cb8c3a26e08","mapping":300,"channel":0,"repeat":[1,1],"offset":[0,0],"center":[0,0],"rotation":0,"wrap":[1000,1000],"format":1023,"internalFormat":null,"type":1009,"colorSpace":"srgb","minFilter":1008,"magFilter":1006,"anisotropy":1,"flipY":false,"generateMipmaps":true,"premultiplyAlpha":false,"unpackAlignment":4,"userData":{"mimeType":"image/jpeg"}},{"uuid":"80532a75-1433-4dfa-a4fe-fbbd61a7c8f6","name":"Image_3","image":"3449a62a-7b18-421f-b2b3-31ac44a2a691","mapping":300,"channel":0,"repeat":[1,1],"offset":[0,0],"center":[0,0],"rotation":0,"wrap":[1000,1000],"format":1023,"internalFormat":null,"type":1009,"colorSpace":"srgb","minFilter":1008,"magFilter":1006,"anisotropy":1,"flipY":false,"generateMipmaps":true,"premultiplyAlpha":false,"unpackAlignment":4,"userData":{"mimeType":"image/jpeg"}},{"uuid":"c2b20ca2-8f25-4f8b-8f43-2581a1911fdb","name":"Image_4","image":"bc555de3-b022-496e-9f05-68506eb1fe89","mapping":300,"channel":0,"repeat":[1,1],"offset":[0,0],"center":[0,0],"rotation":0,"wrap":[1000,1000],"format":1023,"internalFormat":null,"type":1009,"colorSpace":"srgb","minFilter":1008,"magFilter":1006,"anisotropy":1,"flipY":false,"generateMipmaps":true,"premultiplyAlpha":false,"unpackAlignment":4,"userData":{"mimeType":"image/jpeg"}}],"materials":[{"uuid":"092f1f70-6cb2-418a-a4b8-bae82b59f5f4","type":"MeshStandardMaterial","name":"Mat3d66-1664118-7-4551.002","color":12369084,"roughness":0.7283464670181274,"metalness":0.21259842813014984,"emissive":0,"envMapRotation":[0,0,0,"XYZ"],"envMapIntensity":1,"side":2,"blendColor":0},{"uuid":"76843833-46e6-48d6-b51b-af7eb3211372","type":"MeshStandardMaterial","name":"Mat3d66-1664118-3-1555.002","color":16777215,"roughness":1,"metalness":0,"emissive":0,"map":"88504867-4bdf-4e88-827e-d6aea6e03575","envMapRotation":[0,0,0,"XYZ"],"envMapIntensity":1,"side":2,"blendColor":0},{"uuid":"80e0b1aa-c38e-4cc7-a029-3c9d14f05d50","type":"MeshStandardMaterial","name":"Mat3d66-1664118-4-3660.002","color":16777215,"roughness":1,"metalness":0,"emissive":0,"map":"54afbb63-3819-41e3-8bc3-714519d4bfaa","envMapRotation":[0,0,0,"XYZ"],"envMapIntensity":1,"side":2,"blendColor":0},{"uuid":"0d0acbcd-d742-48b5-8a07-19bd8fab45c0","type":"MeshStandardMaterial","name":"Mat3d66-1664118-2-1056.002","color":15198183,"roughness":1,"metalness":0,"emissive":0,"envMapRotation":[0,0,0,"XYZ"],"envMapIntensity":1,"side":2,"blendColor":0},{"uuid":"223b32b9-4c41-450b-abfc-b7a7bb9b2371","type":"MeshStandardMaterial","name":"Mat3d66-1664118-5-9553.002","color":16777215,"roughness":1,"metalness":0,"emissive":0,"map":"80532a75-1433-4dfa-a4fe-fbbd61a7c8f6","envMapRotation":[0,0,0,"XYZ"],"envMapIntensity":1,"side":2,"blendColor":0},{"uuid":"7a41f358-d664-4ce4-8eb8-499bdf341710","type":"MeshStandardMaterial","name":"Mat3d66-1664118-1-7344.001","color":16777215,"roughness":1,"metalness":0,"emissive":0,"map":"c2b20ca2-8f25-4f8b-8f43-2581a1911fdb","envMapRotation":[0,0,0,"XYZ"],"envMapIntensity":1,"side":2,"blendColor":0}]}