{"metadata":{"version":4.6,"type":"Object","generator":"Astral.Object3D.toJSON"},"object":{"uuid":"6de2918c-5cc6-4d04-9abe-6ba5468a4382","type":"Object3D","name":"道路05_1","userData":{"name":"道路05"},"layers":1,"matrix":[1,0,0,0,0,1,0,0,0,0,1,0,0,0,0,1],"up":[0,1,0],"children":[{"uuid":"2b9d6bd4-2ec9-479c-b1f5-e5b166d3d59e","type":"Mesh","name":"Obj3d66-1664118-29-836011","userData":{"name":"Obj3d66-1664118-29-836011"},"layers":1,"matrix":[1,0,0,0,0,1,0,0,0,0,1,0,0,0,0,1],"up":[0,1,0],"geometry":"e6ea3a85-2e46-43be-b8cf-2dc789d42e3d","material":"3917dd94-00f3-4bc3-98a7-3e9bdf7e9337"},{"uuid":"709e9681-3ad3-4272-b727-310ff9bd7181","type":"Mesh","name":"Obj3d66-1664118-29-836011_1","userData":{"name":"Obj3d66-1664118-29-836011_1"},"layers":1,"matrix":[1,0,0,0,0,1,0,0,0,0,1,0,0,0,0,1],"up":[0,1,0],"geometry":"1ffc69ea-678b-4663-8bc1-f82ce07cb441","material":"0dc20850-a791-4819-b541-18d2dd3fdf25"},{"uuid":"2cefa119-5b6e-4915-9595-4c8675608ea9","type":"Mesh","name":"Obj3d66-1664118-29-836011_2","userData":{"name":"Obj3d66-1664118-29-836011_2"},"layers":1,"matrix":[1,0,0,0,0,1,0,0,0,0,1,0,0,0,0,1],"up":[0,1,0],"geometry":"06be28c6-16a3-4f0c-92e8-fdc38c860889","material":"6ee0bbf7-40de-475a-98f1-3261b6993ce0"},{"uuid":"5e169675-ee0c-4039-9290-8d25000b1d9c","type":"Mesh","name":"Obj3d66-1664118-29-836011_3","userData":{"name":"Obj3d66-1664118-29-836011_3"},"layers":1,"matrix":[1,0,0,0,0,1,0,0,0,0,1,0,0,0,0,1],"up":[0,1,0],"geometry":"ec10d73c-ad7f-4062-ba31-c2a35ad7b16c","material":"24b63cbc-e94e-4236-8aec-f5af7481d523"},{"uuid":"f4a0a143-b971-4023-9748-d92cf3f24d76","type":"Mesh","name":"Obj3d66-1664118-29-836011_4","userData":{"name":"Obj3d66-1664118-29-836011_4"},"layers":1,"matrix":[1,0,0,0,0,1,0,0,0,0,1,0,0,0,0,1],"up":[0,1,0],"geometry":"6cf31379-61e5-4ca5-afd9-b70becd0a7d8","material":"544900f1-2a9e-4dbf-9dc9-8c8039bdeaa2"},{"uuid":"40df7ef4-ac19-4657-987a-f3af5cda70d6","type":"Mesh","name":"Obj3d66-1664118-29-836011_5","userData":{"name":"Obj3d66-1664118-29-836011_5"},"layers":1,"matrix":[1,0,0,0,0,1,0,0,0,0,1,0,0,0,0,1],"up":[0,1,0],"geometry":"44bf8371-d1e1-4c40-bf0a-e0b1f2029788","material":"7f7713fd-0d9d-4469-8f04-cefc5db2c0bb"}]},"geometries":[],"images":["1a71f5a6-9dd0-4419-ab77-0a6ae0bb4c83.png","1331f160-ccbc-4185-b441-fc5f5f13e66a.png","bf572fd5-1cb1-4431-9dd0-628a1c4a41b5.png","7881b583-9f1d-47e6-9a9c-3f68a633df5d.png"],"textures":[],"materials":[]}