{"metadata":{"_ShaderMaterialClassMap":{"CircleGridShaderMaterial":"9e333db3-6d47-493e-80f1-d36d8e188c14","DynamicCheckerboardShaderMaterial":"5bcc865b-cf1e-4d9c-9b6c-c2e9ac3aee23","SlowSmokeShaderMaterial":"5e5014f5-f38b-4264-8e70-6696eee7c405","StreamerWallShaderMaterial":"227efb0d-8a61-4d34-b95b-9ce43fed1a4f","FlickerShaderMaterial":"1f4037f2-e250-4f5d-9d42-a8c0de5e85f2"}},"camera":{"metadata":{"version":4.6,"type":"Object","generator":"Astral.Object3D.toJSON"},"object":{"uuid":"5238dde3-5745-4b20-9e6b-074ccec26b0b","type":"PerspectiveCamera","name":"默认相机","layers":1,"matrix":[0.9994062705245086,8.6736173798840345e-19,-0.03445441098455412,0,-0.008589301452389106,0.9684276747392959,-0.2491466690517864,0,0.033366605114283805,0.2492946826529607,0.9678526906839217,0,0.3841786138200576,3.0192455284862425,7.317248801395792,1],"up":[0,1,0],"fov":50,"zoom":1,"near":0.01,"far":100000,"focus":10,"aspect":1.4182174338883449,"filmGauge":35,"filmOffset":0}},"scene":{"metadata":{"version":4.6,"type":"Object","generator":"Astral.Object3D.toJSON"},"textures":[{"uuid":"5a0751f9-8c0f-4b05-853c-c2ff036e70f8","name":"","image":"11226704-42c3-46d2-9acc-5bdbe0c85e79","mapping":303,"channel":0,"repeat":[1,1],"offset":[0,0],"center":[0,0],"rotation":0,"wrap":[1001,1001],"format":1023,"internalFormat":null,"type":1016,"colorSpace":"srgb-linear","minFilter":1006,"magFilter":1006,"anisotropy":1,"flipY":true,"generateMipmaps":false,"premultiplyAlpha":false,"unpackAlignment":1},{"uuid":"f6723f2d-e4c8-4131-b3a0-d425d77c347f","name":"","image":"11226704-42c3-46d2-9acc-5bdbe0c85e79","mapping":303,"channel":0,"repeat":[1,1],"offset":[0,0],"center":[0,0],"rotation":0,"wrap":[1001,1001],"format":1023,"internalFormat":null,"type":1016,"colorSpace":"srgb-linear","minFilter":1006,"magFilter":1006,"anisotropy":1,"flipY":true,"generateMipmaps":false,"premultiplyAlpha":false,"unpackAlignment":1},{"uuid":"98890220-8fcf-4ea4-9719-d50f8766fdef","name":"","image":"337038b8-fae2-47bc-9d0e-d82a827053d7","mapping":300,"channel":0,"repeat":[1,1],"offset":[0,0],"center":[0,0],"rotation":0,"wrap":[1000,1001],"format":1023,"internalFormat":null,"type":1009,"colorSpace":"","minFilter":1008,"magFilter":1006,"anisotropy":1,"flipY":true,"generateMipmaps":true,"premultiplyAlpha":false,"unpackAlignment":4},{"uuid":"8e6917ad-c9d0-4a28-afdf-fc124fa43f1d","name":"","image":"7b6cc7c3-4661-48b7-b478-6f2ec7945afd","mapping":300,"channel":0,"repeat":[1,1],"offset":[0,0],"center":[0,0],"rotation":0,"wrap":[1001,1001],"format":1023,"internalFormat":null,"type":1009,"colorSpace":"","minFilter":1008,"magFilter":1006,"anisotropy":1,"flipY":true,"generateMipmaps":true,"premultiplyAlpha":false,"unpackAlignment":4}],"images":["Uint16Array!2048!1024!11226704-42c3-46d2-9acc-5bdbe0c85e79.env","337038b8-fae2-47bc-9d0e-d82a827053d7.png","7b6cc7c3-4661-48b7-b478-6f2ec7945afd.png"],"object":{"uuid":"d25bd799-f4ab-4ad5-a723-8a982907e1d8","type":"Scene","name":"默认场景","layers":1,"matrix":[1,0,0,0,0,1,0,0,0,0,1,0,0,0,0,1],"up":[0,1,0],"background":"5a0751f9-8c0f-4b05-853c-c2ff036e70f8","environment":"f6723f2d-e4c8-4131-b3a0-d425d77c347f","backgroundRotation":[0,0,0,"XYZ"],"environmentRotation":[0,0,0,"XYZ"],"children":[{"uuid":"1771c276-58d1-4a6a-84b4-e15ec15590d5","type":"Mesh","name":"Box","layers":1,"matrix":[1,0,0,0,0,1,0,0,0,0,1,0,-2.6772201834222975,1.1339086401921592,0,1],"up":[0,1,0],"geometry":"dad22bd4-2543-4d73-b8a0-8e9bd8afc004","material":"9e333db3-6d47-493e-80f1-d36d8e188c14"},{"uuid":"849a5c46-5c69-4a02-a182-8214adf593c1","type":"Mesh","name":"Box","layers":1,"matrix":[1,0,0,0,0,1,0,0,0,0,1,0,-1.0887998267850716,1.1339086401921592,0,1],"up":[0,1,0],"geometry":"dad22bd4-2543-4d73-b8a0-8e9bd8afc004","material":"5bcc865b-cf1e-4d9c-9b6c-c2e9ac3aee23"},{"uuid":"59fb9a3d-a73b-4c6f-b92e-204fef77d6d8","type":"Mesh","name":"Box","layers":1,"matrix":[1,0,0,0,0,1,0,0,0,0,1,0,0.5343064974005238,1.1339086401921592,0,1],"up":[0,1,0],"geometry":"dad22bd4-2543-4d73-b8a0-8e9bd8afc004","material":"5e5014f5-f38b-4264-8e70-6696eee7c405"},{"uuid":"736f7da4-ebd1-4ecd-9b39-88e4ff043356","type":"Mesh","name":"Box","layers":1,"matrix":[1,0,0,0,0,1,0,0,0,0,1,0,2.180928222060842,1.1339086401921592,0,1],"up":[0,1,0],"geometry":"dad22bd4-2543-4d73-b8a0-8e9bd8afc004","material":"227efb0d-8a61-4d34-b95b-9ce43fed1a4f"},{"uuid":"bd46a737-a137-4fee-86c1-c53a7972bde9","type":"Mesh","name":"Box","layers":1,"matrix":[1,0,0,0,0,1,0,0,0,0,1,0,3.747834909251972,1.1339086401921592,0,1],"up":[0,1,0],"geometry":"dad22bd4-2543-4d73-b8a0-8e9bd8afc004","material":"1f4037f2-e250-4f5d-9d42-a8c0de5e85f2"}]},"geometries":[],"materials":[{"uuid":"9e333db3-6d47-493e-80f1-d36d8e188c14","type":"ShaderMaterial","name":"CircleGridShaderMaterial","side":2,"transparent":true,"blendColor":0,"forceSinglePass":true,"fog":false,"glslVersion":null,"uniforms":{"uTime":{"value":1046.2499999991935}},"vertexShader":"\nvarying vec2 vUv;\n\nvoid main () {\n    vUv = uv;\n    \n    // 从贴图中采样颜色值\n    // vec3 newPosition = normal*vec3(0,0,0)+position;\n    //gl_Position = projectionMatrix * modelViewMatrix * vec4(newPosition, 1.0);\n    \n    gl_Position = projectionMatrix * modelViewMatrix * vec4(position, 1.0);\n}\n    ","fragmentShader":"\n// 片元着色器中所有浮点数精度为中精度\nprecision mediump float;\n\nvarying vec2 vUv;\nuniform float uTime;\n\nvec3 palette( float t ) {\n vec3 a = vec3(0.5, 0.5, 0.5);\n vec3 b = vec3(0.5, 0.5, 0.5);\n vec3 c = vec3(1.0, 1.0, 1.0);\n vec3 d = vec3(0.263,0.416,0.557);\n\n return a + b*cos( 6.28318*(c*t+d) );\n}\n\nvoid main() {\n    vec2 uv = vUv;\n    uv-=.5;  // 使坐标范围从-0.5到0.5\n    uv*=3.;  // 使坐标范围从-1.5到1.5\n    vec2 uv0 = uv;\n    vec3 finalColor = vec3(0.0);\n    \n    for (float i = 0.0; i < 4.0; i++) {\n        uv = fract(uv * 1.5) - 0.5;\n        float d = length(uv) * exp(-length(uv0));\n\n        vec3 col = palette(length(uv0) + i*.4 + uTime*.4);\n\n        d = sin(d*8. + uTime)/8.;\n        d = abs(d);\n\n        d = pow(0.01 / d, 1.2);\n\n        finalColor += col * d;\n    }\n \n  gl_FragColor = vec4(finalColor,1.);\n}\n    ","lights":false,"clipping":false},{"uuid":"5bcc865b-cf1e-4d9c-9b6c-c2e9ac3aee23","type":"ShaderMaterial","name":"DynamicCheckerboardShaderMaterial","side":2,"transparent":true,"blendColor":0,"forceSinglePass":true,"fog":false,"glslVersion":null,"uniforms":{"uTime":{"value":1034.0199999992046}},"vertexShader":"\nvarying vec2 vUv;\n\nvoid main () {\n    vUv = uv;\n    gl_Position = projectionMatrix * modelViewMatrix * vec4(position, 1.0);\n}\n    ","fragmentShader":"\n#ifdef GL_ES\nprecision mediump float;\n#endif\n\nvarying vec2 vUv;\nuniform float uTime;\n\nvoid main() {\n vec2 uv = vUv;\n\n float cycle = fract(uTime);\n\n vec2 grid = vec2(10, 10);\n vec2 position = (uv * grid) - vec2(cycle,0);\n\n float color = 0.0;\n \n if (mod(position.y,2.0) < 1.0) {\n  if (fract(position.x) < cycle) color = 1.0;\n } else {\n  if (fract(position.x) > cycle) color = 1.0;\n }\n \n if (mod(floor(uTime), 2.0) < 1.0) color = 1.0 - color;\n  \n gl_FragColor = vec4( color, color, color, 1.0 );\n}","lights":false,"clipping":false},{"uuid":"5e5014f5-f38b-4264-8e70-6696eee7c405","type":"ShaderMaterial","name":"SlowSmokeShaderMaterial","blending":0,"side":2,"transparent":true,"blendColor":0,"forceSinglePass":true,"fog":false,"glslVersion":null,"uniforms":{"uTime":{"value":1027.009999999211},"uResolution":{"type":"v2","value":[1740,1032]}},"vertexShader":"\nvarying vec2 vUv;\n\nvoid main () {\n    vUv = uv;\n    \n    gl_Position = projectionMatrix * modelViewMatrix * vec4(position, 1.0);\n}","fragmentShader":"\n#ifdef GL_ES\nprecision highp float;\n#endif\n\n#define NUM_OCTAVES 6\n\nvarying vec2 vUv;\nuniform float uTime;\nuniform vec2 uResolution;\n\nmat3 rotX(float a) {\n    float c = cos(a);\n    float s = sin(a);\n    return mat3(\n        1, 0, 0,\n        0, c, -s,\n        0, s, c\n    );\n}\n\nmat3 rotY(float a) {\n    float c = cos(a);\n    float s = sin(a);\n    return mat3(\n        c, 0, -s,\n        0, 1, 0,\n        s, 0, c\n    );\n}\n\nfloat random(vec2 pos) {\n    return fract(sin(dot(pos.xy, vec2(13.9898, 78.233))) * 43758.5453123);\n}\n\nfloat noise(vec2 pos) {\n    vec2 i = floor(pos);\n    vec2 f = fract(pos);\n    float a = random(i + vec2(0.0, 0.0));\n    float b = random(i + vec2(1.0, 0.0));\n    float c = random(i + vec2(0.0, 1.0));\n    float d = random(i + vec2(1.0, 1.0));\n    vec2 u = f * f * (3.0 - 2.0 * f);\n    return mix(a, b, u.x) + (c - a) * u.y * (1.0 - u.x) + (d - b) * u.x * u.y;\n}\n\nfloat fbm(vec2 pos) {\n    float v = 0.0;\n    float a = 0.5;\n    vec2 shift = vec2(100.0);\n    mat2 rot = mat2(cos(0.5), sin(0.5), -sin(0.5), cos(0.5));\n    for (int i = 0; i < NUM_OCTAVES; i++) {\n        float dir = mod(float(i), 2.0) > 0.5 ? 1.0 : -1.0;\n        v += a * noise(pos - 0.05 * dir * uTime);\n\n        pos = rot * pos * 2.0 + shift;\n        a *= 0.5;\n    }\n    return v;\n}\n\nvoid main(void) {\n    vec2 uv = vUv;\n    vec2 p = (uv * 3.0 - 1.0) * 0.5;\n    // 屏幕适配\n    if (uResolution.x > uResolution.y) {\n        p.x *= uResolution.x / uResolution.y;\n    } else {\n        p.y *= uResolution.y / uResolution.x;\n    }\n    \n    p -= vec2(12.0, 0.0);\n\n    float t = 0.0, d;\n\n    float time2 = 1.0;\n\n    vec2 q = vec2(0.0);\n    q.x = fbm(p + 0.00 * time2);\n    q.y = fbm(p + vec2(1.0));\n    vec2 r = vec2(0.0);\n    r.x = fbm(p + 1.0 * q + vec2(1.7, 1.2) + 0.15 * time2);\n    r.y = fbm(p + 1.0 * q + vec2(8.3, 2.8) + 0.126 * time2);\n    float f = fbm(p + r);\n\n    vec3 color = mix(\n        vec3(1.0, 1.0, 2.0),\n        vec3(1.0, 1.0, 1.0),\n        clamp((f * f) * 5.5, 1.2, 15.5)\n    );\n\n    color = mix(\n        color,\n        vec3(1.0, 1.0, 1.0),\n        clamp(length(q), 2.0, 2.0)\n    );\n\n    color = mix(\n        color,\n        vec3(0.3, 0.2, 1.0),\n        clamp(length(r.x), 0.0, 5.0)\n    );\n\n    color = (f * f * f * 1.0 + 0.5 * 1.7 * 0.0 + 0.9 * f) * color;\n\n    float alpha = 50.0 - max(pow(100.0 * distance(uv.x, -1.0), 0.0), pow(2.0 * distance(uv.y, 0.5), 5.0));\n    gl_FragColor = vec4(color * 100.0, color.r);\n    gl_FragColor = vec4(color, alpha * color.r);\n}\n    ","lights":false,"clipping":false},{"uuid":"227efb0d-8a61-4d34-b95b-9ce43fed1a4f","type":"ShaderMaterial","name":"StreamerWallShaderMaterial","side":2,"transparent":true,"blendColor":0,"forceSinglePass":true,"fog":false,"glslVersion":null,"uniforms":{"uTime":{"value":1010.9599999992256},"uFlowTexture":{"type":"t","value":"98890220-8fcf-4ea4-9719-d50f8766fdef"},"uBgTexture":{"type":"t","value":"8e6917ad-c9d0-4a28-afdf-fc124fa43f1d"}},"vertexShader":"\n     varying vec2 vUv;\n     varying vec3 vPosition;\n     void main(){\n           vUv = uv;\n           vPosition = position;\n           vec4 mvPosition = modelViewMatrix * vec4( position, 1.0 );\n           gl_Position = projectionMatrix * mvPosition;\n     }\n","fragmentShader":"\n    varying vec2 vUv;\n    uniform float uTime;\n    uniform sampler2D uFlowTexture;\n    uniform sampler2D uBgTexture;\n    void main( void ) {\n         vec2 position = vUv;\n         vec4 colorA = texture2D(uFlowTexture, vec2(vUv.x, fract(vUv.y - uTime)));\n         vec4 colorB = texture2D(uBgTexture, position.xy);\n         gl_FragColor = colorB + colorB * colorA;\n    }\n","lights":false,"clipping":false},{"uuid":"1f4037f2-e250-4f5d-9d42-a8c0de5e85f2","type":"ShaderMaterial","name":"FlickerShaderMaterial","blending":0,"side":2,"transparent":true,"blendColor":0,"forceSinglePass":true,"fog":false,"glslVersion":null,"uniforms":{"uTime":{"value":1934.6799999985305},"uHeight":{"value":10},"uOpacity":{"value":0.5},"uColor":{"type":"c","value":65535}},"vertexShader":"\n     uniform float uTime;\n     uniform float uHeight;\n     varying float vOpacity;\n\n     void main() {\n         vec3 vPosition = position;\n         vOpacity = mix(1.0, 0.0, position.y / uHeight * 1.0) * (1.0 + sin(uTime) * 0.5);\n         gl_Position = projectionMatrix * modelViewMatrix * vec4(vPosition, 1);\n     }\n","fragmentShader":"\n    uniform vec3 uColor;\n    uniform float uOpacity;\n    varying float vOpacity;\n    void main() {\n        gl_FragColor = vec4(uColor, vOpacity * uOpacity);\n    }\n","lights":false,"clipping":false}]},"scripts":{},"controls":{"state":"{\"enabled\":true,\"minDistance\":2.220446049250313e-16,\"maxDistance\":1.7976931348623157e+308,\"minZoom\":0.01,\"maxZoom\":1.7976931348623157e+308,\"minPolarAngle\":0,\"maxPolarAngle\":3.141592653589793,\"minAzimuthAngle\":-1.7976931348623157e+308,\"maxAzimuthAngle\":1.7976931348623157e+308,\"smoothTime\":0.25,\"draggingSmoothTime\":0.125,\"dollySpeed\":1,\"truckSpeed\":2,\"dollyToCursor\":false,\"verticalDragToForward\":false,\"target\":[0.11917137930808781,1.0392750099956243,-0.36971737615266137],\"position\":[0.3841786138200576,3.0192455284862425,7.317248801395792],\"zoom\":1,\"focalOffset\":[0,0,0],\"target0\":[0,0,0],\"position0\":[0,5,10],\"zoom0\":1,\"focalOffset0\":[0,0,0]}"},"totalZipNumber":1,"sceneInfo":{"id":"fd6d2c473dc466b3ddd932b960177b70","sceneType":"其他","sceneName":"特效材质贴图","sceneVersion":2,"sceneIntroduction":"","coverPicture":null,"hasDrawing":0,"zip":"","zipSize":"4.43 MB","exampleSceneId":"d84f6e9a-7afa-4846-b9cb-a63b63a6dc68","projectType":0,"delTag":0,"createTime":"2025-05-17T06:57:06.000+00:00","updateTime":"2025-05-17T06:57:06.000+00:00","delTime":null}}