{"metadata":{"version":4.6,"type":"Object","generator":"Astral.Object3D.toJSON"},"object":{"uuid":"cee61f3b-950d-4b20-a47b-8f895402ee83","type":"Object3D","name":"道路13_1","userData":{"name":"道路13"},"layers":1,"matrix":[1,0,0,0,0,1,0,0,0,0,1,0,0,0,0,1],"up":[0,1,0],"children":[{"uuid":"867681d6-da1e-4853-99c3-7d49c3eb54f8","type":"Mesh","name":"Obj3d66-1664118-29-836003","userData":{"name":"Obj3d66-1664118-29-836003"},"layers":1,"matrix":[1,0,0,0,0,1,0,0,0,0,1,0,0,0,0,1],"up":[0,1,0],"geometry":"776ecf0c-26b7-45a8-ac2c-4bf25a3b9ff7","material":"f542d0cb-7501-4c89-b61e-e679a2bf0821"},{"uuid":"80a549cc-0dcd-4e39-b75b-3869a2a87b01","type":"Mesh","name":"Obj3d66-1664118-29-836003_1","userData":{"name":"Obj3d66-1664118-29-836003_1"},"layers":1,"matrix":[1,0,0,0,0,1,0,0,0,0,1,0,0,0,0,1],"up":[0,1,0],"geometry":"61d06a35-9bcb-4e0f-b8e1-54c6ec43733f","material":"d7839f83-58c1-402e-a3a3-0f5fa0ab03a1"},{"uuid":"60b9fa65-3e8c-4347-b159-8afba333596d","type":"Mesh","name":"Obj3d66-1664118-29-836003_2","userData":{"name":"Obj3d66-1664118-29-836003_2"},"layers":1,"matrix":[1,0,0,0,0,1,0,0,0,0,1,0,0,0,0,1],"up":[0,1,0],"geometry":"d47e8493-6210-459d-9a70-436379272442","material":"215ac887-812e-44ab-a0cf-d89cb3ecdd6e"},{"uuid":"8294d919-ec17-44ce-a9ff-016309f1a929","type":"Mesh","name":"Obj3d66-1664118-29-836003_3","userData":{"name":"Obj3d66-1664118-29-836003_3"},"layers":1,"matrix":[1,0,0,0,0,1,0,0,0,0,1,0,0,0,0,1],"up":[0,1,0],"geometry":"05e2f323-9a73-4dac-8d99-924988e087a1","material":"7302b670-5442-4373-8760-52607c97c3ad"},{"uuid":"6ae0bbab-4bff-4f71-9957-60765a0103aa","type":"Mesh","name":"Obj3d66-1664118-29-836003_4","userData":{"name":"Obj3d66-1664118-29-836003_4"},"layers":1,"matrix":[1,0,0,0,0,1,0,0,0,0,1,0,0,0,0,1],"up":[0,1,0],"geometry":"308f9d70-9906-4c9c-8647-a62f6a938e06","material":"f4d1e426-8cba-4bca-abe6-9eba1138a979"},{"uuid":"211dddc0-1be2-4d86-a0c0-2c567c11d96e","type":"Mesh","name":"Obj3d66-1664118-29-836003_5","userData":{"name":"Obj3d66-1664118-29-836003_5"},"layers":1,"matrix":[1,0,0,0,0,1,0,0,0,0,1,0,0,0,0,1],"up":[0,1,0],"geometry":"86ffb1ea-7763-4350-9a81-ea3756d8e14c","material":"55e7eb93-c860-4599-b295-7893bd2fdbd4"}]},"geometries":[],"images":["6e867d4d-1383-4007-af8e-381dbffb16c5.png","13dedcd1-34b7-458e-bc47-e281ab62b45a.png","8c7a3d9d-2202-4ad6-bf9c-ac349e2e64ad.png","7a90b0a4-60ce-4239-9b36-3dd3fd1a5794.png"],"textures":[{"uuid":"77a5e5c3-a2bc-410a-b1a3-3c7047a5c5de","name":"Image_0","image":"6e867d4d-1383-4007-af8e-381dbffb16c5","mapping":300,"channel":0,"repeat":[1,1],"offset":[0,0],"center":[0,0],"rotation":0,"wrap":[1000,1000],"format":1023,"internalFormat":null,"type":1009,"colorSpace":"srgb","minFilter":1008,"magFilter":1006,"anisotropy":1,"flipY":false,"generateMipmaps":true,"premultiplyAlpha":false,"unpackAlignment":4,"userData":{"mimeType":"image/jpeg"}},{"uuid":"ec9ea488-5745-4582-95c7-3dc02013ddd2","name":"Image_1","image":"13dedcd1-34b7-458e-bc47-e281ab62b45a","mapping":300,"channel":0,"repeat":[1,1],"offset":[0,0],"center":[0,0],"rotation":0,"wrap":[1000,1000],"format":1023,"internalFormat":null,"type":1009,"colorSpace":"srgb","minFilter":1008,"magFilter":1006,"anisotropy":1,"flipY":false,"generateMipmaps":true,"premultiplyAlpha":false,"unpackAlignment":4,"userData":{"mimeType":"image/jpeg"}},{"uuid":"68dd2f65-13dd-4940-b275-79bc97419e37","name":"Image_3","image":"8c7a3d9d-2202-4ad6-bf9c-ac349e2e64ad","mapping":300,"channel":0,"repeat":[1,1],"offset":[0,0],"center":[0,0],"rotation":0,"wrap":[1000,1000],"format":1023,"internalFormat":null,"type":1009,"colorSpace":"srgb","minFilter":1008,"magFilter":1006,"anisotropy":1,"flipY":false,"generateMipmaps":true,"premultiplyAlpha":false,"unpackAlignment":4,"userData":{"mimeType":"image/jpeg"}},{"uuid":"a3a5f917-1228-41f5-94cf-4e68878a4ed9","name":"Image_4","image":"7a90b0a4-60ce-4239-9b36-3dd3fd1a5794","mapping":300,"channel":0,"repeat":[1,1],"offset":[0,0],"center":[0,0],"rotation":0,"wrap":[1000,1000],"format":1023,"internalFormat":null,"type":1009,"colorSpace":"srgb","minFilter":1008,"magFilter":1006,"anisotropy":1,"flipY":false,"generateMipmaps":true,"premultiplyAlpha":false,"unpackAlignment":4,"userData":{"mimeType":"image/jpeg"}}],"materials":[{"uuid":"f542d0cb-7501-4c89-b61e-e679a2bf0821","type":"MeshStandardMaterial","name":"Mat3d66-1664118-7-4551.010","color":12369084,"roughness":0.7283464670181274,"metalness":0.21259842813014984,"emissive":0,"envMapRotation":[0,0,0,"XYZ"],"envMapIntensity":1,"side":2,"blendColor":0},{"uuid":"d7839f83-58c1-402e-a3a3-0f5fa0ab03a1","type":"MeshStandardMaterial","name":"Mat3d66-1664118-3-1555.012","color":16777215,"roughness":1,"metalness":0,"emissive":0,"map":"77a5e5c3-a2bc-410a-b1a3-3c7047a5c5de","envMapRotation":[0,0,0,"XYZ"],"envMapIntensity":1,"side":2,"blendColor":0},{"uuid":"215ac887-812e-44ab-a0cf-d89cb3ecdd6e","type":"MeshStandardMaterial","name":"Mat3d66-1664118-4-3660.012","color":16777215,"roughness":1,"metalness":0,"emissive":0,"map":"ec9ea488-5745-4582-95c7-3dc02013ddd2","envMapRotation":[0,0,0,"XYZ"],"envMapIntensity":1,"side":2,"blendColor":0},{"uuid":"7302b670-5442-4373-8760-52607c97c3ad","type":"MeshStandardMaterial","name":"Mat3d66-1664118-2-1056.012","color":15198183,"roughness":1,"metalness":0,"emissive":0,"envMapRotation":[0,0,0,"XYZ"],"envMapIntensity":1,"side":2,"blendColor":0},{"uuid":"f4d1e426-8cba-4bca-abe6-9eba1138a979","type":"MeshStandardMaterial","name":"Mat3d66-1664118-5-9553.010","color":16777215,"roughness":1,"metalness":0,"emissive":0,"map":"68dd2f65-13dd-4940-b275-79bc97419e37","envMapRotation":[0,0,0,"XYZ"],"envMapIntensity":1,"side":2,"blendColor":0},{"uuid":"55e7eb93-c860-4599-b295-7893bd2fdbd4","type":"MeshStandardMaterial","name":"Mat3d66-1664118-1-7344.009","color":16777215,"roughness":1,"metalness":0,"emissive":0,"map":"a3a5f917-1228-41f5-94cf-4e68878a4ed9","envMapRotation":[0,0,0,"XYZ"],"envMapIntensity":1,"side":2,"blendColor":0}]}