{"metadata":{"version":4.6,"type":"Object","generator":"Astral.Object3D.toJSON"},"object":{"uuid":"71e33231-08f0-4f49-863c-ea7b247c1f20","type":"Object3D","name":"住宅楼31_1","userData":{"name":"住宅楼31"},"layers":1,"matrix":[1,0,0,0,0,1,0,0,0,0,1,0,0,0,0,1],"up":[0,1,0],"children":[{"uuid":"6d8169b3-bfe4-4540-a118-dae216c54929","type":"Mesh","name":"网格226","userData":{"name":"网格226"},"layers":1,"matrix":[1,0,0,0,0,1,0,0,0,0,1,0,0,0,0,1],"up":[0,1,0],"geometry":"e388dff5-0287-4d40-9458-14dfa246a6ce","material":"2e51385c-5f80-485a-ba02-785bae768d56"},{"uuid":"591b0572-558a-4e38-92b3-a9a3a7b081c8","type":"Mesh","name":"网格226_1","userData":{"name":"网格226_1"},"layers":1,"matrix":[1,0,0,0,0,1,0,0,0,0,1,0,0,0,0,1],"up":[0,1,0],"geometry":"5962173d-1ad8-45fe-b568-c9d9af83a6ff","material":"05b723e8-f2d6-4259-aaad-db64b4fc0b67"},{"uuid":"6699f217-1fc8-48b3-9b83-f24a67db314a","type":"Mesh","name":"网格226_2","userData":{"name":"网格226_2"},"layers":1,"matrix":[1,0,0,0,0,1,0,0,0,0,1,0,0,0,0,1],"up":[0,1,0],"geometry":"29188932-7b1e-40f3-8783-152213039658","material":"31fde299-2f3f-454b-a59b-1d61affd2b8f"},{"uuid":"5a768820-1adb-4322-9427-e0c8892c0caf","type":"Mesh","name":"网格226_3","userData":{"name":"网格226_3"},"layers":1,"matrix":[1,0,0,0,0,1,0,0,0,0,1,0,0,0,0,1],"up":[0,1,0],"geometry":"50ceee52-984e-4546-8339-c9b665fcedc3","material":"37e3aafb-b630-490f-a52a-53e7432081ca"},{"uuid":"fb612471-bcd5-40e0-8eb2-98f6c9eebd73","type":"Mesh","name":"网格226_4","userData":{"name":"网格226_4"},"layers":1,"matrix":[1,0,0,0,0,1,0,0,0,0,1,0,0,0,0,1],"up":[0,1,0],"geometry":"3560d26f-fa7f-4051-a501-6bcc3b4a1583","material":"6c8d5933-49d5-49e5-b95f-a06bc3bd826f"},{"uuid":"9e1d9498-79f7-4ad7-9d17-b2e07a99978a","type":"Mesh","name":"网格226_5","userData":{"name":"网格226_5"},"layers":1,"matrix":[1,0,0,0,0,1,0,0,0,0,1,0,0,0,0,1],"up":[0,1,0],"geometry":"6b2f16f9-fc7f-4a84-8304-c13c3803cfd2","material":"dd750485-ad1a-4559-b508-2ae74c056d18"},{"uuid":"999694d0-e8bd-4e0c-8311-d15d7bc8756f","type":"Mesh","name":"网格226_6","userData":{"name":"网格226_6"},"layers":1,"matrix":[1,0,0,0,0,1,0,0,0,0,1,0,0,0,0,1],"up":[0,1,0],"geometry":"62583408-1f7a-48ca-8168-6282782342f4","material":"f66cd749-de08-4449-8be6-1f054a3bdde9"},{"uuid":"914dbd5d-95e1-4a07-a88d-a0ae8416f4eb","type":"Mesh","name":"网格226_7","userData":{"name":"网格226_7"},"layers":1,"matrix":[1,0,0,0,0,1,0,0,0,0,1,0,0,0,0,1],"up":[0,1,0],"geometry":"e8bfa782-06fa-4175-b855-ef2b9022cc16","material":"9026020d-c86d-4702-baf2-863215e2f53a"},{"uuid":"092a4b19-2697-44e8-b4d0-55abdc385c2d","type":"Mesh","name":"网格226_8","userData":{"name":"网格226_8"},"layers":1,"matrix":[1,0,0,0,0,1,0,0,0,0,1,0,0,0,0,1],"up":[0,1,0],"geometry":"0f8b60b5-1eb7-4d2c-88d9-151d51122d19","material":"5cbe9ca8-a9ca-4ad0-a93a-ac4c2b378f09"},{"uuid":"fef58dee-5dcb-437f-a610-60a298a1279b","type":"Mesh","name":"网格226_9","userData":{"name":"网格226_9"},"layers":1,"matrix":[1,0,0,0,0,1,0,0,0,0,1,0,0,0,0,1],"up":[0,1,0],"geometry":"d2b60f6d-0b11-4df2-a366-61cdc68a095c","material":"e95e15be-42a6-4e04-b6b4-6ec14233f764"},{"uuid":"7fae19ca-560c-4a86-9b69-5582e450b576","type":"Mesh","name":"网格226_10","userData":{"name":"网格226_10"},"layers":1,"matrix":[1,0,0,0,0,1,0,0,0,0,1,0,0,0,0,1],"up":[0,1,0],"geometry":"e2090e60-39dc-4920-b60a-de5bff74db04","material":"7fb6b7b4-6761-4476-8884-22c6b8ef7d6c"},{"uuid":"eee63861-b77c-4c15-b9d5-98a8c8c34159","type":"Mesh","name":"网格226_11","userData":{"name":"网格226_11"},"layers":1,"matrix":[1,0,0,0,0,1,0,0,0,0,1,0,0,0,0,1],"up":[0,1,0],"geometry":"b2cd9e86-90f1-454a-8bea-89ea0ea3c027","material":"aeb5bf26-5c74-4551-92a8-231ea8f3d89b"}]},"geometries":[],"images":["b724e461-ae72-46aa-8a9e-73ee653b3ef7.png","749bd9a3-5956-42ba-8ae2-78c940464a53.png","7f87f225-9a95-40bb-827a-b2df395f34f9.png","68290c92-8821-44af-9df6-923398fbf750.png","9b4954ad-bced-4c23-a5bb-611c0a9d6fba.png","510bbe0e-24eb-4926-ae53-64ff22144cc8.png","f073bfcf-cf63-40ef-8463-9da23ff49b52.png","80eb3030-c99c-4b06-8bfa-b133c2e5e5d4.png","c84a2e83-08c1-40d3-a720-dc43637f1e21.png","72bf57db-288d-426e-99e4-0ff8ef06c0e1.png"],"textures":[{"uuid":"3fb473df-4c47-4461-9470-9cb4413881f4","name":"3d66Model-1577993-files-12","image":"b724e461-ae72-46aa-8a9e-73ee653b3ef7","mapping":300,"channel":0,"repeat":[1,1],"offset":[0,0],"center":[0,0],"rotation":0,"wrap":[1000,1000],"format":1023,"internalFormat":null,"type":1009,"colorSpace":"srgb","minFilter":1008,"magFilter":1006,"anisotropy":1,"flipY":false,"generateMipmaps":true,"premultiplyAlpha":false,"unpackAlignment":4,"userData":{"mimeType":"image/jpeg"}},{"uuid":"6f2f9ff5-93a4-473a-9e52-86a073fe80a0","name":"3d66Model-1577993-files-8","image":"749bd9a3-5956-42ba-8ae2-78c940464a53","mapping":300,"channel":0,"repeat":[1,1],"offset":[0,0],"center":[0,0],"rotation":0,"wrap":[1000,1000],"format":1023,"internalFormat":null,"type":1009,"colorSpace":"srgb","minFilter":1008,"magFilter":1006,"anisotropy":1,"flipY":false,"generateMipmaps":true,"premultiplyAlpha":false,"unpackAlignment":4,"userData":{"mimeType":"image/jpeg"}},{"uuid":"92c69344-ae09-44c5-8169-a141bed0bbdb","name":"3d66Model-1577993-files-6","image":"7f87f225-9a95-40bb-827a-b2df395f34f9","mapping":300,"channel":0,"repeat":[1,1],"offset":[0,0],"center":[0,0],"rotation":0,"wrap":[1000,1000],"format":1023,"internalFormat":null,"type":1009,"colorSpace":"srgb","minFilter":1008,"magFilter":1006,"anisotropy":1,"flipY":false,"generateMipmaps":true,"premultiplyAlpha":false,"unpackAlignment":4,"userData":{"mimeType":"image/jpeg"}},{"uuid":"52fab1e0-6320-4893-9a10-701ea4bd835f","name":"3d66Model-1577993-files-19","image":"68290c92-8821-44af-9df6-923398fbf750","mapping":300,"channel":0,"repeat":[1,1],"offset":[0,0],"center":[0,0],"rotation":0,"wrap":[1000,1000],"format":1023,"internalFormat":null,"type":1009,"colorSpace":"srgb","minFilter":1008,"magFilter":1006,"anisotropy":1,"flipY":false,"generateMipmaps":true,"premultiplyAlpha":false,"unpackAlignment":4,"userData":{"mimeType":"image/jpeg"}},{"uuid":"3247409d-cd71-4314-a49b-2f3b625d9d9e","name":"3d66Model-1577993-files-20","image":"9b4954ad-bced-4c23-a5bb-611c0a9d6fba","mapping":300,"channel":0,"repeat":[1,1],"offset":[0,0],"center":[0,0],"rotation":0,"wrap":[1000,1000],"format":1023,"internalFormat":null,"type":1009,"colorSpace":"srgb","minFilter":1008,"magFilter":1006,"anisotropy":1,"flipY":false,"generateMipmaps":true,"premultiplyAlpha":false,"unpackAlignment":4,"userData":{"mimeType":"image/png"}},{"uuid":"09469041-b232-4411-b9ad-488c4735a13e","name":"3d66Model-1577993-files-3","image":"510bbe0e-24eb-4926-ae53-64ff22144cc8","mapping":300,"channel":0,"repeat":[1,1],"offset":[0,0],"center":[0,0],"rotation":0,"wrap":[1000,1000],"format":1023,"internalFormat":null,"type":1009,"colorSpace":"srgb","minFilter":1008,"magFilter":1006,"anisotropy":1,"flipY":false,"generateMipmaps":true,"premultiplyAlpha":false,"unpackAlignment":4,"userData":{"mimeType":"image/jpeg"}},{"uuid":"757b1856-16c1-4d34-87f4-73210c793b93","name":"3d66Model-1577993-files-13","image":"f073bfcf-cf63-40ef-8463-9da23ff49b52","mapping":300,"channel":0,"repeat":[1,1],"offset":[0,0],"center":[0,0],"rotation":0,"wrap":[1000,1000],"format":1023,"internalFormat":null,"type":1009,"colorSpace":"srgb","minFilter":1008,"magFilter":1006,"anisotropy":1,"flipY":false,"generateMipmaps":true,"premultiplyAlpha":false,"unpackAlignment":4,"userData":{"mimeType":"image/jpeg"}},{"uuid":"66a5edbb-e253-4d70-8654-0ce8dea70c77","name":"3d66Model-1577993-files-4","image":"80eb3030-c99c-4b06-8bfa-b133c2e5e5d4","mapping":300,"channel":0,"repeat":[1,1],"offset":[0,0],"center":[0,0],"rotation":0,"wrap":[1000,1000],"format":1023,"internalFormat":null,"type":1009,"colorSpace":"srgb","minFilter":1008,"magFilter":1006,"anisotropy":1,"flipY":false,"generateMipmaps":true,"premultiplyAlpha":false,"unpackAlignment":4,"userData":{"mimeType":"image/jpeg"}},{"uuid":"fc25433a-c41f-4e5f-affe-23523e47a792","name":"3d66Model-1577993-files-15","image":"c84a2e83-08c1-40d3-a720-dc43637f1e21","mapping":300,"channel":0,"repeat":[1,1],"offset":[0,0],"center":[0,0],"rotation":0,"wrap":[1000,1000],"format":1023,"internalFormat":null,"type":1009,"colorSpace":"srgb","minFilter":1008,"magFilter":1006,"anisotropy":1,"flipY":false,"generateMipmaps":true,"premultiplyAlpha":false,"unpackAlignment":4,"userData":{"mimeType":"image/jpeg"}},{"uuid":"f609758a-17cf-4d2b-9d90-2bae5a6b0228","name":"3d66Model-1577993-files-17","image":"72bf57db-288d-426e-99e4-0ff8ef06c0e1","mapping":300,"channel":0,"repeat":[1,1],"offset":[0,0],"center":[0,0],"rotation":0,"wrap":[1000,1000],"format":1023,"internalFormat":null,"type":1009,"colorSpace":"srgb","minFilter":1008,"magFilter":1006,"anisotropy":1,"flipY":false,"generateMipmaps":true,"premultiplyAlpha":false,"unpackAlignment":4,"userData":{"mimeType":"image/jpeg"}}],"materials":[{"uuid":"2e51385c-5f80-485a-ba02-785bae768d56","type":"MeshStandardMaterial","name":"Mat3d66-1577993-16-7587","color":16777215,"roughness":1,"metalness":0,"emissive":0,"map":"3fb473df-4c47-4461-9470-9cb4413881f4","envMapRotation":[0,0,0,"XYZ"],"envMapIntensity":1,"side":2,"blendColor":0},{"uuid":"05b723e8-f2d6-4259-aaad-db64b4fc0b67","type":"MeshStandardMaterial","name":"Mat3d66-1577993-14-7131","color":16777215,"roughness":1,"metalness":0,"emissive":0,"map":"6f2f9ff5-93a4-473a-9e52-86a073fe80a0","envMapRotation":[0,0,0,"XYZ"],"envMapIntensity":1,"side":2,"opacity":0.9448819160461426,"blendColor":0},{"uuid":"31fde299-2f3f-454b-a59b-1d61affd2b8f","type":"MeshStandardMaterial","name":"Mat3d66-1577993-5-2090","color":7566195,"roughness":0.5121219158172607,"metalness":0,"emissive":0,"envMapRotation":[0,0,0,"XYZ"],"envMapIntensity":1,"side":2,"blendColor":0},{"uuid":"37e3aafb-b630-490f-a52a-53e7432081ca","type":"MeshStandardMaterial","name":"Mat3d66-1577993-3-1257","color":8686998,"roughness":0.49637389183044434,"metalness":0,"emissive":0,"envMapRotation":[0,0,0,"XYZ"],"envMapIntensity":1,"side":2,"opacity":0.9448819160461426,"transparent":true,"blendColor":0,"depthWrite":false},{"uuid":"6c8d5933-49d5-49e5-b95f-a06bc3bd826f","type":"MeshStandardMaterial","name":"Mat3d66-1577993-22-1201","color":16777215,"roughness":0.858578622341156,"metalness":0,"emissive":0,"map":"92c69344-ae09-44c5-8169-a141bed0bbdb","envMapRotation":[0,0,0,"XYZ"],"envMapIntensity":1,"side":2,"blendColor":0},{"uuid":"dd750485-ad1a-4559-b508-2ae74c056d18","type":"MeshStandardMaterial","name":"Mat3d66-1577993-21-8593","color":16777215,"roughness":0.858578622341156,"metalness":0,"emissive":0,"map":"52fab1e0-6320-4893-9a10-701ea4bd835f","envMapRotation":[0,0,0,"XYZ"],"envMapIntensity":1,"side":2,"blendColor":0},{"uuid":"f66cd749-de08-4449-8be6-1f054a3bdde9","type":"MeshStandardMaterial","name":"Mat3d66-1577993-2-88","color":10915189,"roughness":0.47081997990608215,"metalness":0,"emissive":0,"map":"3247409d-cd71-4314-a49b-2f3b625d9d9e","envMapRotation":[0,0,0,"XYZ"],"envMapIntensity":1,"side":2,"transparent":true,"blendColor":0,"depthWrite":false},{"uuid":"9026020d-c86d-4702-baf2-863215e2f53a","type":"MeshStandardMaterial","name":"Mat3d66-1577993-13-1457","color":16777215,"roughness":0.858578622341156,"metalness":0,"emissive":0,"map":"09469041-b232-4411-b9ad-488c4735a13e","envMapRotation":[0,0,0,"XYZ"],"envMapIntensity":1,"side":2,"blendColor":0},{"uuid":"5cbe9ca8-a9ca-4ad0-a93a-ac4c2b378f09","type":"MeshStandardMaterial","name":"Mat3d66-1577993-1-9524","color":16777215,"roughness":0.5433070659637451,"metalness":0,"emissive":0,"map":"757b1856-16c1-4d34-87f4-73210c793b93","envMapRotation":[0,0,0,"XYZ"],"envMapIntensity":1,"side":2,"blendColor":0},{"uuid":"e95e15be-42a6-4e04-b6b4-6ec14233f764","type":"MeshStandardMaterial","name":"Mat3d66-1577993-25-5742","color":16777215,"roughness":0.858578622341156,"metalness":0,"emissive":0,"map":"66a5edbb-e253-4d70-8654-0ce8dea70c77","envMapRotation":[0,0,0,"XYZ"],"envMapIntensity":1,"side":2,"blendColor":0},{"uuid":"7fb6b7b4-6761-4476-8884-22c6b8ef7d6c","type":"MeshStandardMaterial","name":"Mat3d66-1577993-8-7818","color":16777215,"roughness":0.858578622341156,"metalness":0,"emissive":0,"map":"fc25433a-c41f-4e5f-affe-23523e47a792","envMapRotation":[0,0,0,"XYZ"],"envMapIntensity":1,"side":2,"blendColor":0},{"uuid":"aeb5bf26-5c74-4551-92a8-231ea8f3d89b","type":"MeshStandardMaterial","name":"Mat3d66-1577993-4-8819","color":16777215,"roughness":1,"metalness":0,"emissive":0,"map":"f609758a-17cf-4d2b-9d90-2bae5a6b0228","envMapRotation":[0,0,0,"XYZ"],"envMapIntensity":1,"side":2,"blendColor":0}]}