{"metadata":{"version":4.6,"type":"Object","generator":"Astral.Object3D.toJSON"},"object":{"uuid":"58651725-e8ae-442a-95c8-2c24c0928f6e","type":"Object3D","name":"Armature_0","userData":{"name":"Armature_0"},"layers":1,"matrix":[1,0,0,0,0,1,0,0,0,0,1,0,0,0,0,1],"up":[0,1,0],"children":["c9cd4cae-29b7-4355-a143-3f0b9cc2622c",{"uuid":"63e72102-891c-4466-9285-668da1d29bba","type":"SkinnedMesh","name":"Wolf1_Material__wolf_col_tga_0","userData":{"name":"Wolf1_Material__wolf_col_tga_0"},"layers":1,"matrix":[1,0,0,0,0,1,0,0,0,0,1,0,0,0,0,1],"up":[0,1,0],"geometry":"c10ecea1-b39b-441c-a3c6-3fcfc59f0c31","bindMode":"attached","bindMatrix":[1,0,0,0,0,1,0,0,0,0,1,0,0,0,0,1],"skeleton":"3f28b64e-3818-4531-a97e-8d2a77b363a0","material":"f06c924f-68a6-4ac1-aef8-98f91a6c6135"},{"uuid":"652bd78e-d665-435d-8235-f47275470f94","type":"SkinnedMesh","name":"Wolf2_fur__fella3_jpg_001_0","userData":{"name":"Wolf2_fur__fella3_jpg_001_0"},"layers":1,"matrix":[1,0,0,0,0,1,0,0,0,0,1,0,0,0,0,1],"up":[0,1,0],"geometry":"919ec4b6-d225-436e-a4f6-f1aa2d046ad3","bindMode":"attached","bindMatrix":[1,0,0,0,0,1,0,0,0,0,1,0,0,0,0,1],"skeleton":"3f28b64e-3818-4531-a97e-8d2a77b363a0","material":"c5e0ce85-c88e-4175-b270-cd89b2fc35a5"},{"uuid":"f43a9456-6444-4fc1-bc47-cd69c054c2c8","type":"SkinnedMesh","name":"Wolf3_claws_0","userData":{"name":"Wolf3_claws_0"},"layers":1,"matrix":[1,0,0,0,0,1,0,0,0,0,1,0,0,0,0,1],"up":[0,1,0],"geometry":"bb564624-fd0c-4389-a239-095c5853b079","bindMode":"attached","bindMatrix":[1,0,0,0,0,1,0,0,0,0,1,0,0,0,0,1],"skeleton":"3f28b64e-3818-4531-a97e-8d2a77b363a0","material":"ec9adbd7-a04d-41cf-bcad-c386d5525823"},{"uuid":"0e96b943-727c-4251-8515-0ad187c9bf44","type":"SkinnedMesh","name":"Wolf3_eyes_0","userData":{"name":"Wolf3_eyes_0"},"layers":1,"matrix":[1,0,0,0,0,1,0,0,0,0,1,0,0,0,0,1],"up":[0,1,0],"geometry":"ab55e9f3-33f1-4913-afdb-8457f1390cbd","bindMode":"attached","bindMatrix":[1,0,0,0,0,1,0,0,0,0,1,0,0,0,0,1],"skeleton":"3f28b64e-3818-4531-a97e-8d2a77b363a0","material":"70c803ad-a431-4e3b-b989-606a5752ce7d"},{"uuid":"d0cc22cd-79c5-4353-b254-f5a7fc90543f","type":"SkinnedMesh","name":"Wolf3_teeth","userData":{"name":"Wolf3_teeth"},"layers":1,"matrix":[1,0,0,0,0,1,0,0,0,0,1,0,0,0,0,1],"up":[0,1,0],"geometry":"00531f6a-3fc6-44f7-a53a-73cee8bcd84d","bindMode":"attached","bindMatrix":[1,0,0,0,0,1,0,0,0,0,1,0,0,0,0,1],"skeleton":"3f28b64e-3818-4531-a97e-8d2a77b363a0","material":"d5713fb9-20da-4696-b083-5eb7e1e27351"}]},"geometries":[],"images":["b4c689b8-2ca3-461c-98ec-1ec83dac2ccb.jpg","16d55888-9b33-438d-a676-1b160299221a.png"],"textures":[{"uuid":"cd7983f0-586a-45a1-a837-5485bc2c677a","name":"Material__wolf_col_tga_diffuse.jpeg","image":"b4c689b8-2ca3-461c-98ec-1ec83dac2ccb","mapping":300,"channel":0,"repeat":[1,1],"offset":[0,0],"center":[0,0],"rotation":0,"wrap":[1000,1000],"format":1023,"internalFormat":null,"type":1009,"colorSpace":"srgb","minFilter":1008,"magFilter":1006,"anisotropy":1,"flipY":false,"generateMipmaps":true,"premultiplyAlpha":false,"unpackAlignment":4,"userData":{"mimeType":"image/jpeg"}},{"uuid":"003fc086-03f5-4657-b944-f7ece3b439ca","name":"eyes_diffuse.jpeg","image":"16d55888-9b33-438d-a676-1b160299221a","mapping":300,"channel":0,"repeat":[1,1],"offset":[0,0],"center":[0,0],"rotation":0,"wrap":[1000,1000],"format":1023,"internalFormat":null,"type":1009,"colorSpace":"srgb","minFilter":1008,"magFilter":1006,"anisotropy":1,"flipY":false,"generateMipmaps":true,"premultiplyAlpha":false,"unpackAlignment":4,"userData":{"mimeType":"image/jpeg"}}],"materials":[{"uuid":"f06c924f-68a6-4ac1-aef8-98f91a6c6135","type":"MeshStandardMaterial","name":"Wolf_1","color":16777215,"roughness":1,"metalness":0,"emissive":0,"map":"cd7983f0-586a-45a1-a837-5485bc2c677a","envMapRotation":[0,0,0,"XYZ"],"envMapIntensity":1,"side":2,"blendColor":0},{"uuid":"c5e0ce85-c88e-4175-b270-cd89b2fc35a5","type":"MeshStandardMaterial","name":"Wolf_Fur","color":16777215,"roughness":1,"metalness":0,"emissive":0,"envMapRotation":[0,0,0,"XYZ"],"envMapIntensity":1,"side":2,"transparent":true,"blendColor":0,"depthWrite":false},{"uuid":"ec9adbd7-a04d-41cf-bcad-c386d5525823","type":"MeshStandardMaterial","name":"Wolf_claws","color":6908265,"roughness":0.9363636374473572,"metalness":0.30000001192092896,"emissive":0,"envMapRotation":[0,0,0,"XYZ"],"envMapIntensity":1,"blendColor":0},{"uuid":"70c803ad-a431-4e3b-b989-606a5752ce7d","type":"MeshStandardMaterial","name":"Wolf Eyes","color":16777215,"roughness":0.5,"metalness":0,"emissive":0,"map":"003fc086-03f5-4657-b944-f7ece3b439ca","envMapRotation":[0,0,0,"XYZ"],"envMapIntensity":1,"side":2,"blendColor":0},{"uuid":"d5713fb9-20da-4696-b083-5eb7e1e27351","type":"MeshStandardMaterial","name":"Wolf Teeth","color":8619128,"roughness":0.5,"metalness":0,"emissive":0,"envMapRotation":[0,0,0,"XYZ"],"envMapIntensity":1,"blendColor":0}],"skeletons":[{"bones":["c9cd4cae-29b7-4355-a143-3f0b9cc2622c","153a88cf-f4ca-4799-8448-16140f369f85","2dad7f07-0895-4a06-a141-a1f067c98545","0db5de33-ba82-402b-98bf-1af415724cd4","0a83c2a5-681b-46c5-97ab-3bcb3ad75e93","0237f4d9-5312-4c60-8f31-4f311b1e4e5c","34a07377-8cd8-446d-9114-4b12cc9aaa19","cd5af86c-90a5-49bd-b393-ac083a451128","c4f4fa42-74a7-47d0-9d53-931c54498966","f48b9380-3d14-43f9-ab89-308cdc6c581b","3ee30808-320e-430a-880a-6366ce89108b","385ebbf1-5ab6-4457-b88e-ebfa16629ca6","5018d874-8158-4593-b8c1-225bd8ed3624","69a4be4b-6e94-4658-9a5d-f19e2bdd2e50","0bfce7c8-6163-4528-8cdf-f62694352bc4","f012609a-7294-4267-9f6f-7412d8993d99","8a6ef7ce-ded5-41b8-8f38-bb317476b104","5c0bef44-e767-48b4-8610-0db302545606","5c3aeb9b-af2a-48c5-a1e1-1e8f9eb68a05","e55f4a78-6fa8-4c45-85df-a3de23c5a10a","46f8e3f7-6535-4f4f-a74e-678c42aa65e2","120dc9e7-4e45-4fa2-9807-9ac9fa0f2b96","8cd4f419-58aa-4ca3-a905-6e4f8fbb0e2b","87c8bf27-817c-444d-86c5-ddc92ebcf293","9556ed10-9508-48c8-b00a-dca071edc5d1","c20f7090-9a1b-4f8c-8f63-20b407f68f3b","10e4cf87-69d1-4308-801a-b2afe5864cd4","005c6d7b-879f-466b-8958-4b3587feb91d","0624902b-0ee2-4431-827d-15db8470e6a8","6da300c5-4676-464e-99f8-5e86ba166795","dc57b9fd-28de-457c-9636-bdaae9a1fb22","7fdfa237-55cc-463f-9275-85e15e4f5471","56fe1bbb-7f7e-418a-b207-a9e88de56732","5a950138-381d-4d96-9d30-f4818e13add0","6da134e6-df47-4cc6-8700-65637b4d1c18","c6463018-5946-442c-8c14-4b526afb08cb","8e29e25e-8fc0-46d2-b7f4-19f7f169e3dd","f7a23c51-dce3-4c62-a5f6-0701980953af","f1754757-3083-4c60-a12a-0f67ec9f7ff1","9b6d9d5b-b028-49f2-98df-cc6576125bac","72a873f0-d285-49b5-b173-f5fcb0d9c391","cd4f098a-5104-4633-acda-48cf7fc76f3c","c80a5097-176c-48a0-a6e4-1e648beb6301","9e3c462a-0066-4b2b-a451-fbf3bef81387","1707b4f8-0ba5-41f9-9403-cbab1e765a5d","791d5f4a-9b94-465a-b01a-c4081ca1c1dc","3e7e90cb-c59c-4b75-a191-d66e9500fe51","8f8f7cf7-bb92-4cf8-bdf5-f0f02a84711d","197b7561-58bf-41d0-be8c-22ee5ed66936"],"boneInverses":[[1,2.220446049250313e-16,2.220446049250313e-16,0,-2.220446313948109e-16,1,8.940698847936801e-8,0,-2.220445784552517e-16,-1.1920928955078125e-7,1,0,-5.563636652366365e-17,-0.33848121762275696,0.25056394934654236,1],[1,2.220445784552517e-16,2.220446049250313e-16,0,-2.220446049250313e-16,1,8.940698847936801e-8,0,-2.220445784552517e-16,-1.1920928955078125e-7,1,0,-5.563638637599836e-17,-0.33848121762275696,0.25056394934654236,1],[6.957068876545236e-8,-1,4.759573002388606e-8,0,-0.18433913588523865,-4.8617199155387425e-8,-0.9828627109527588,0,0.9828627109527588,1.0215126522439277e-9,-0.18433910608291626,0,0.37398648262023926,1.9412706109278588e-8,0.3295576274394989,1],[7.778555044524182e-8,-1,5.089059396112816e-9,0,0.034596458077430725,8.592563105480622e-9,-0.9994013905525208,0,0.999401330947876,1.9331880096729037e-8,0.03459648787975311,0,0.19351084530353546,-2.6611290948608257e-10,0.41744089126586914,1],[7.884272434921513e-8,-1,-2.4048098623552505e-8,0,0.07572201639413834,4.09366585074622e-8,-0.9971290230751038,0,0.997128963470459,1.8212217511859308e-8,0.07572203874588013,0,0.06805868446826935,-1.3775945717497962e-8,0.4206002652645111,1],[6.109673478249533e-8,-1,-9.076891238635199e-9,0,0.3378605246543884,4.0172785986669624e-8,-0.9411961436271667,0,0.9411960244178772,-4.145878751415921e-9,0.3378605246543884,0,-0.14924657344818115,-1.3297629664066335e-8,0.3951520323753357,1],[6.539330144050837e-8,-1,2.0486028429189673e-9,0,0.9179211258888245,7.020056358442162e-8,-0.39676275849342346,0,0.3967626988887787,-3.075708221444984e-8,0.9179210662841797,0,-0.4320571720600128,-2.165483614646746e-8,0.027796711772680283,1],[1,-1.2173637209400567e-8,-1.0043171982943022e-7,0,-1.0595917032674151e-8,1,5.960463766996327e-8,0,1.499663540016627e-7,-5.960463766996327e-8,0.9999998807907104,0,3.134933024284692e-8,-0.33848121762275696,0.25056391954421997,1],[-0.00024923632736317813,-0.9999985098838806,0.0015797908417880535,0,0.3079332709312439,-0.0015798063250258565,-0.9514064192771912,0,0.9514075517654419,0.00024912317167036235,0.30793333053588867,0,-0.328779399394989,0.0006640934152528644,0.3684470057487488,1],[0.0212531927973032,-0.9987583160400391,0.04505368322134018,0,-0.7712472081184387,-0.045053787529468536,-0.6349390745162964,0,0.636180579662323,-0.021253259852528572,-0.7712470293045044,0,0.16044755280017853,0.02488187700510025,0.48493367433547974,1],[8.751857905053839e-8,-0.9999996423721313,-3.1844997749885806e-8,0,-0.9397239089012146,-1.2790212622348918e-7,0.3419332206249237,0,-0.3419330418109894,-2.1501915625776746e-7,-0.9397239089012146,0,0.47421982884407043,6.348790293486672e-8,0.12776130437850952,1],[5.015446546963176e-8,-0.9999996423721313,-7.104866028839751e-8,0,-0.1996549367904663,3.235409451463056e-8,-0.9798660278320312,0,0.9798659086227417,-1.587873299513376e-7,-0.19965478777885437,0,-0.19463206827640533,-7.109733690668918e-9,0.48262539505958557,1],[6.270280294984332e-8,-0.9999998807907104,2.0112956633511203e-8,0,-0.188103586435318,-6.417479880838073e-8,-0.9821490049362183,0,0.9821490049362183,-1.6436638361483347e-7,-0.18810349702835083,0,-0.20985324680805206,-6.949994002525273e-8,0.48994210362434387,1],[-0.3974687457084656,0.9079259634017944,-0.13299541175365448,0,-0.027705064043402672,0.13299594819545746,0.9907292127609253,0,0.9171962141990662,0.39746925234794617,-0.027707749977707863,0,-0.22565613687038422,-0.20026914775371552,-0.42039328813552856,1],[0.3974951207637787,0.9079160094261169,0.13298410177230835,0,-0.027704494073987007,-0.13298462331295013,0.9907307028770447,0,0.9171848297119141,-0.397495299577713,-0.027707410976290703,0,-0.22565215826034546,0.2002713680267334,-0.4203944206237793,1],[0.9999998807907104,1.1164223678861163e-7,5.4365937529610164e-8,0,-4.400496322887193e-8,0.9999997615814209,5.960460924825384e-8,0,1.8306302251858142e-7,-3.576276412786683e-7,0.9999996423721313,0,2.3822805417239579e-7,-0.33848118782043457,0.2505638003349304,1],[0.9999998807907104,6.763725224345762e-8,2.638261094034533e-7,0,-4.263085483311845e-15,0.9999997615814209,8.940696005765858e-8,0,-2.6397133368050163e-8,-3.8742999208807305e-7,0.9999996423721313,0,1.268450802172083e-7,-0.33848124742507935,0.25056377053260803,1],[0.9999998807907104,6.763725224345762e-8,2.638261094034533e-7,0,-4.263085483311845e-15,0.9999997615814209,8.940696005765858e-8,0,-2.6397133368050163e-8,-3.8742999208807305e-7,0.9999996423721313,0,1.268450802172083e-7,-0.33848124742507935,0.25056377053260803,1],[-0.2904855012893677,0.9565951228141785,0.023290740326046944,0,0.0034543925430625677,-0.023291166871786118,0.9997223615646362,0,0.9568712115287781,0.29048651456832886,0.003460144391283393,0,-0.2902887165546417,-0.05302225425839424,-0.4931345283985138,1],[0.29048481583595276,0.9565950036048889,-0.023290051147341728,0,0.0034510770346969366,0.02329084277153015,0.9997220635414124,0,0.9568695425987244,-0.29048633575439453,0.00346165313385427,0,-0.2902865409851074,0.053022600710392,-0.49313485622406006,1],[0.15427614748477936,-0.9657140374183655,-0.20879371464252472,0,0.9395131468772888,0.20879358053207397,-0.27151426672935486,0,0.3057999014854431,-0.1542765200138092,0.9395130276679993,0,-0.5834041237831116,-0.04004766047000885,-0.07115110009908676,1],[-0.15427616238594055,-0.9657140970230103,0.20879366993904114,0,0.9395132064819336,-0.20879358053207397,-0.2715141773223877,0,0.3057997524738312,0.1542760729789734,0.9395131468772888,0,-0.5834040641784668,0.04004742577672005,-0.07115106284618378,1],[-0.6505854725837708,0.2189815193414688,-0.7271763682365417,0,-0.38810285925865173,0.7271764874458313,0.5662069320678711,0,0.6527741551399231,0.6505852937698364,-0.38810330629348755,0,0.03891637176275253,-0.5651576519012451,-0.15414895117282867,1],[0.6505857110023499,0.21898137032985687,0.7271761894226074,0,-0.3881027400493622,-0.7271765470504761,0.5662069916725159,0,0.652774453163147,-0.6505851149559021,-0.38810330629348755,0,0.03891642019152641,0.5651575326919556,-0.1541488617658615,1],[-0.815140426158905,0.47198301553726196,-0.33582380414009094,0,-0.18596908450126648,0.33582404255867004,0.9233836531639099,0,0.5485990643501282,0.8151403069496155,-0.185969740152359,0,-0.041416969150304794,-0.422056645154953,-0.3953865170478821,1],[0.8151406049728394,0.4719824194908142,0.3358239233493805,0,-0.18596923351287842,-0.33582404255867004,0.9233835339546204,0,0.5485990047454834,-0.8151401877403259,-0.185969740152359,0,-0.041416559368371964,0.42205676436424255,-0.39538636803627014,1],[-0.7599603533744812,0.32208511233329773,-0.5645537972450256,0,-0.3245163857936859,0.5645537972450256,0.7589252591133118,0,0.5631594657897949,0.7599600553512573,-0.3245168924331665,0,0.02142282761633396,-0.5129413604736328,-0.2628794014453888,1],[0.7599603533744812,0.3220851719379425,0.5645539164543152,0,-0.3245164453983307,-0.5645537972450256,0.7589253783226013,0,0.5631600022315979,-0.7599599957466125,-0.324516624212265,0,0.02142299711704254,0.5129414796829224,-0.26287931203842163,1],[0.9999998807907104,2.4150786259724555e-8,4.041237389174057e-8,0,-1.037046448715273e-8,0.9999998807907104,5.960462345910855e-8,0,6.002520080983231e-8,-2.682208162241295e-7,0.9999997615814209,0,1.7211450042964316e-8,-0.33848121762275696,0.2505638599395752,1],[0.2009819895029068,-0.878109335899353,0.434200257062912,0,-0.7159409523010254,-0.43420034646987915,-0.546716034412384,0,0.6686064600944519,-0.20098166167736053,-0.7159408330917358,0,0.26676738262176514,0.2392893135547638,0.27245214581489563,1],[0.015545676462352276,-0.999836802482605,0.009174544364213943,0,-0.8753553628921509,-0.009174566715955734,0.48339271545410156,0,-0.4832296073436737,-0.01554570347070694,-0.8753551840782166,0,0.3757202625274658,0.07233089953660965,-0.02632378786802292,1],[0.0152643583714962,-0.9997172951698303,0.01821431703865528,0,-0.9844502210617065,-0.018214475363492966,-0.17471668124198914,0,0.17499908804893494,-0.015264198184013367,-0.9844498038291931,0,0.15032169222831726,0.07379445433616638,0.08818203210830688,1],[8.940098439325084e-8,-0.9999998807907104,0.00001485860047978349,0,0.004262623377144337,-0.000014836843547527678,-0.9999908208847046,0,0.9999904036521912,9.86359012244975e-8,0.004262682981789112,0,-0.09147052466869354,0.07247678190469742,-0.0035978835076093674,1],[-0.2009817212820053,-0.8781093955039978,-0.43420031666755676,0,-0.7159409523010254,0.434200257062912,-0.5467161536216736,0,0.6686065793037415,0.20098158717155457,-0.715940535068512,0,0.26676738262176514,-0.23928925395011902,0.272452175617218,1],[-0.015545529313385487,-0.9998369216918945,-0.009174481965601444,0,-0.8753533363342285,0.009174317121505737,0.4833965301513672,0,-0.48323315382003784,0.015545520931482315,-0.8753532767295837,0,0.37572023272514343,-0.07233091443777084,-0.02632535994052887,1],[-0.015264314599335194,-0.9997174143791199,-0.018214572221040726,0,-0.9844500422477722,0.018214408308267593,-0.17471763491630554,0,0.17500025033950806,0.015264341607689857,-0.9844496846199036,0,0.15032178163528442,-0.07379457354545593,0.08818115293979645,1],[0.000022224032363737933,-0.9999452829360962,-0.010439696721732616,0,0.004240971524268389,0.010439595207571983,-0.9999364018440247,0,0.9999906420707703,-0.000022101608919911087,0.00424124114215374,0,-0.09146802127361298,-0.07243743538856506,-0.004350230097770691,1],[9.363323982825023e-8,-1.0000001192092896,3.247679902784739e-9,0,-0.35154658555984497,-1.8888590247456705e-8,0.9361704587936401,0,-0.9361703991889954,-1.473815416375146e-7,-0.35154664516448975,0,-0.1580185741186142,-3.820001026610953e-8,-0.4663724899291992,1],[6.98572861779212e-8,-1.0000001192092896,-1.5420795307363733e-8,0,-0.2249075472354889,-1.9749679225355976e-8,0.9743801355361938,0,-0.9743800759315491,-1.2318247399889515e-7,-0.22490763664245605,0,-0.3084385395050049,9.091969133123712e-8,-0.42941907048225403,1],[9.430998204607022e-8,-1.0000001192092896,-2.6294715294028492e-9,0,0.014299140311777592,9.706815795595958e-9,0.999897837638855,0,-0.9998977780342102,-1.5292110333575692e-7,0.014299036003649235,0,-0.4783500134944916,6.707241340109249e-8,-0.32457250356674194,1],[6.170759547785565e-8,-1.0000001192092896,1.6852151674129345e-8,0,0.21511760354042053,4.071946690942241e-8,0.9765881896018982,0,-0.9765881299972534,-1.1522089238269473e-7,0.21511748433113098,0,-0.6156533360481262,-4.144597554045504e-8,-0.20493336021900177,1],[0.08842898905277252,-0.9914999008178711,0.09543677419424057,0,-0.9928609728813171,-0.09543686360120773,-0.07154415547847748,0,0.08004419505596161,-0.08842895179986954,-0.9928610324859619,0,0.3841503858566284,0.07072825729846954,-0.23275095224380493,1],[-0.018616139888763428,-0.9997760057449341,-0.010047090239822865,0,-0.8358213901519775,0.01004708744585514,0.5489094257354736,0,-0.5486857295036316,0.018616104498505592,-0.8358214497566223,0,0.03909856081008911,0.07572287321090698,-0.31361743807792664,1],[0.07742811739444733,-0.9940100908279419,0.07712389528751373,0,-0.9969974160194397,-0.07712382078170776,0.006920656189322472,0,-0.0009311464382335544,-0.07742824405431747,-0.9969974756240845,0,0.09842560440301895,0.054898086935281754,-0.3127092719078064,1],[7.459590989356002e-8,-0.9999994039535522,-0.000009217180377163459,0,0.004051391966640949,0.000009253948519472033,-0.9999914765357971,0,0.9999915957450867,-7.688815806261573e-9,0.0040513561107218266,0,0.3074929714202881,0.07871242612600327,0.007308704778552055,1],[-0.08842834085226059,-0.9914998412132263,-0.09543618559837341,0,-0.9928611516952515,0.09543611109256744,-0.07154344767332077,0,0.08004342764616013,0.08842835575342178,-0.9928611516952515,0,0.38415029644966125,-0.07072807848453522,-0.23275113105773926,1],[0.01861635595560074,-0.9997761249542236,0.010047064162790775,0,-0.835821270942688,-0.010047252289950848,0.5489096641540527,0,-0.5486857891082764,-0.01861632615327835,-0.835821270942688,0,0.03909771889448166,-0.07572325319051743,-0.3136168420314789,1],[-0.07742805033922195,-0.9940102100372314,-0.07712377607822418,0,-0.9969974756240845,0.07712370157241821,0.006921777036041021,0,-0.0009321841644123197,0.07742807269096375,-0.9969974160194397,0,0.0984242632985115,-0.05489843338727951,-0.31270933151245117,1],[5.2112991255626184e-8,-0.9999996423721313,-0.000005507732112164376,0,0.004050715826451778,0.000005517163117474411,-0.9999917149543762,0,0.9999915957450867,-3.7250288187351543e-8,0.004050782416015863,0,0.3074929118156433,-0.0787133201956749,0.007306439336389303,1]],"uuid":"3f28b64e-3818-4531-a97e-8d2a77b363a0"}]}