{"metadata":{"version":4.6,"type":"Object","generator":"Astral.Object3D.toJSON"},"object":{"uuid":"7cd226c7-8fe7-4c76-ba12-b5ccbff9b065","type":"Object3D","name":"道路01_3","userData":{"name":"道路01"},"layers":1,"matrix":[1,0,0,0,0,1,0,0,0,0,1,0,0,0,0,1],"up":[0,1,0],"children":[{"uuid":"03fd4aba-36b6-4e74-a925-bc5bd0eef247","type":"Mesh","name":"Obj3d66-1664118-29-836001_1","userData":{"name":"Obj3d66-1664118-29-836001"},"layers":1,"matrix":[1,0,0,0,0,1,0,0,0,0,1,0,0,0,0,1],"up":[0,1,0],"geometry":"4a8fb37b-ca2f-40a0-ba26-ade69fa92f96","material":"20e8e8dc-e9cb-40cf-8b5b-ea9529400afc"},{"uuid":"cbfc2389-b699-454a-8f7a-ce8446f78f6d","type":"Mesh","name":"Obj3d66-1664118-29-836001_1_1","userData":{"name":"Obj3d66-1664118-29-836001_1"},"layers":1,"matrix":[1,0,0,0,0,1,0,0,0,0,1,0,0,0,0,1],"up":[0,1,0],"geometry":"04c5fff2-cfeb-4e83-afcc-6b662215ee74","material":"68d05506-a521-48bf-87d1-037d959dc808"},{"uuid":"a4158f0c-f984-4c13-a77d-35ec91c78f37","type":"Mesh","name":"Obj3d66-1664118-29-836001_2_1","userData":{"name":"Obj3d66-1664118-29-836001_2"},"layers":1,"matrix":[1,0,0,0,0,1,0,0,0,0,1,0,0,0,0,1],"up":[0,1,0],"geometry":"5f9c353d-c975-42ac-8a6c-59f44957bffd","material":"cf1f490c-def2-468e-8b84-5da75d604107"},{"uuid":"b21ed12d-ab79-4c25-94fb-89c2e8db6aae","type":"Mesh","name":"Obj3d66-1664118-29-836001_3_1","userData":{"name":"Obj3d66-1664118-29-836001_3"},"layers":1,"matrix":[1,0,0,0,0,1,0,0,0,0,1,0,0,0,0,1],"up":[0,1,0],"geometry":"47e9c7ad-4e1a-4177-a13b-1d6a608d60ad","material":"a8165a84-523f-4c61-ab46-2bf34307e133"},{"uuid":"0f5806a0-12b0-4968-a021-6678e015dce0","type":"Mesh","name":"Obj3d66-1664118-29-836001_4_1","userData":{"name":"Obj3d66-1664118-29-836001_4"},"layers":1,"matrix":[1,0,0,0,0,1,0,0,0,0,1,0,0,0,0,1],"up":[0,1,0],"geometry":"c466d2a5-ed87-48ff-8083-60ba6ca6df73","material":"6e0ce8f5-1e80-4b83-a8f3-0a820f189406"},{"uuid":"c5426006-a5f2-4321-9cd3-cfa9aa234d5d","type":"Mesh","name":"Obj3d66-1664118-29-836001_5_1","userData":{"name":"Obj3d66-1664118-29-836001_5"},"layers":1,"matrix":[1,0,0,0,0,1,0,0,0,0,1,0,0,0,0,1],"up":[0,1,0],"geometry":"10618841-6023-4b82-9aa0-d1aeb13e3175","material":"41782097-59c3-4294-b434-cf7932a1fe74"}]},"geometries":[],"images":["c28dc188-69e9-412a-aae4-baf76dfd486a.png","060ead9e-9ea0-41bb-8826-3761fffff325.png","8f8d1683-749a-469c-811d-28de3c601e5c.png","0b1f8407-bb0a-4d06-8f1a-0e46c125aca0.png"],"textures":[{"uuid":"9da5308f-cec5-4b65-a44e-26d885c03afe","name":"Image_4","image":"c28dc188-69e9-412a-aae4-baf76dfd486a","mapping":300,"channel":0,"repeat":[1,1],"offset":[0,0],"center":[0,0],"rotation":0,"wrap":[1000,1000],"format":1023,"internalFormat":null,"type":1009,"colorSpace":"srgb","minFilter":1008,"magFilter":1006,"anisotropy":1,"flipY":false,"generateMipmaps":true,"premultiplyAlpha":false,"unpackAlignment":4,"userData":{"mimeType":"image/jpeg"}},{"uuid":"63d5e85d-865a-408b-a658-e5c511a967c7","name":"Image_0","image":"060ead9e-9ea0-41bb-8826-3761fffff325","mapping":300,"channel":0,"repeat":[1,1],"offset":[0,0],"center":[0,0],"rotation":0,"wrap":[1000,1000],"format":1023,"internalFormat":null,"type":1009,"colorSpace":"srgb","minFilter":1008,"magFilter":1006,"anisotropy":1,"flipY":false,"generateMipmaps":true,"premultiplyAlpha":false,"unpackAlignment":4,"userData":{"mimeType":"image/jpeg"}},{"uuid":"154e1f59-79a2-4048-8178-3470a9dd3bed","name":"Image_1","image":"8f8d1683-749a-469c-811d-28de3c601e5c","mapping":300,"channel":0,"repeat":[1,1],"offset":[0,0],"center":[0,0],"rotation":0,"wrap":[1000,1000],"format":1023,"internalFormat":null,"type":1009,"colorSpace":"srgb","minFilter":1008,"magFilter":1006,"anisotropy":1,"flipY":false,"generateMipmaps":true,"premultiplyAlpha":false,"unpackAlignment":4,"userData":{"mimeType":"image/jpeg"}},{"uuid":"9ca79110-1e18-4a5b-a09a-cf7b821e7061","name":"Image_3","image":"0b1f8407-bb0a-4d06-8f1a-0e46c125aca0","mapping":300,"channel":0,"repeat":[1,1],"offset":[0,0],"center":[0,0],"rotation":0,"wrap":[1000,1000],"format":1023,"internalFormat":null,"type":1009,"colorSpace":"srgb","minFilter":1008,"magFilter":1006,"anisotropy":1,"flipY":false,"generateMipmaps":true,"premultiplyAlpha":false,"unpackAlignment":4,"userData":{"mimeType":"image/jpeg"}}],"materials":[{"uuid":"20e8e8dc-e9cb-40cf-8b5b-ea9529400afc","type":"MeshStandardMaterial","name":"Mat3d66-1664118-1-7344.001","color":16777215,"roughness":1,"metalness":0,"emissive":0,"map":"9da5308f-cec5-4b65-a44e-26d885c03afe","envMapRotation":[0,0,0,"XYZ"],"envMapIntensity":1,"side":2,"blendColor":0},{"uuid":"68d05506-a521-48bf-87d1-037d959dc808","type":"MeshStandardMaterial","name":"Mat3d66-1664118-7-4551","color":12369084,"roughness":0.7283464670181274,"metalness":0.21259842813014984,"emissive":0,"envMapRotation":[0,0,0,"XYZ"],"envMapIntensity":1,"side":2,"blendColor":0},{"uuid":"cf1f490c-def2-468e-8b84-5da75d604107","type":"MeshStandardMaterial","name":"Mat3d66-1664118-3-1555","color":16777215,"roughness":1,"metalness":0,"emissive":0,"map":"63d5e85d-865a-408b-a658-e5c511a967c7","envMapRotation":[0,0,0,"XYZ"],"envMapIntensity":1,"side":2,"blendColor":0},{"uuid":"a8165a84-523f-4c61-ab46-2bf34307e133","type":"MeshStandardMaterial","name":"Mat3d66-1664118-4-3660","color":16777215,"roughness":1,"metalness":0,"emissive":0,"map":"154e1f59-79a2-4048-8178-3470a9dd3bed","envMapRotation":[0,0,0,"XYZ"],"envMapIntensity":1,"side":2,"blendColor":0},{"uuid":"6e0ce8f5-1e80-4b83-a8f3-0a820f189406","type":"MeshStandardMaterial","name":"Mat3d66-1664118-2-1056","color":15198183,"roughness":1,"metalness":0,"emissive":0,"envMapRotation":[0,0,0,"XYZ"],"envMapIntensity":1,"side":2,"blendColor":0},{"uuid":"41782097-59c3-4294-b434-cf7932a1fe74","type":"MeshStandardMaterial","name":"Mat3d66-1664118-5-9553","color":16777215,"roughness":1,"metalness":0,"emissive":0,"map":"9ca79110-1e18-4a5b-a09a-cf7b821e7061","envMapRotation":[0,0,0,"XYZ"],"envMapIntensity":1,"side":2,"blendColor":0}]}