{"metadata":{"version":4.6,"type":"Object","generator":"Astral.Object3D.toJSON"},"object":{"uuid":"1bd4ffc5-bf9d-4dc5-8a58-6005f77f183b","type":"Group","name":"枫树02","userData":{"name":"枫树02"},"layers":1,"matrix":[1,0,0,0,0,1,0,0,0,0,1,0,0,0,0,1],"up":[0,1,0],"children":[{"uuid":"57b399e1-cfd1-4f62-994c-b38f81bfa52d","type":"Mesh","name":"AM113_029_Fraxinus","layers":1,"matrix":[1,0,0,0,0,1,0,0,0,0,1,0,0,0,0,1],"up":[0,1,0],"geometry":"7dea12a9-a8c7-4a55-a11d-f30ca1c16389","material":"9c47b49d-8c08-45cf-a534-c5415e9de121"},{"uuid":"22f3c281-c54c-4a5d-890d-2d3818102369","type":"Mesh","name":"AM113_029_Fraxinus_1","layers":1,"matrix":[1,0,0,0,0,1,0,0,0,0,1,0,0,0,0,1],"up":[0,1,0],"geometry":"19753e09-a383-4952-a5b1-04e827915c2e","material":"ab50a27e-cae6-495d-aaf7-c0f6dd47c245"}]},"geometries":[],"images":["c4d34886-36f2-4147-be1f-fa5e7a06e124.png","0fed51f2-f890-4eaa-a12f-14e98130d603.png"],"textures":[],"materials":[]}