{"metadata":{"version":4.6,"type":"Object","generator":"Astral.Object3D.toJSON"},"object":{"uuid":"170e54be-93d2-46e5-91de-b47302a01f97","type":"Object3D","name":"住宅楼20_1","userData":{"name":"住宅楼20"},"layers":1,"matrix":[1,0,0,0,0,1,0,0,0,0,1,0,0,0,0,1],"up":[0,1,0],"children":[{"uuid":"c4a0693c-e433-47e9-9196-0ebc9199079c","type":"Mesh","name":"网格352","userData":{"name":"网格352"},"layers":1,"matrix":[1,0,0,0,0,1,0,0,0,0,1,0,0,0,0,1],"up":[0,1,0],"geometry":"3ad02a63-d23c-4465-b631-e6bd8b94949e","material":"f4cdbeda-71e9-44ff-9ba4-4e6b94b1d55e"},{"uuid":"9233f979-7e0f-4d3c-9e30-e60ad26ae15f","type":"Mesh","name":"网格352_1","userData":{"name":"网格352_1"},"layers":1,"matrix":[1,0,0,0,0,1,0,0,0,0,1,0,0,0,0,1],"up":[0,1,0],"geometry":"7314801a-eee9-4b73-8638-024af989e0c4","material":"5c0bedfb-d40a-42ce-86c5-36f6d8534d54"},{"uuid":"ef7f3468-0512-493f-b87a-204b0603e3f7","type":"Mesh","name":"网格352_2","userData":{"name":"网格352_2"},"layers":1,"matrix":[1,0,0,0,0,1,0,0,0,0,1,0,0,0,0,1],"up":[0,1,0],"geometry":"25ed531c-310a-49c0-b63b-5367b101197e","material":"91b2e2f5-2988-4416-8830-93e7ae05b726"},{"uuid":"30f27a04-0522-488f-99fb-0d076583873b","type":"Mesh","name":"网格352_3","userData":{"name":"网格352_3"},"layers":1,"matrix":[1,0,0,0,0,1,0,0,0,0,1,0,0,0,0,1],"up":[0,1,0],"geometry":"f4581e63-58a6-4231-8f39-97b50897e600","material":"9c6b07f2-1133-4b40-8da1-2c14c1b351b4"},{"uuid":"c48814d6-4a9c-4eeb-8231-2bfca3ce8845","type":"Mesh","name":"网格352_4","userData":{"name":"网格352_4"},"layers":1,"matrix":[1,0,0,0,0,1,0,0,0,0,1,0,0,0,0,1],"up":[0,1,0],"geometry":"cb9dbb50-7ecc-426f-90d6-2817805f5ab8","material":"a9d0f1ec-0849-432d-a96a-d195ff27c047"},{"uuid":"f94423bc-45bc-4bb8-aa03-fcf145c6b46a","type":"Mesh","name":"网格352_5","userData":{"name":"网格352_5"},"layers":1,"matrix":[1,0,0,0,0,1,0,0,0,0,1,0,0,0,0,1],"up":[0,1,0],"geometry":"8465da6d-a9a9-4b01-bc50-af129ba5fcdd","material":"6a30dfae-9c5b-450a-a501-de37cf6734da"},{"uuid":"59a1ddbb-d1c7-4fef-9c8d-b9da0c1edd33","type":"Mesh","name":"网格352_6","userData":{"name":"网格352_6"},"layers":1,"matrix":[1,0,0,0,0,1,0,0,0,0,1,0,0,0,0,1],"up":[0,1,0],"geometry":"538636e5-e0cb-43c8-854f-36ceede704f1","material":"246094fb-4413-496a-b2a2-c1a89d72178d"}]},"geometries":[],"images":["984cf130-28ae-48fa-8f30-c8c2dc7c2656.png","aaebc841-7b36-462a-85a2-3769435aa462.png","b9b69656-cef9-43d3-a646-8a9616c183ce.png","3fc526f8-793b-4d8a-b923-4e8fb954a259.png"],"textures":[{"uuid":"7e6b9ae8-3955-4953-96d8-73d0d348f2ea","name":"3d66Model-1577993-files-15","image":"984cf130-28ae-48fa-8f30-c8c2dc7c2656","mapping":300,"channel":0,"repeat":[1,1],"offset":[0,0],"center":[0,0],"rotation":0,"wrap":[1000,1000],"format":1023,"internalFormat":null,"type":1009,"colorSpace":"srgb","minFilter":1008,"magFilter":1006,"anisotropy":1,"flipY":false,"generateMipmaps":true,"premultiplyAlpha":false,"unpackAlignment":4,"userData":{"mimeType":"image/jpeg"}},{"uuid":"46fb025d-d203-4616-a729-20ffe8ce109d","name":"3d66Model-1577993-files-12","image":"aaebc841-7b36-462a-85a2-3769435aa462","mapping":300,"channel":0,"repeat":[1,1],"offset":[0,0],"center":[0,0],"rotation":0,"wrap":[1000,1000],"format":1023,"internalFormat":null,"type":1009,"colorSpace":"srgb","minFilter":1008,"magFilter":1006,"anisotropy":1,"flipY":false,"generateMipmaps":true,"premultiplyAlpha":false,"unpackAlignment":4,"userData":{"mimeType":"image/jpeg"}},{"uuid":"630973cd-954a-4b17-8438-20d8c6121eac","name":"3d66Model-1577993-files-2","image":"b9b69656-cef9-43d3-a646-8a9616c183ce","mapping":300,"channel":0,"repeat":[1,1],"offset":[0,0],"center":[0,0],"rotation":0,"wrap":[1000,1000],"format":1023,"internalFormat":null,"type":1009,"colorSpace":"srgb","minFilter":1008,"magFilter":1006,"anisotropy":1,"flipY":false,"generateMipmaps":true,"premultiplyAlpha":false,"unpackAlignment":4,"userData":{"mimeType":"image/jpeg"}},{"uuid":"e4695ec7-e0a8-41e9-92bd-d7a74ebe8c69","name":"3d66Model-1577993-files-17","image":"3fc526f8-793b-4d8a-b923-4e8fb954a259","mapping":300,"channel":0,"repeat":[1,1],"offset":[0,0],"center":[0,0],"rotation":0,"wrap":[1000,1000],"format":1023,"internalFormat":null,"type":1009,"colorSpace":"srgb","minFilter":1008,"magFilter":1006,"anisotropy":1,"flipY":false,"generateMipmaps":true,"premultiplyAlpha":false,"unpackAlignment":4,"userData":{"mimeType":"image/jpeg"}}],"materials":[{"uuid":"f4cdbeda-71e9-44ff-9ba4-4e6b94b1d55e","type":"MeshStandardMaterial","name":"Mat3d66-1577993-8-7818","color":16777215,"roughness":0.858578622341156,"metalness":0,"emissive":0,"map":"7e6b9ae8-3955-4953-96d8-73d0d348f2ea","envMapRotation":[0,0,0,"XYZ"],"envMapIntensity":1,"side":2,"blendColor":0},{"uuid":"5c0bedfb-d40a-42ce-86c5-36f6d8534d54","type":"MeshStandardMaterial","name":"Mat3d66-1577993-3-1257","color":8686998,"roughness":0.49637389183044434,"metalness":0,"emissive":0,"envMapRotation":[0,0,0,"XYZ"],"envMapIntensity":1,"side":2,"opacity":0.9448819160461426,"transparent":true,"blendColor":0,"depthWrite":false},{"uuid":"91b2e2f5-2988-4416-8830-93e7ae05b726","type":"MeshStandardMaterial","name":"Mat3d66-1577993-5-2090","color":7566195,"roughness":0.5121219158172607,"metalness":0,"emissive":0,"envMapRotation":[0,0,0,"XYZ"],"envMapIntensity":1,"side":2,"blendColor":0},{"uuid":"9c6b07f2-1133-4b40-8da1-2c14c1b351b4","type":"MeshStandardMaterial","name":"Mat3d66-1577993-16-7587","color":16777215,"roughness":1,"metalness":0,"emissive":0,"map":"46fb025d-d203-4616-a729-20ffe8ce109d","envMapRotation":[0,0,0,"XYZ"],"envMapIntensity":1,"side":2,"blendColor":0},{"uuid":"a9d0f1ec-0849-432d-a96a-d195ff27c047","type":"MeshStandardMaterial","name":"Mat3d66-1577993-23-7916","color":16777215,"roughness":0.858578622341156,"metalness":0,"emissive":0,"map":"630973cd-954a-4b17-8438-20d8c6121eac","envMapRotation":[0,0,0,"XYZ"],"envMapIntensity":1,"side":2,"blendColor":0},{"uuid":"6a30dfae-9c5b-450a-a501-de37cf6734da","type":"MeshStandardMaterial","name":"Mat3d66-1577993-7-1903","color":15989247,"roughness":0.5514919757843018,"metalness":0.10236220806837082,"emissive":0,"envMapRotation":[0,0,0,"XYZ"],"envMapIntensity":1,"side":2,"blendColor":0},{"uuid":"246094fb-4413-496a-b2a2-c1a89d72178d","type":"MeshStandardMaterial","name":"Mat3d66-1577993-4-8819","color":16777215,"roughness":1,"metalness":0,"emissive":0,"map":"e4695ec7-e0a8-41e9-92bd-d7a74ebe8c69","envMapRotation":[0,0,0,"XYZ"],"envMapIntensity":1,"side":2,"blendColor":0}]}