{"metadata":{"version":4.6,"type":"Object","generator":"Astral.Object3D.toJSON"},"object":{"uuid":"c14bcb53-4b8c-4933-8e02-2b27f379ebee","type":"Group","name":"枫树02","userData":{"name":"枫树02"},"layers":1,"matrix":[1,0,0,0,0,1,0,0,0,0,1,0,0,0,0,1],"up":[0,1,0],"children":[{"uuid":"9fc4636e-98c1-471c-bbdb-ceac40634514","type":"Mesh","name":"AM113_029_Fraxinus","layers":1,"matrix":[1,0,0,0,0,1,0,0,0,0,1,0,0,0,0,1],"up":[0,1,0],"geometry":"7dea12a9-a8c7-4a55-a11d-f30ca1c16389","material":"9c47b49d-8c08-45cf-a534-c5415e9de121"},{"uuid":"b6061b3b-efe9-4de2-a9f1-626d93532846","type":"Mesh","name":"AM113_029_Fraxinus_1","layers":1,"matrix":[1,0,0,0,0,1,0,0,0,0,1,0,0,0,0,1],"up":[0,1,0],"geometry":"19753e09-a383-4952-a5b1-04e827915c2e","material":"ab50a27e-cae6-495d-aaf7-c0f6dd47c245"}]},"geometries":[],"images":["786848e2-f393-4b8a-8442-dcf00b3f66fc.png","ccf90cea-01f0-4316-8fd7-407b1b686f60.png"],"textures":[],"materials":[]}