{"metadata":{"version":4.6,"type":"Object","generator":"Astral.Object3D.toJSON"},"object":{"uuid":"272cbd9b-ca86-4cf5-9d4e-5a603dfe8c8b","type":"Object3D","name":"住宅楼40_1","userData":{"name":"住宅楼40"},"layers":1,"matrix":[1,0,0,0,0,1,0,0,0,0,1,0,0,0,0,1],"up":[0,1,0],"children":[{"uuid":"a5fbe7fd-f844-4ab7-a60f-f69955d29a04","type":"Mesh","name":"网格064","userData":{"name":"网格064"},"layers":1,"matrix":[1,0,0,0,0,1,0,0,0,0,1,0,0,0,0,1],"up":[0,1,0],"geometry":"53b9c7b0-4a74-46b1-a05a-2c312002c790","material":"99437850-bbc7-418a-ad6f-b76d289482f3"},{"uuid":"90611c86-3088-4d57-9872-469d91530b02","type":"Mesh","name":"网格064_1","userData":{"name":"网格064_1"},"layers":1,"matrix":[1,0,0,0,0,1,0,0,0,0,1,0,0,0,0,1],"up":[0,1,0],"geometry":"18f7d82d-8149-487c-a7df-f18500415c79","material":"c3d05cfd-8a24-42ba-a818-9a13c843925b"},{"uuid":"0f917f38-d82e-4aa5-a744-f7ce0bdc8e6d","type":"Mesh","name":"网格064_2","userData":{"name":"网格064_2"},"layers":1,"matrix":[1,0,0,0,0,1,0,0,0,0,1,0,0,0,0,1],"up":[0,1,0],"geometry":"98f27cb0-de79-4e26-876c-44923277392d","material":"c867db47-dcd0-4544-b3fe-087927ad13ae"},{"uuid":"42a63f7f-82de-4f65-baca-2c071dc6ef6c","type":"Mesh","name":"网格064_3","userData":{"name":"网格064_3"},"layers":1,"matrix":[1,0,0,0,0,1,0,0,0,0,1,0,0,0,0,1],"up":[0,1,0],"geometry":"2a5d1e2a-27a3-4093-870d-f37a4e0e96ce","material":"11ea7663-ccf0-4c69-b6a9-0df1e29241e9"},{"uuid":"cdeb4554-f090-4803-9a8a-7d3ad6325852","type":"Mesh","name":"网格064_4","userData":{"name":"网格064_4"},"layers":1,"matrix":[1,0,0,0,0,1,0,0,0,0,1,0,0,0,0,1],"up":[0,1,0],"geometry":"2f91c123-a7b7-483e-a3e2-444fd01a9019","material":"c0a64908-54d4-4770-9bc8-0d55926bf6ec"},{"uuid":"6838f7ac-ab77-43bc-80ee-045048c1f048","type":"Mesh","name":"网格064_5","userData":{"name":"网格064_5"},"layers":1,"matrix":[1,0,0,0,0,1,0,0,0,0,1,0,0,0,0,1],"up":[0,1,0],"geometry":"c76bd6b2-de43-4a44-a45a-9884478cdce4","material":"e2945869-f817-4ddd-881d-e75076cfcc36"},{"uuid":"e7f6388f-2a6d-43b6-a2d9-11882834eb2a","type":"Mesh","name":"网格064_6","userData":{"name":"网格064_6"},"layers":1,"matrix":[1,0,0,0,0,1,0,0,0,0,1,0,0,0,0,1],"up":[0,1,0],"geometry":"7d66a15e-0aa9-423f-971c-516a14683a5f","material":"f1d4cadb-0b2a-47f7-9a72-b221d80864ba"}]},"geometries":[],"images":["d7268225-0594-46d7-b2d2-5debb64555e7.png","0153138d-e3bb-4298-87f5-02f1cb475b8f.png","ce0d1499-d07d-42fe-a046-ca37a9d42b9c.png","1344a6a1-509a-4315-9afa-e2b9011808ad.png","822adc55-c6d8-429b-b1cd-a536c69a68ce.png"],"textures":[{"uuid":"1f9e272a-ad36-46f0-93bf-cc1370d84442","name":"3d66Model-1577993-files-2","image":"d7268225-0594-46d7-b2d2-5debb64555e7","mapping":300,"channel":0,"repeat":[1,1],"offset":[0,0],"center":[0,0],"rotation":0,"wrap":[1000,1000],"format":1023,"internalFormat":null,"type":1009,"colorSpace":"srgb","minFilter":1008,"magFilter":1006,"anisotropy":1,"flipY":false,"generateMipmaps":true,"premultiplyAlpha":false,"unpackAlignment":4,"userData":{"mimeType":"image/jpeg"}},{"uuid":"7cb8f09e-1e8a-4025-aeb2-96ac97d1b945","name":"3d66Model-1577993-files-19","image":"0153138d-e3bb-4298-87f5-02f1cb475b8f","mapping":300,"channel":0,"repeat":[1,1],"offset":[0,0],"center":[0,0],"rotation":0,"wrap":[1000,1000],"format":1023,"internalFormat":null,"type":1009,"colorSpace":"srgb","minFilter":1008,"magFilter":1006,"anisotropy":1,"flipY":false,"generateMipmaps":true,"premultiplyAlpha":false,"unpackAlignment":4,"userData":{"mimeType":"image/jpeg"}},{"uuid":"49020932-09fa-4fdf-a60f-3c1e69fd2e74","name":"3d66Model-1577993-files-12","image":"ce0d1499-d07d-42fe-a046-ca37a9d42b9c","mapping":300,"channel":0,"repeat":[1,1],"offset":[0,0],"center":[0,0],"rotation":0,"wrap":[1000,1000],"format":1023,"internalFormat":null,"type":1009,"colorSpace":"srgb","minFilter":1008,"magFilter":1006,"anisotropy":1,"flipY":false,"generateMipmaps":true,"premultiplyAlpha":false,"unpackAlignment":4,"userData":{"mimeType":"image/jpeg"}},{"uuid":"63b533e5-2de7-4c67-bf61-ed5d31e52ba2","name":"3d66Model-1577993-files-1","image":"1344a6a1-509a-4315-9afa-e2b9011808ad","mapping":300,"channel":0,"repeat":[1,1],"offset":[0,0],"center":[0,0],"rotation":0,"wrap":[1000,1000],"format":1023,"internalFormat":null,"type":1009,"colorSpace":"srgb","minFilter":1008,"magFilter":1006,"anisotropy":1,"flipY":false,"generateMipmaps":true,"premultiplyAlpha":false,"unpackAlignment":4,"userData":{"mimeType":"image/jpeg"}},{"uuid":"d8304de8-0494-4466-94b2-76c417c413ae","name":"3d66Model-1577993-files-17","image":"822adc55-c6d8-429b-b1cd-a536c69a68ce","mapping":300,"channel":0,"repeat":[1,1],"offset":[0,0],"center":[0,0],"rotation":0,"wrap":[1000,1000],"format":1023,"internalFormat":null,"type":1009,"colorSpace":"srgb","minFilter":1008,"magFilter":1006,"anisotropy":1,"flipY":false,"generateMipmaps":true,"premultiplyAlpha":false,"unpackAlignment":4,"userData":{"mimeType":"image/jpeg"}}],"materials":[{"uuid":"99437850-bbc7-418a-ad6f-b76d289482f3","type":"MeshStandardMaterial","name":"Mat3d66-1577993-23-7916","color":16777215,"roughness":0.858578622341156,"metalness":0,"emissive":0,"map":"1f9e272a-ad36-46f0-93bf-cc1370d84442","envMapRotation":[0,0,0,"XYZ"],"envMapIntensity":1,"side":2,"blendColor":0},{"uuid":"c3d05cfd-8a24-42ba-a818-9a13c843925b","type":"MeshStandardMaterial","name":"Mat3d66-1577993-3-1257","color":8686998,"roughness":0.49637389183044434,"metalness":0,"emissive":0,"envMapRotation":[0,0,0,"XYZ"],"envMapIntensity":1,"side":2,"opacity":0.9448819160461426,"transparent":true,"blendColor":0,"depthWrite":false},{"uuid":"c867db47-dcd0-4544-b3fe-087927ad13ae","type":"MeshStandardMaterial","name":"Mat3d66-1577993-21-8593","color":16777215,"roughness":0.858578622341156,"metalness":0,"emissive":0,"map":"7cb8f09e-1e8a-4025-aeb2-96ac97d1b945","envMapRotation":[0,0,0,"XYZ"],"envMapIntensity":1,"side":2,"blendColor":0},{"uuid":"11ea7663-ccf0-4c69-b6a9-0df1e29241e9","type":"MeshStandardMaterial","name":"Mat3d66-1577993-5-2090","color":7566195,"roughness":0.5121219158172607,"metalness":0,"emissive":0,"envMapRotation":[0,0,0,"XYZ"],"envMapIntensity":1,"side":2,"blendColor":0},{"uuid":"c0a64908-54d4-4770-9bc8-0d55926bf6ec","type":"MeshStandardMaterial","name":"Mat3d66-1577993-16-7587","color":16777215,"roughness":1,"metalness":0,"emissive":0,"map":"49020932-09fa-4fdf-a60f-3c1e69fd2e74","envMapRotation":[0,0,0,"XYZ"],"envMapIntensity":1,"side":2,"blendColor":0},{"uuid":"e2945869-f817-4ddd-881d-e75076cfcc36","type":"MeshStandardMaterial","name":"Mat3d66-1577993-6-9835","color":16777215,"roughness":0.693224310874939,"metalness":0,"emissive":0,"map":"63b533e5-2de7-4c67-bf61-ed5d31e52ba2","envMapRotation":[0,0,0,"XYZ"],"envMapIntensity":1,"side":2,"blendColor":0},{"uuid":"f1d4cadb-0b2a-47f7-9a72-b221d80864ba","type":"MeshStandardMaterial","name":"Mat3d66-1577993-4-8819","color":16777215,"roughness":1,"metalness":0,"emissive":0,"map":"d8304de8-0494-4466-94b2-76c417c413ae","envMapRotation":[0,0,0,"XYZ"],"envMapIntensity":1,"side":2,"blendColor":0}]}