{"metadata":{"version":4.6,"type":"Object","generator":"Astral.Object3D.toJSON"},"object":{"uuid":"66d8fdc3-6da5-42fd-8f68-9059e4d6d8d6","type":"Object3D","name":"住宅楼29_1","userData":{"name":"住宅楼29"},"layers":1,"matrix":[1,0,0,0,0,1,0,0,0,0,1,0,0,0,0,1],"up":[0,1,0],"children":[{"uuid":"1de2337f-7108-4565-bda7-a0e5084cca84","type":"Mesh","name":"网格257","userData":{"name":"网格257"},"layers":1,"matrix":[1,0,0,0,0,1,0,0,0,0,1,0,0,0,0,1],"up":[0,1,0],"geometry":"1a2add28-ee3e-4e95-b678-f4862db0f605","material":"73a93ddb-3142-4447-8f07-dd5b6b32c22a"},{"uuid":"b2e69481-6e69-4872-acfe-20c5b0f0b8ef","type":"Mesh","name":"网格257_1","userData":{"name":"网格257_1"},"layers":1,"matrix":[1,0,0,0,0,1,0,0,0,0,1,0,0,0,0,1],"up":[0,1,0],"geometry":"61240fb2-5a1e-489a-9786-9d64411a76df","material":"26dbc6b9-c346-4337-88c4-90aa2104298c"},{"uuid":"c3126bd4-fc47-4f06-9abe-75df71a291e0","type":"Mesh","name":"网格257_2","userData":{"name":"网格257_2"},"layers":1,"matrix":[1,0,0,0,0,1,0,0,0,0,1,0,0,0,0,1],"up":[0,1,0],"geometry":"35d14a21-9adb-4133-be62-e54dd5b1fb95","material":"15aae534-0c9d-4752-ae78-b4111cc142cd"},{"uuid":"f518e7a7-d2a1-4b83-af1b-23fc5df30ad1","type":"Mesh","name":"网格257_3","userData":{"name":"网格257_3"},"layers":1,"matrix":[1,0,0,0,0,1,0,0,0,0,1,0,0,0,0,1],"up":[0,1,0],"geometry":"014f0359-0fd9-424b-bbf8-a50fc2c971a5","material":"287591b9-e064-4018-b987-047c27165477"},{"uuid":"0ab1a76c-49cc-487b-b521-cb8c7259c64e","type":"Mesh","name":"网格257_4","userData":{"name":"网格257_4"},"layers":1,"matrix":[1,0,0,0,0,1,0,0,0,0,1,0,0,0,0,1],"up":[0,1,0],"geometry":"e15eeddb-26a5-40ed-af6b-f9ae76bede78","material":"72de81fb-b849-4e69-ab25-af042bc45c78"},{"uuid":"552e2759-60ca-45c7-9918-cfd3f4f39eee","type":"Mesh","name":"网格257_5","userData":{"name":"网格257_5"},"layers":1,"matrix":[1,0,0,0,0,1,0,0,0,0,1,0,0,0,0,1],"up":[0,1,0],"geometry":"68a15162-9538-4e51-b071-0aebd1d4f3d3","material":"584c1611-1c80-4bf1-a5e8-e0d2a89e7477"},{"uuid":"6da645d5-80d8-4cc4-9657-32ba8cec0738","type":"Mesh","name":"网格257_6","userData":{"name":"网格257_6"},"layers":1,"matrix":[1,0,0,0,0,1,0,0,0,0,1,0,0,0,0,1],"up":[0,1,0],"geometry":"51784110-1874-42cf-bca3-0b21ae979039","material":"86096641-20dd-49e9-bd3e-70b6324acc46"},{"uuid":"f3e2eaff-6d7e-4273-bdf0-1cf3e1379e71","type":"Mesh","name":"网格257_7","userData":{"name":"网格257_7"},"layers":1,"matrix":[1,0,0,0,0,1,0,0,0,0,1,0,0,0,0,1],"up":[0,1,0],"geometry":"93996dd1-0f42-42ef-a771-8dad21fa2614","material":"83436f43-d6bb-4fd9-becd-a045070ce498"},{"uuid":"b6aff0a3-66a3-48fa-b8d8-53059a8cecb2","type":"Mesh","name":"网格257_8","userData":{"name":"网格257_8"},"layers":1,"matrix":[1,0,0,0,0,1,0,0,0,0,1,0,0,0,0,1],"up":[0,1,0],"geometry":"61dacc19-24e0-4a1f-9865-96cab13b910d","material":"409ae797-a334-4374-ae05-64341c2d35ce"},{"uuid":"513ca0cc-af22-480a-94d5-810c10faec0e","type":"Mesh","name":"网格257_9","userData":{"name":"网格257_9"},"layers":1,"matrix":[1,0,0,0,0,1,0,0,0,0,1,0,0,0,0,1],"up":[0,1,0],"geometry":"86f84b84-81d7-4649-a5ea-75befe74ec88","material":"cd3b4fe5-dd85-4905-95dc-5ccb5fa8fee1"},{"uuid":"18bd80db-173c-4a5e-b96f-9a79e8bd83d3","type":"Mesh","name":"网格257_10","userData":{"name":"网格257_10"},"layers":1,"matrix":[1,0,0,0,0,1,0,0,0,0,1,0,0,0,0,1],"up":[0,1,0],"geometry":"5dc7df99-5334-4d3b-9ed4-46cd8b197a30","material":"67ab121e-7e27-4972-87f8-f36842e03b3b"}]},"geometries":[],"images":["7ad36b8e-3f5f-4f04-93d0-d8e31717806b.png","bf0c3ce8-afb0-43d4-a268-db6d7a7ff104.png","a86e583d-c353-4852-877b-6ed289b03fc5.png","885ece53-8073-4256-a219-7fb4ee2a9f95.png","f65774da-6163-4cfe-bf1c-563bfb3c5fb8.png","e046bcf3-0964-474f-bf27-a65cd06f23fb.png","ef338c5f-811d-4a64-b3eb-3da2c189ad26.png","ac390552-7023-42cc-b418-b5e41d9384a7.png","549f8fe9-524c-4067-a753-175d3d38ae24.png"],"textures":[{"uuid":"207a606c-8303-49d5-b547-31235bf2b8d8","name":"3d66Model-1577993-files-19","image":"7ad36b8e-3f5f-4f04-93d0-d8e31717806b","mapping":300,"channel":0,"repeat":[1,1],"offset":[0,0],"center":[0,0],"rotation":0,"wrap":[1000,1000],"format":1023,"internalFormat":null,"type":1009,"colorSpace":"srgb","minFilter":1008,"magFilter":1006,"anisotropy":1,"flipY":false,"generateMipmaps":true,"premultiplyAlpha":false,"unpackAlignment":4,"userData":{"mimeType":"image/jpeg"}},{"uuid":"0d02dfa2-a741-4006-aa3f-d251ef7d9254","name":"3d66Model-1577993-files-8","image":"bf0c3ce8-afb0-43d4-a268-db6d7a7ff104","mapping":300,"channel":0,"repeat":[1,1],"offset":[0,0],"center":[0,0],"rotation":0,"wrap":[1000,1000],"format":1023,"internalFormat":null,"type":1009,"colorSpace":"srgb","minFilter":1008,"magFilter":1006,"anisotropy":1,"flipY":false,"generateMipmaps":true,"premultiplyAlpha":false,"unpackAlignment":4,"userData":{"mimeType":"image/jpeg"}},{"uuid":"a7bcb5a9-b194-4e3f-90f5-8f1eea3ce254","name":"3d66Model-1577993-files-4","image":"a86e583d-c353-4852-877b-6ed289b03fc5","mapping":300,"channel":0,"repeat":[1,1],"offset":[0,0],"center":[0,0],"rotation":0,"wrap":[1000,1000],"format":1023,"internalFormat":null,"type":1009,"colorSpace":"srgb","minFilter":1008,"magFilter":1006,"anisotropy":1,"flipY":false,"generateMipmaps":true,"premultiplyAlpha":false,"unpackAlignment":4,"userData":{"mimeType":"image/jpeg"}},{"uuid":"d3336f2b-2906-4a66-8878-4049364ed034","name":"3d66Model-1577993-files-3","image":"885ece53-8073-4256-a219-7fb4ee2a9f95","mapping":300,"channel":0,"repeat":[1,1],"offset":[0,0],"center":[0,0],"rotation":0,"wrap":[1000,1000],"format":1023,"internalFormat":null,"type":1009,"colorSpace":"srgb","minFilter":1008,"magFilter":1006,"anisotropy":1,"flipY":false,"generateMipmaps":true,"premultiplyAlpha":false,"unpackAlignment":4,"userData":{"mimeType":"image/jpeg"}},{"uuid":"9d3f3d60-c51c-428e-ba27-367381d3d33d","name":"3d66Model-1577993-files-12","image":"f65774da-6163-4cfe-bf1c-563bfb3c5fb8","mapping":300,"channel":0,"repeat":[1,1],"offset":[0,0],"center":[0,0],"rotation":0,"wrap":[1000,1000],"format":1023,"internalFormat":null,"type":1009,"colorSpace":"srgb","minFilter":1008,"magFilter":1006,"anisotropy":1,"flipY":false,"generateMipmaps":true,"premultiplyAlpha":false,"unpackAlignment":4,"userData":{"mimeType":"image/jpeg"}},{"uuid":"17a05f2d-e91a-40d4-a783-952a9c7c1ab0","name":"3d66Model-1577993-files-13","image":"e046bcf3-0964-474f-bf27-a65cd06f23fb","mapping":300,"channel":0,"repeat":[1,1],"offset":[0,0],"center":[0,0],"rotation":0,"wrap":[1000,1000],"format":1023,"internalFormat":null,"type":1009,"colorSpace":"srgb","minFilter":1008,"magFilter":1006,"anisotropy":1,"flipY":false,"generateMipmaps":true,"premultiplyAlpha":false,"unpackAlignment":4,"userData":{"mimeType":"image/jpeg"}},{"uuid":"b556b220-2bdd-4b2a-a0d5-c99a795cdb8c","name":"3d66Model-1577993-files-1","image":"ef338c5f-811d-4a64-b3eb-3da2c189ad26","mapping":300,"channel":0,"repeat":[1,1],"offset":[0,0],"center":[0,0],"rotation":0,"wrap":[1000,1000],"format":1023,"internalFormat":null,"type":1009,"colorSpace":"srgb","minFilter":1008,"magFilter":1006,"anisotropy":1,"flipY":false,"generateMipmaps":true,"premultiplyAlpha":false,"unpackAlignment":4,"userData":{"mimeType":"image/jpeg"}},{"uuid":"8273bcae-0ad5-4f6a-8e96-30e369bed2bd","name":"3d66Model-1577993-files-15","image":"ac390552-7023-42cc-b418-b5e41d9384a7","mapping":300,"channel":0,"repeat":[1,1],"offset":[0,0],"center":[0,0],"rotation":0,"wrap":[1000,1000],"format":1023,"internalFormat":null,"type":1009,"colorSpace":"srgb","minFilter":1008,"magFilter":1006,"anisotropy":1,"flipY":false,"generateMipmaps":true,"premultiplyAlpha":false,"unpackAlignment":4,"userData":{"mimeType":"image/jpeg"}},{"uuid":"a6ce67f8-2ede-41ad-9af1-61b8e1f73ee4","name":"3d66Model-1577993-files-17","image":"549f8fe9-524c-4067-a753-175d3d38ae24","mapping":300,"channel":0,"repeat":[1,1],"offset":[0,0],"center":[0,0],"rotation":0,"wrap":[1000,1000],"format":1023,"internalFormat":null,"type":1009,"colorSpace":"srgb","minFilter":1008,"magFilter":1006,"anisotropy":1,"flipY":false,"generateMipmaps":true,"premultiplyAlpha":false,"unpackAlignment":4,"userData":{"mimeType":"image/jpeg"}}],"materials":[{"uuid":"73a93ddb-3142-4447-8f07-dd5b6b32c22a","type":"MeshStandardMaterial","name":"Mat3d66-1577993-21-8593","color":16777215,"roughness":0.858578622341156,"metalness":0,"emissive":0,"map":"207a606c-8303-49d5-b547-31235bf2b8d8","envMapRotation":[0,0,0,"XYZ"],"envMapIntensity":1,"side":2,"blendColor":0},{"uuid":"26dbc6b9-c346-4337-88c4-90aa2104298c","type":"MeshStandardMaterial","name":"Mat3d66-1577993-14-7131","color":16777215,"roughness":1,"metalness":0,"emissive":0,"map":"0d02dfa2-a741-4006-aa3f-d251ef7d9254","envMapRotation":[0,0,0,"XYZ"],"envMapIntensity":1,"side":2,"opacity":0.9448819160461426,"blendColor":0},{"uuid":"15aae534-0c9d-4752-ae78-b4111cc142cd","type":"MeshStandardMaterial","name":"Mat3d66-1577993-5-2090","color":7566195,"roughness":0.5121219158172607,"metalness":0,"emissive":0,"envMapRotation":[0,0,0,"XYZ"],"envMapIntensity":1,"side":2,"blendColor":0},{"uuid":"287591b9-e064-4018-b987-047c27165477","type":"MeshStandardMaterial","name":"Mat3d66-1577993-3-1257","color":8686998,"roughness":0.49637389183044434,"metalness":0,"emissive":0,"envMapRotation":[0,0,0,"XYZ"],"envMapIntensity":1,"side":2,"opacity":0.9448819160461426,"transparent":true,"blendColor":0,"depthWrite":false},{"uuid":"72de81fb-b849-4e69-ab25-af042bc45c78","type":"MeshStandardMaterial","name":"Mat3d66-1577993-25-5742","color":16777215,"roughness":0.858578622341156,"metalness":0,"emissive":0,"map":"a7bcb5a9-b194-4e3f-90f5-8f1eea3ce254","envMapRotation":[0,0,0,"XYZ"],"envMapIntensity":1,"side":2,"blendColor":0},{"uuid":"584c1611-1c80-4bf1-a5e8-e0d2a89e7477","type":"MeshStandardMaterial","name":"Mat3d66-1577993-13-1457","color":16777215,"roughness":0.858578622341156,"metalness":0,"emissive":0,"map":"d3336f2b-2906-4a66-8878-4049364ed034","envMapRotation":[0,0,0,"XYZ"],"envMapIntensity":1,"side":2,"blendColor":0},{"uuid":"86096641-20dd-49e9-bd3e-70b6324acc46","type":"MeshStandardMaterial","name":"Mat3d66-1577993-16-7587","color":16777215,"roughness":1,"metalness":0,"emissive":0,"map":"9d3f3d60-c51c-428e-ba27-367381d3d33d","envMapRotation":[0,0,0,"XYZ"],"envMapIntensity":1,"side":2,"blendColor":0},{"uuid":"83436f43-d6bb-4fd9-becd-a045070ce498","type":"MeshStandardMaterial","name":"Mat3d66-1577993-1-9524","color":16777215,"roughness":0.5433070659637451,"metalness":0,"emissive":0,"map":"17a05f2d-e91a-40d4-a783-952a9c7c1ab0","envMapRotation":[0,0,0,"XYZ"],"envMapIntensity":1,"side":2,"blendColor":0},{"uuid":"409ae797-a334-4374-ae05-64341c2d35ce","type":"MeshStandardMaterial","name":"Mat3d66-1577993-6-9835","color":16777215,"roughness":0.693224310874939,"metalness":0,"emissive":0,"map":"b556b220-2bdd-4b2a-a0d5-c99a795cdb8c","envMapRotation":[0,0,0,"XYZ"],"envMapIntensity":1,"side":2,"blendColor":0},{"uuid":"cd3b4fe5-dd85-4905-95dc-5ccb5fa8fee1","type":"MeshStandardMaterial","name":"Mat3d66-1577993-8-7818","color":16777215,"roughness":0.858578622341156,"metalness":0,"emissive":0,"map":"8273bcae-0ad5-4f6a-8e96-30e369bed2bd","envMapRotation":[0,0,0,"XYZ"],"envMapIntensity":1,"side":2,"blendColor":0},{"uuid":"67ab121e-7e27-4972-87f8-f36842e03b3b","type":"MeshStandardMaterial","name":"Mat3d66-1577993-4-8819","color":16777215,"roughness":1,"metalness":0,"emissive":0,"map":"a6ce67f8-2ede-41ad-9af1-61b8e1f73ee4","envMapRotation":[0,0,0,"XYZ"],"envMapIntensity":1,"side":2,"blendColor":0}]}