{"metadata":{"version":4.6,"type":"Object","generator":"Astral.Object3D.toJSON"},"object":{"uuid":"971a6d97-304e-4061-94a1-cf7c969942d6","type":"Object3D","name":"住宅楼17_5","userData":{"name":"住宅楼17"},"layers":1,"matrix":[1,0,0,0,0,1,0,0,0,0,1,0,0,0,0,1],"up":[0,1,0],"children":[{"uuid":"08fb4281-a2d9-4023-847d-00407ba47928","type":"Mesh","name":"网格363_2","userData":{"name":"网格363"},"layers":1,"matrix":[1,0,0,0,0,1,0,0,0,0,1,0,0,0,0,1],"up":[0,1,0],"geometry":"e55802be-28ea-4d8d-8370-9c5100c684dc","material":"52bb70e3-94d1-4bab-9951-39e58b3e9b0b"},{"uuid":"7ec322ac-2371-431f-86f8-81b027e1563c","type":"Mesh","name":"网格363_1_2","userData":{"name":"网格363_1"},"layers":1,"matrix":[1,0,0,0,0,1,0,0,0,0,1,0,0,0,0,1],"up":[0,1,0],"geometry":"341e4097-011e-484a-9118-46959aa39b12","material":"5c2fd6fb-2674-4758-a924-8af677b25995"},{"uuid":"87d3c833-d499-4332-8b0d-40c75a797958","type":"Mesh","name":"网格363_2_2","userData":{"name":"网格363_2"},"layers":1,"matrix":[1,0,0,0,0,1,0,0,0,0,1,0,0,0,0,1],"up":[0,1,0],"geometry":"728808be-1675-4327-a39d-062b00c7528c","material":"14cf84e0-502d-446e-9aac-6c83b4c98637"},{"uuid":"d8bbbb86-23c8-43b0-abde-a0233ea0958c","type":"Mesh","name":"网格363_3_2","userData":{"name":"网格363_3"},"layers":1,"matrix":[1,0,0,0,0,1,0,0,0,0,1,0,0,0,0,1],"up":[0,1,0],"geometry":"936f906e-6561-4450-b529-6384c747d537","material":"d8040e45-c95e-4a1c-9fad-5996c0487fea"},{"uuid":"068febb1-3bf2-4e9c-8c57-07ab43786115","type":"Mesh","name":"网格363_4_2","userData":{"name":"网格363_4"},"layers":1,"matrix":[1,0,0,0,0,1,0,0,0,0,1,0,0,0,0,1],"up":[0,1,0],"geometry":"9d5b4f7d-70d9-4df2-8fae-64c72d6ab923","material":"11e38db3-e820-4074-8608-65a41459565a"},{"uuid":"bad8de33-ca4a-488c-ac6e-88e94ffc9042","type":"Mesh","name":"网格363_5_2","userData":{"name":"网格363_5"},"layers":1,"matrix":[1,0,0,0,0,1,0,0,0,0,1,0,0,0,0,1],"up":[0,1,0],"geometry":"c0c1b804-1f4b-42b7-bada-ccae72c9a5a0","material":"12bf110d-e99b-49d0-be72-c7a2bae7e4af"},{"uuid":"ca58395d-90d3-40cd-816e-07d1d6d22a77","type":"Mesh","name":"网格363_6_2","userData":{"name":"网格363_6"},"layers":1,"matrix":[1,0,0,0,0,1,0,0,0,0,1,0,0,0,0,1],"up":[0,1,0],"geometry":"d2a510e7-092e-4442-9888-1fe996af1f60","material":"59686c62-caad-4391-910a-e7dbb3f64713"},{"uuid":"b221e6f8-9552-46bb-aeed-d2f40db8ee49","type":"Mesh","name":"网格363_7_2","userData":{"name":"网格363_7"},"layers":1,"matrix":[1,0,0,0,0,1,0,0,0,0,1,0,0,0,0,1],"up":[0,1,0],"geometry":"85be07ca-f539-4750-898c-e69f26ea53dc","material":"7f9cde8f-58ca-45d1-8b57-c49b251d0ad9"},{"uuid":"59145c80-6639-47a9-81b9-a3e8bb03159f","type":"Mesh","name":"网格363_8_2","userData":{"name":"网格363_8"},"layers":1,"matrix":[1,0,0,0,0,1,0,0,0,0,1,0,0,0,0,1],"up":[0,1,0],"geometry":"a1f47f13-eb09-463a-b84b-48b518d61783","material":"9c953c99-2dbf-4d00-8d00-0b9ed1973677"},{"uuid":"cc83b289-dd4a-47bf-9c52-ac5836a427fc","type":"Mesh","name":"网格363_9_2","userData":{"name":"网格363_9"},"layers":1,"matrix":[1,0,0,0,0,1,0,0,0,0,1,0,0,0,0,1],"up":[0,1,0],"geometry":"99068e7a-af2b-402e-8453-a0b69aa0ae0f","material":"77acae38-ceb4-4df2-b3cd-29739cbd5d4f"},{"uuid":"d532609e-523b-44ef-90d8-dc395a4a8cfb","type":"Mesh","name":"网格363_10_2","userData":{"name":"网格363_10"},"layers":1,"matrix":[1,0,0,0,0,1,0,0,0,0,1,0,0,0,0,1],"up":[0,1,0],"geometry":"3e385cbd-17f0-44be-ab6f-bef54d7d30ec","material":"bf68b2d6-b94f-4338-a343-a77fe3c35ab5"},{"uuid":"cd89d3b1-9f94-45f1-9e65-bdaf13343e57","type":"Mesh","name":"网格363_11_2","userData":{"name":"网格363_11"},"layers":1,"matrix":[1,0,0,0,0,1,0,0,0,0,1,0,0,0,0,1],"up":[0,1,0],"geometry":"5127b2b0-d312-4335-829b-f74404629773","material":"c45e88d5-b9a5-4c5e-96ce-c7e0440dd61c"},{"uuid":"f9d02764-4946-4184-aea5-3b77506d6326","type":"Mesh","name":"网格363_12_2","userData":{"name":"网格363_12"},"layers":1,"matrix":[1,0,0,0,0,1,0,0,0,0,1,0,0,0,0,1],"up":[0,1,0],"geometry":"b47ba5ed-07d7-411d-b55f-dd2afbb771c9","material":"621406b0-e9f9-4714-bcde-84ba2fcdc236"},{"uuid":"f314129a-7ad4-4167-a5f8-c98ef1352115","type":"Mesh","name":"网格363_13_2","userData":{"name":"网格363_13"},"layers":1,"matrix":[1,0,0,0,0,1,0,0,0,0,1,0,0,0,0,1],"up":[0,1,0],"geometry":"c4ab9b01-ec48-44be-a583-190d312a25aa","material":"bf38feb8-9b91-4ab1-8242-0e2807dc0a9a"}]},"geometries":[],"images":["88a04900-75d4-4826-9d5d-ce89deb8f8c0.png","00c0a149-177b-4a02-bf3f-43eb9a5baa24.png","6bcb2f7a-c9ea-4ead-8d42-79f4499e217c.png","d3037662-16b8-4515-b999-83cb2c890448.png","c7bf7560-d88e-4544-b759-48b8c30a799e.png","70481b1e-bc60-40de-8d4b-7b263396bae2.png","61877d74-e599-4864-8c11-f4b6221f9643.png","9bfd8d38-b3d9-4da1-8869-0e7d3dc8c0c2.png","a0f87cef-f9f7-4cd0-a430-e66d495e0398.png","e6d66686-a537-42cd-8c4e-362d7d2a60df.png"],"textures":[],"materials":[]}