{"metadata":{"version":4.6,"type":"Object","generator":"Astral.Object3D.toJSON"},"object":{"uuid":"1fcd7de8-67d3-4161-a289-02387459d9e3","type":"Object3D","name":"住宅楼17_3","userData":{"name":"住宅楼17"},"layers":1,"matrix":[1,0,0,0,0,1,0,0,0,0,1,0,0,0,0,1],"up":[0,1,0],"children":[{"uuid":"de73ca95-7f21-42c1-bd33-1d8b8e41538d","type":"Mesh","name":"网格363_1","userData":{"name":"网格363"},"layers":1,"matrix":[1,0,0,0,0,1,0,0,0,0,1,0,0,0,0,1],"up":[0,1,0],"geometry":"e55802be-28ea-4d8d-8370-9c5100c684dc","material":"52bb70e3-94d1-4bab-9951-39e58b3e9b0b"},{"uuid":"085297df-833e-456f-9e24-27df899b6175","type":"Mesh","name":"网格363_1_1","userData":{"name":"网格363_1"},"layers":1,"matrix":[1,0,0,0,0,1,0,0,0,0,1,0,0,0,0,1],"up":[0,1,0],"geometry":"341e4097-011e-484a-9118-46959aa39b12","material":"5c2fd6fb-2674-4758-a924-8af677b25995"},{"uuid":"c9c669da-f563-4f8d-8471-68b500a0ef38","type":"Mesh","name":"网格363_2_1","userData":{"name":"网格363_2"},"layers":1,"matrix":[1,0,0,0,0,1,0,0,0,0,1,0,0,0,0,1],"up":[0,1,0],"geometry":"728808be-1675-4327-a39d-062b00c7528c","material":"14cf84e0-502d-446e-9aac-6c83b4c98637"},{"uuid":"a4f85056-c1e4-4fe5-811d-a5538bbcc2f0","type":"Mesh","name":"网格363_3_1","userData":{"name":"网格363_3"},"layers":1,"matrix":[1,0,0,0,0,1,0,0,0,0,1,0,0,0,0,1],"up":[0,1,0],"geometry":"936f906e-6561-4450-b529-6384c747d537","material":"d8040e45-c95e-4a1c-9fad-5996c0487fea"},{"uuid":"c6ba97bf-49a9-490b-95ef-e37efee7f18a","type":"Mesh","name":"网格363_4_1","userData":{"name":"网格363_4"},"layers":1,"matrix":[1,0,0,0,0,1,0,0,0,0,1,0,0,0,0,1],"up":[0,1,0],"geometry":"9d5b4f7d-70d9-4df2-8fae-64c72d6ab923","material":"11e38db3-e820-4074-8608-65a41459565a"},{"uuid":"ba93f799-0153-45cc-bf46-e0d599c70bd5","type":"Mesh","name":"网格363_5_1","userData":{"name":"网格363_5"},"layers":1,"matrix":[1,0,0,0,0,1,0,0,0,0,1,0,0,0,0,1],"up":[0,1,0],"geometry":"c0c1b804-1f4b-42b7-bada-ccae72c9a5a0","material":"12bf110d-e99b-49d0-be72-c7a2bae7e4af"},{"uuid":"c2a2552a-07e0-410c-a793-fad52514b6ca","type":"Mesh","name":"网格363_6_1","userData":{"name":"网格363_6"},"layers":1,"matrix":[1,0,0,0,0,1,0,0,0,0,1,0,0,0,0,1],"up":[0,1,0],"geometry":"d2a510e7-092e-4442-9888-1fe996af1f60","material":"59686c62-caad-4391-910a-e7dbb3f64713"},{"uuid":"5986506f-c0d5-45ee-9bcd-ef4c5b21680f","type":"Mesh","name":"网格363_7_1","userData":{"name":"网格363_7"},"layers":1,"matrix":[1,0,0,0,0,1,0,0,0,0,1,0,0,0,0,1],"up":[0,1,0],"geometry":"85be07ca-f539-4750-898c-e69f26ea53dc","material":"7f9cde8f-58ca-45d1-8b57-c49b251d0ad9"},{"uuid":"6de1db15-8a76-4529-aafb-f9a9483ad4a4","type":"Mesh","name":"网格363_8_1","userData":{"name":"网格363_8"},"layers":1,"matrix":[1,0,0,0,0,1,0,0,0,0,1,0,0,0,0,1],"up":[0,1,0],"geometry":"a1f47f13-eb09-463a-b84b-48b518d61783","material":"9c953c99-2dbf-4d00-8d00-0b9ed1973677"},{"uuid":"740d5634-bdd1-4f4e-80d4-305ae3b46766","type":"Mesh","name":"网格363_9_1","userData":{"name":"网格363_9"},"layers":1,"matrix":[1,0,0,0,0,1,0,0,0,0,1,0,0,0,0,1],"up":[0,1,0],"geometry":"99068e7a-af2b-402e-8453-a0b69aa0ae0f","material":"77acae38-ceb4-4df2-b3cd-29739cbd5d4f"},{"uuid":"ff99d5dc-f41c-42d6-98f9-4686bc7dc6fc","type":"Mesh","name":"网格363_10_1","userData":{"name":"网格363_10"},"layers":1,"matrix":[1,0,0,0,0,1,0,0,0,0,1,0,0,0,0,1],"up":[0,1,0],"geometry":"3e385cbd-17f0-44be-ab6f-bef54d7d30ec","material":"bf68b2d6-b94f-4338-a343-a77fe3c35ab5"},{"uuid":"701e68d6-6957-4fea-ad1f-7e8bd759728d","type":"Mesh","name":"网格363_11_1","userData":{"name":"网格363_11"},"layers":1,"matrix":[1,0,0,0,0,1,0,0,0,0,1,0,0,0,0,1],"up":[0,1,0],"geometry":"5127b2b0-d312-4335-829b-f74404629773","material":"c45e88d5-b9a5-4c5e-96ce-c7e0440dd61c"},{"uuid":"6be2ca3d-f1b6-4a53-9015-c1c67911f029","type":"Mesh","name":"网格363_12_1","userData":{"name":"网格363_12"},"layers":1,"matrix":[1,0,0,0,0,1,0,0,0,0,1,0,0,0,0,1],"up":[0,1,0],"geometry":"b47ba5ed-07d7-411d-b55f-dd2afbb771c9","material":"621406b0-e9f9-4714-bcde-84ba2fcdc236"},{"uuid":"380b45ec-a830-466c-9a29-226ddaf19bec","type":"Mesh","name":"网格363_13_1","userData":{"name":"网格363_13"},"layers":1,"matrix":[1,0,0,0,0,1,0,0,0,0,1,0,0,0,0,1],"up":[0,1,0],"geometry":"c4ab9b01-ec48-44be-a583-190d312a25aa","material":"bf38feb8-9b91-4ab1-8242-0e2807dc0a9a"}]},"geometries":[],"images":["8c374afc-5c34-4fcc-836a-49310c0a6ffb.png","b8b75816-0b4f-486b-923a-5f14ec4bd089.png","4f3d8235-7b4a-4582-819a-06b7d7f55fd9.png","6e9fcbd9-7553-4fba-9710-7f682ec092c5.png","90e648e5-885a-4e64-9183-1429283b10d9.png","89efe834-3ac0-49f0-b4cd-843ed6ba63a5.png","8ca39f5d-f8d4-4284-9e85-b6564127d273.png","f809fdd9-ca5a-43cf-932a-f45fd1bdda78.png","b7d6d07c-593b-4aa9-a4c8-7787403a550e.png","e01dbe79-6138-4946-8cde-0b592f021108.png"],"textures":[{"uuid":"e1b5e974-1b90-48e1-8a73-9c106d90b0c6","name":"3d66Model-1577993-files-17","image":"8c374afc-5c34-4fcc-836a-49310c0a6ffb","mapping":300,"channel":0,"repeat":[1,1],"offset":[0,0],"center":[0,0],"rotation":0,"wrap":[1000,1000],"format":1023,"internalFormat":null,"type":1009,"colorSpace":"srgb","minFilter":1008,"magFilter":1006,"anisotropy":1,"flipY":false,"generateMipmaps":true,"premultiplyAlpha":false,"unpackAlignment":4,"userData":{"mimeType":"image/jpeg"}},{"uuid":"d41504b9-d949-4c6f-aa61-55438a080969","name":"3d66Model-1577993-files-3","image":"b8b75816-0b4f-486b-923a-5f14ec4bd089","mapping":300,"channel":0,"repeat":[1,1],"offset":[0,0],"center":[0,0],"rotation":0,"wrap":[1000,1000],"format":1023,"internalFormat":null,"type":1009,"colorSpace":"srgb","minFilter":1008,"magFilter":1006,"anisotropy":1,"flipY":false,"generateMipmaps":true,"premultiplyAlpha":false,"unpackAlignment":4,"userData":{"mimeType":"image/jpeg"}},{"uuid":"c8bb4c09-c17d-43bc-94ff-a53fea1aa0f6","name":"3d66Model-1577993-files-12","image":"4f3d8235-7b4a-4582-819a-06b7d7f55fd9","mapping":300,"channel":0,"repeat":[1,1],"offset":[0,0],"center":[0,0],"rotation":0,"wrap":[1000,1000],"format":1023,"internalFormat":null,"type":1009,"colorSpace":"srgb","minFilter":1008,"magFilter":1006,"anisotropy":1,"flipY":false,"generateMipmaps":true,"premultiplyAlpha":false,"unpackAlignment":4,"userData":{"mimeType":"image/jpeg"}},{"uuid":"17b96398-cd85-4356-9222-29c7d8b000fd","name":"3d66Model-1577993-files-13","image":"6e9fcbd9-7553-4fba-9710-7f682ec092c5","mapping":300,"channel":0,"repeat":[1,1],"offset":[0,0],"center":[0,0],"rotation":0,"wrap":[1000,1000],"format":1023,"internalFormat":null,"type":1009,"colorSpace":"srgb","minFilter":1008,"magFilter":1006,"anisotropy":1,"flipY":false,"generateMipmaps":true,"premultiplyAlpha":false,"unpackAlignment":4,"userData":{"mimeType":"image/jpeg"}},{"uuid":"bab2d42a-0a56-4eb0-acd1-4e4c6c833e4a","name":"3d66Model-1577993-files-6","image":"90e648e5-885a-4e64-9183-1429283b10d9","mapping":300,"channel":0,"repeat":[1,1],"offset":[0,0],"center":[0,0],"rotation":0,"wrap":[1000,1000],"format":1023,"internalFormat":null,"type":1009,"colorSpace":"srgb","minFilter":1008,"magFilter":1006,"anisotropy":1,"flipY":false,"generateMipmaps":true,"premultiplyAlpha":false,"unpackAlignment":4,"userData":{"mimeType":"image/jpeg"}},{"uuid":"27fb3037-3c90-43d5-83c6-578387af819e","name":"3d66Model-1577993-files-20","image":"89efe834-3ac0-49f0-b4cd-843ed6ba63a5","mapping":300,"channel":0,"repeat":[1,1],"offset":[0,0],"center":[0,0],"rotation":0,"wrap":[1000,1000],"format":1023,"internalFormat":null,"type":1009,"colorSpace":"srgb","minFilter":1008,"magFilter":1006,"anisotropy":1,"flipY":false,"generateMipmaps":true,"premultiplyAlpha":false,"unpackAlignment":4,"userData":{"mimeType":"image/png"}},{"uuid":"a493724d-6417-41a7-a176-e89a7edacb02","name":"3d66Model-1577993-files-1","image":"8ca39f5d-f8d4-4284-9e85-b6564127d273","mapping":300,"channel":0,"repeat":[1,1],"offset":[0,0],"center":[0,0],"rotation":0,"wrap":[1000,1000],"format":1023,"internalFormat":null,"type":1009,"colorSpace":"srgb","minFilter":1008,"magFilter":1006,"anisotropy":1,"flipY":false,"generateMipmaps":true,"premultiplyAlpha":false,"unpackAlignment":4,"userData":{"mimeType":"image/jpeg"}},{"uuid":"f1c9bcb1-1b08-40c9-a225-7ce9ad2a9a76","name":"3d66Model-1577993-files-14","image":"f809fdd9-ca5a-43cf-932a-f45fd1bdda78","mapping":300,"channel":0,"repeat":[1,1],"offset":[0,0],"center":[0,0],"rotation":0,"wrap":[1000,1000],"format":1023,"internalFormat":null,"type":1009,"colorSpace":"srgb","minFilter":1008,"magFilter":1006,"anisotropy":1,"flipY":false,"generateMipmaps":true,"premultiplyAlpha":false,"unpackAlignment":4,"userData":{"mimeType":"image/jpeg"}},{"uuid":"d3952ff5-d3fe-445c-8e10-7a8eb97dd735","name":"3d66Model-1577993-files-19","image":"b7d6d07c-593b-4aa9-a4c8-7787403a550e","mapping":300,"channel":0,"repeat":[1,1],"offset":[0,0],"center":[0,0],"rotation":0,"wrap":[1000,1000],"format":1023,"internalFormat":null,"type":1009,"colorSpace":"srgb","minFilter":1008,"magFilter":1006,"anisotropy":1,"flipY":false,"generateMipmaps":true,"premultiplyAlpha":false,"unpackAlignment":4,"userData":{"mimeType":"image/jpeg"}},{"uuid":"99ce8e1d-9720-40fd-b7e1-443c0dd13a47","name":"3d66Model-1577993-files-15","image":"e01dbe79-6138-4946-8cde-0b592f021108","mapping":300,"channel":0,"repeat":[1,1],"offset":[0,0],"center":[0,0],"rotation":0,"wrap":[1000,1000],"format":1023,"internalFormat":null,"type":1009,"colorSpace":"srgb","minFilter":1008,"magFilter":1006,"anisotropy":1,"flipY":false,"generateMipmaps":true,"premultiplyAlpha":false,"unpackAlignment":4,"userData":{"mimeType":"image/jpeg"}}],"materials":[{"uuid":"52bb70e3-94d1-4bab-9951-39e58b3e9b0b","type":"MeshStandardMaterial","name":"Mat3d66-1577993-4-8819","color":16777215,"roughness":1,"metalness":0,"emissive":0,"map":"e1b5e974-1b90-48e1-8a73-9c106d90b0c6","envMapRotation":[0,0,0,"XYZ"],"envMapIntensity":1,"side":2,"blendColor":0},{"uuid":"5c2fd6fb-2674-4758-a924-8af677b25995","type":"MeshStandardMaterial","name":"Mat3d66-1577993-11-148","color":12444385,"roughness":0.5829880833625793,"metalness":0,"emissive":0,"envMapRotation":[0,0,0,"XYZ"],"envMapIntensity":1,"side":2,"blendColor":0},{"uuid":"14cf84e0-502d-446e-9aac-6c83b4c98637","type":"MeshStandardMaterial","name":"Mat3d66-1577993-13-1457","color":16777215,"roughness":0.858578622341156,"metalness":0,"emissive":0,"map":"d41504b9-d949-4c6f-aa61-55438a080969","envMapRotation":[0,0,0,"XYZ"],"envMapIntensity":1,"side":2,"blendColor":0},{"uuid":"d8040e45-c95e-4a1c-9fad-5996c0487fea","type":"MeshStandardMaterial","name":"Mat3d66-1577993-16-7587","color":16777215,"roughness":1,"metalness":0,"emissive":0,"map":"c8bb4c09-c17d-43bc-94ff-a53fea1aa0f6","envMapRotation":[0,0,0,"XYZ"],"envMapIntensity":1,"side":2,"blendColor":0},{"uuid":"11e38db3-e820-4074-8608-65a41459565a","type":"MeshStandardMaterial","name":"Mat3d66-1577993-5-2090","color":7566195,"roughness":0.5121219158172607,"metalness":0,"emissive":0,"envMapRotation":[0,0,0,"XYZ"],"envMapIntensity":1,"side":2,"blendColor":0},{"uuid":"12bf110d-e99b-49d0-be72-c7a2bae7e4af","type":"MeshStandardMaterial","name":"Mat3d66-1577993-1-9524","color":16777215,"roughness":0.5433070659637451,"metalness":0,"emissive":0,"map":"17b96398-cd85-4356-9222-29c7d8b000fd","envMapRotation":[0,0,0,"XYZ"],"envMapIntensity":1,"side":2,"blendColor":0},{"uuid":"59686c62-caad-4391-910a-e7dbb3f64713","type":"MeshStandardMaterial","name":"Mat3d66-1577993-22-1201","color":16777215,"roughness":0.858578622341156,"metalness":0,"emissive":0,"map":"bab2d42a-0a56-4eb0-acd1-4e4c6c833e4a","envMapRotation":[0,0,0,"XYZ"],"envMapIntensity":1,"side":2,"blendColor":0},{"uuid":"7f9cde8f-58ca-45d1-8b57-c49b251d0ad9","type":"MeshStandardMaterial","name":"Mat3d66-1577993-7-1903","color":15989247,"roughness":0.5514919757843018,"metalness":0.10236220806837082,"emissive":0,"envMapRotation":[0,0,0,"XYZ"],"envMapIntensity":1,"side":2,"blendColor":0},{"uuid":"9c953c99-2dbf-4d00-8d00-0b9ed1973677","type":"MeshStandardMaterial","name":"Mat3d66-1577993-2-88","color":10915189,"roughness":0.47081997990608215,"metalness":0,"emissive":0,"map":"27fb3037-3c90-43d5-83c6-578387af819e","envMapRotation":[0,0,0,"XYZ"],"envMapIntensity":1,"side":2,"transparent":true,"blendColor":0,"depthWrite":false},{"uuid":"77acae38-ceb4-4df2-b3cd-29739cbd5d4f","type":"MeshStandardMaterial","name":"Mat3d66-1577993-6-9835","color":16777215,"roughness":0.693224310874939,"metalness":0,"emissive":0,"map":"a493724d-6417-41a7-a176-e89a7edacb02","envMapRotation":[0,0,0,"XYZ"],"envMapIntensity":1,"side":2,"blendColor":0},{"uuid":"bf68b2d6-b94f-4338-a343-a77fe3c35ab5","type":"MeshStandardMaterial","name":"Mat3d66-1577993-19-3215","color":16777215,"roughness":0.858578622341156,"metalness":1,"emissive":0,"map":"f1c9bcb1-1b08-40c9-a225-7ce9ad2a9a76","envMapRotation":[0,0,0,"XYZ"],"envMapIntensity":1,"side":2,"blendColor":0},{"uuid":"c45e88d5-b9a5-4c5e-96ce-c7e0440dd61c","type":"MeshStandardMaterial","name":"Mat3d66-1577993-21-8593","color":16777215,"roughness":0.858578622341156,"metalness":0,"emissive":0,"map":"d3952ff5-d3fe-445c-8e10-7a8eb97dd735","envMapRotation":[0,0,0,"XYZ"],"envMapIntensity":1,"side":2,"blendColor":0},{"uuid":"621406b0-e9f9-4714-bcde-84ba2fcdc236","type":"MeshStandardMaterial","name":"Mat3d66-1577993-3-1257","color":8686998,"roughness":0.49637389183044434,"metalness":0,"emissive":0,"envMapRotation":[0,0,0,"XYZ"],"envMapIntensity":1,"side":2,"opacity":0.9448819160461426,"transparent":true,"blendColor":0,"depthWrite":false},{"uuid":"bf38feb8-9b91-4ab1-8242-0e2807dc0a9a","type":"MeshStandardMaterial","name":"Mat3d66-1577993-8-7818","color":16777215,"roughness":0.858578622341156,"metalness":0,"emissive":0,"map":"99ce8e1d-9720-40fd-b7e1-443c0dd13a47","envMapRotation":[0,0,0,"XYZ"],"envMapIntensity":1,"side":2,"blendColor":0}]}