{"metadata":{"version":4.6,"type":"Object","generator":"Astral.Object3D.toJSON"},"object":{"uuid":"d6a0f93e-2467-423c-bd93-d2fd409c35e1","type":"Object3D","name":"住宅楼26_1","userData":{"name":"住宅楼26"},"layers":1,"matrix":[1,0,0,0,0,1,0,0,0,0,1,0,0,0,0,1],"up":[0,1,0],"children":[{"uuid":"6bf49e4f-8f0d-4cbd-b357-330b258f9924","type":"Mesh","name":"网格301","userData":{"name":"网格301"},"layers":1,"matrix":[1,0,0,0,0,1,0,0,0,0,1,0,0,0,0,1],"up":[0,1,0],"geometry":"c598d65e-80ce-4afc-a423-4e30ed53463a","material":"47a5868b-62fd-4e1e-9dd3-cd7ac799a980"},{"uuid":"a2f68988-b0d6-43e6-bf06-084ed32a8fc2","type":"Mesh","name":"网格301_1","userData":{"name":"网格301_1"},"layers":1,"matrix":[1,0,0,0,0,1,0,0,0,0,1,0,0,0,0,1],"up":[0,1,0],"geometry":"0a33838f-730b-410c-a103-4873cc347219","material":"6689f33f-0121-437d-aca4-123420e8c559"},{"uuid":"f86f7091-495b-4e6d-87df-7a5fcd75acd5","type":"Mesh","name":"网格301_2","userData":{"name":"网格301_2"},"layers":1,"matrix":[1,0,0,0,0,1,0,0,0,0,1,0,0,0,0,1],"up":[0,1,0],"geometry":"bdb0d434-205e-433d-bbfb-09d785c3da29","material":"b8e94a56-3b8a-4b9e-be04-c4f7fd4bce96"},{"uuid":"447374d3-8d01-4320-ba63-0c0e79cf1e93","type":"Mesh","name":"网格301_3","userData":{"name":"网格301_3"},"layers":1,"matrix":[1,0,0,0,0,1,0,0,0,0,1,0,0,0,0,1],"up":[0,1,0],"geometry":"b48b8f24-0744-440e-98bf-64a63180f4b1","material":"12a29294-7322-433e-b276-f493db2678cf"},{"uuid":"a40c8f33-5f0b-4e0a-8f2b-41b11955d736","type":"Mesh","name":"网格301_4","userData":{"name":"网格301_4"},"layers":1,"matrix":[1,0,0,0,0,1,0,0,0,0,1,0,0,0,0,1],"up":[0,1,0],"geometry":"b59d79cd-c66a-441f-a577-2300d3b6b875","material":"9efc35c8-1bb1-4970-837d-6a396d58577f"},{"uuid":"34e2c14e-b100-4a2b-b0c8-e27ddfde8d39","type":"Mesh","name":"网格301_5","userData":{"name":"网格301_5"},"layers":1,"matrix":[1,0,0,0,0,1,0,0,0,0,1,0,0,0,0,1],"up":[0,1,0],"geometry":"f488ed0f-4b67-40dc-a041-9b23c94ab29a","material":"badfcd99-3764-4cbc-b8a6-da596b5fa653"},{"uuid":"c96afc22-7c93-4be3-8bdf-8167e92d0470","type":"Mesh","name":"网格301_6","userData":{"name":"网格301_6"},"layers":1,"matrix":[1,0,0,0,0,1,0,0,0,0,1,0,0,0,0,1],"up":[0,1,0],"geometry":"d52cc5d3-d26b-42a0-9a12-bc3e75f76024","material":"b9c7d6ca-aff0-4ded-8017-a8874587c1c9"}]},"geometries":[],"images":["971b132d-8192-45d0-b5de-5ec00ce23316.png","98badc9a-8073-484c-afa2-07ceddfe80ed.png","5779878f-506a-424a-a5a4-41d70a036818.png"],"textures":[{"uuid":"fa56551b-cb00-4148-b7cd-30cffeb4eef8","name":"3d66Model-1577993-files-1","image":"971b132d-8192-45d0-b5de-5ec00ce23316","mapping":300,"channel":0,"repeat":[1,1],"offset":[0,0],"center":[0,0],"rotation":0,"wrap":[1000,1000],"format":1023,"internalFormat":null,"type":1009,"colorSpace":"srgb","minFilter":1008,"magFilter":1006,"anisotropy":1,"flipY":false,"generateMipmaps":true,"premultiplyAlpha":false,"unpackAlignment":4,"userData":{"mimeType":"image/jpeg"}},{"uuid":"26784d19-a0c8-461a-81fd-2183911643d1","name":"3d66Model-1577993-files-19","image":"98badc9a-8073-484c-afa2-07ceddfe80ed","mapping":300,"channel":0,"repeat":[1,1],"offset":[0,0],"center":[0,0],"rotation":0,"wrap":[1000,1000],"format":1023,"internalFormat":null,"type":1009,"colorSpace":"srgb","minFilter":1008,"magFilter":1006,"anisotropy":1,"flipY":false,"generateMipmaps":true,"premultiplyAlpha":false,"unpackAlignment":4,"userData":{"mimeType":"image/jpeg"}},{"uuid":"7adf5691-ab7d-4061-80da-9db0e7171e22","name":"3d66Model-1577993-files-17","image":"5779878f-506a-424a-a5a4-41d70a036818","mapping":300,"channel":0,"repeat":[1,1],"offset":[0,0],"center":[0,0],"rotation":0,"wrap":[1000,1000],"format":1023,"internalFormat":null,"type":1009,"colorSpace":"srgb","minFilter":1008,"magFilter":1006,"anisotropy":1,"flipY":false,"generateMipmaps":true,"premultiplyAlpha":false,"unpackAlignment":4,"userData":{"mimeType":"image/jpeg"}}],"materials":[{"uuid":"47a5868b-62fd-4e1e-9dd3-cd7ac799a980","type":"MeshStandardMaterial","name":"Mat3d66-1577993-6-9835","color":16777215,"roughness":0.693224310874939,"metalness":0,"emissive":0,"map":"fa56551b-cb00-4148-b7cd-30cffeb4eef8","envMapRotation":[0,0,0,"XYZ"],"envMapIntensity":1,"side":2,"blendColor":0},{"uuid":"6689f33f-0121-437d-aca4-123420e8c559","type":"MeshStandardMaterial","name":"Mat3d66-1577993-3-1257","color":8686998,"roughness":0.49637389183044434,"metalness":0,"emissive":0,"envMapRotation":[0,0,0,"XYZ"],"envMapIntensity":1,"side":2,"opacity":0.9448819160461426,"transparent":true,"blendColor":0,"depthWrite":false},{"uuid":"b8e94a56-3b8a-4b9e-be04-c4f7fd4bce96","type":"MeshStandardMaterial","name":"Mat3d66-1577993-12-7698","color":15000804,"roughness":0.858578622341156,"metalness":1,"emissive":0,"envMapRotation":[0,0,0,"XYZ"],"envMapIntensity":1,"side":2,"blendColor":0},{"uuid":"12a29294-7322-433e-b276-f493db2678cf","type":"MeshStandardMaterial","name":"Mat3d66-1577993-21-8593","color":16777215,"roughness":0.858578622341156,"metalness":0,"emissive":0,"map":"26784d19-a0c8-461a-81fd-2183911643d1","envMapRotation":[0,0,0,"XYZ"],"envMapIntensity":1,"side":2,"blendColor":0},{"uuid":"9efc35c8-1bb1-4970-837d-6a396d58577f","type":"MeshStandardMaterial","name":"Mat3d66-1577993-5-2090","color":7566195,"roughness":0.5121219158172607,"metalness":0,"emissive":0,"envMapRotation":[0,0,0,"XYZ"],"envMapIntensity":1,"side":2,"blendColor":0},{"uuid":"badfcd99-3764-4cbc-b8a6-da596b5fa653","type":"MeshStandardMaterial","name":"Mat3d66-1577993-4-8819","color":16777215,"roughness":1,"metalness":0,"emissive":0,"map":"7adf5691-ab7d-4061-80da-9db0e7171e22","envMapRotation":[0,0,0,"XYZ"],"envMapIntensity":1,"side":2,"blendColor":0},{"uuid":"b9c7d6ca-aff0-4ded-8017-a8874587c1c9","type":"MeshStandardMaterial","name":"Mat3d66-1577993-7-1903","color":15989247,"roughness":0.5514919757843018,"metalness":0.10236220806837082,"emissive":0,"envMapRotation":[0,0,0,"XYZ"],"envMapIntensity":1,"side":2,"blendColor":0}]}