{"metadata":{"version":4.6,"type":"Object","generator":"Astral.Object3D.toJSON"},"object":{"uuid":"c85c33a0-1c86-406a-9cc5-524492d539e7","type":"Group","name":"货车05","userData":{"name":"货车05"},"layers":1,"matrix":[1,0,0,0,0,1,0,0,0,0,1,0,0,0,0,1],"up":[0,1,0],"children":[{"uuid":"3b76b7b3-41f5-4628-90b2-98d3731b8842","type":"Mesh","name":"Obj3d66_1146673_61_353","layers":1,"matrix":[1,0,0,0,0,1,0,0,0,0,1,0,0,0,0,1],"up":[0,1,0],"geometry":"d12df19b-8b3e-4c8c-b7b2-df2c20b4bdb0","material":"d8a1b97d-dd3b-42d1-ac56-df9a6aa06a7e"},{"uuid":"e1f2b595-4897-4d4f-b7d7-f10171c0a276","type":"Mesh","name":"Obj3d66_1146673_61_353_1","layers":1,"matrix":[1,0,0,0,0,1,0,0,0,0,1,0,0,0,0,1],"up":[0,1,0],"geometry":"66aee1af-115e-4717-bbb8-7e8662c880a0","material":"5950555a-6ce6-401a-b406-d15a47cf6fe4"},{"uuid":"397684a3-af50-4310-a3ef-51425ea265ae","type":"Mesh","name":"Obj3d66_1146673_61_353_2","layers":1,"matrix":[1,0,0,0,0,1,0,0,0,0,1,0,0,0,0,1],"up":[0,1,0],"geometry":"df9a4349-c319-4408-9649-e1aaaeae41f5","material":"77b19774-14bb-4b50-84ae-3f6669365002"},{"uuid":"e314cf15-449d-4cb5-81a6-19c15bcdedda","type":"Mesh","name":"Obj3d66_1146673_61_353_3","layers":1,"matrix":[1,0,0,0,0,1,0,0,0,0,1,0,0,0,0,1],"up":[0,1,0],"geometry":"841d349d-8eb3-48af-b797-f88e08e1ada5","material":"82b8665a-d753-4d6c-b5ed-bceddf693471"},{"uuid":"3f0e4d83-eedc-4085-ac65-33f0fc2cf70b","type":"Mesh","name":"Obj3d66_1146673_61_353_4","layers":1,"matrix":[1,0,0,0,0,1,0,0,0,0,1,0,0,0,0,1],"up":[0,1,0],"geometry":"0bd6902e-012d-430b-b482-763f098531b0","material":"6a7676ce-1202-41cc-a873-94f66b7f5d8f"},{"uuid":"90db68b1-986b-40f2-8157-adc2bbb767ee","type":"Mesh","name":"Obj3d66_1146673_61_353_5","layers":1,"matrix":[1,0,0,0,0,1,0,0,0,0,1,0,0,0,0,1],"up":[0,1,0],"geometry":"54475125-8c2e-4cd3-b1c6-5def8d175afb","material":"eaed78d9-d96f-4fda-ba32-713e033449e6"},{"uuid":"78f04be4-c16b-4ee3-822d-d0e6e26b18f4","type":"Mesh","name":"Obj3d66_1146673_61_353_6","layers":1,"matrix":[1,0,0,0,0,1,0,0,0,0,1,0,0,0,0,1],"up":[0,1,0],"geometry":"e80c7b60-aefa-43cc-806a-ed8c7809a8fc","material":"b3c6384b-4bb8-4699-a270-b8c348c4e67e"},{"uuid":"2302b4ac-d93c-40bf-afc4-d86bbc71380a","type":"Mesh","name":"Obj3d66_1146673_61_353_7","layers":1,"matrix":[1,0,0,0,0,1,0,0,0,0,1,0,0,0,0,1],"up":[0,1,0],"geometry":"c960b014-9ebd-4927-810e-8b125a62fb18","material":"60f49251-aae3-458e-9e36-5fb08a742c7b"},{"uuid":"e9e5cc3f-4a14-4761-9be2-0133695368e7","type":"Mesh","name":"Obj3d66_1146673_61_353_8","layers":1,"matrix":[1,0,0,0,0,1,0,0,0,0,1,0,0,0,0,1],"up":[0,1,0],"geometry":"488dcfae-3d62-44a9-a132-6d5776209ec5","material":"3fce9fcb-a9ac-4478-80cb-f17310b9aa83"},{"uuid":"e4d11502-7cd8-4fbf-9b8d-35539a566fa1","type":"Mesh","name":"Obj3d66_1146673_61_353_9","layers":1,"matrix":[1,0,0,0,0,1,0,0,0,0,1,0,0,0,0,1],"up":[0,1,0],"geometry":"d9e9c07f-6793-4009-af89-f4a185ae73eb","material":"b9775b2f-5da4-48a1-82a0-b4cfb8f365b2"},{"uuid":"7258b844-1583-4f7d-96e5-aff2e18596b0","type":"Mesh","name":"Obj3d66_1146673_61_353_10","layers":1,"matrix":[1,0,0,0,0,1,0,0,0,0,1,0,0,0,0,1],"up":[0,1,0],"geometry":"e24bf1bb-46cf-4bf3-a82b-21bcb104662c","material":"256e426d-db0d-4d30-9482-0a77fbb97db9"},{"uuid":"0d9e82c8-8c94-4537-8c4b-5559b79dcdb2","type":"Mesh","name":"Obj3d66_1146673_61_353_11","layers":1,"matrix":[1,0,0,0,0,1,0,0,0,0,1,0,0,0,0,1],"up":[0,1,0],"geometry":"def62882-cfc9-4849-b74f-19508d91c9de","material":"f99e4f97-c1c3-47c4-b3d8-070ad5f54c24"},{"uuid":"e85395da-c58a-439c-8527-86c537c1bbc5","type":"Mesh","name":"Obj3d66_1146673_61_353_12","layers":1,"matrix":[1,0,0,0,0,1,0,0,0,0,1,0,0,0,0,1],"up":[0,1,0],"geometry":"179c3c85-36fd-40c0-a0f7-cad564962a27","material":"07477c84-8eb3-4686-b9e5-d2bf420b2d98"},{"uuid":"4ff50480-71ab-46a1-aced-b9b72283d687","type":"Mesh","name":"Obj3d66_1146673_61_353_13","layers":1,"matrix":[1,0,0,0,0,1,0,0,0,0,1,0,0,0,0,1],"up":[0,1,0],"geometry":"86a7b331-ad8f-49c1-b7ec-fceb5b428f07","material":"b04dece8-0188-406f-b35a-31fd83b95353"},{"uuid":"2569713d-089b-47ea-a970-00a343963a68","type":"Mesh","name":"Obj3d66_1146673_61_353_14","layers":1,"matrix":[1,0,0,0,0,1,0,0,0,0,1,0,0,0,0,1],"up":[0,1,0],"geometry":"f22d3415-4ade-4d37-802c-dc028031c0f5","material":"dbaa20a5-1331-4d44-838b-3500ff06bfc4"}]},"geometries":[],"images":["73ec4079-05b9-46b7-b80a-68f29b956f88.png","ff1c9e05-7d51-4c33-be4b-7cc93cc9e864.png","d3bac1c7-5846-418f-86c7-37cbc23334a5.png","b73143b2-5f76-4838-9168-a4c32baba96e.png","328b7834-5155-43f3-ab3f-d871c173bc62.png","bd50b34d-ade9-4bf8-8aa6-6990e6e74d9b.png","0ae76d8e-d34d-4446-8e1f-85ef5c953807.png","8cd4caae-a0f6-4ef9-9768-6f3c046b6947.png","a9752aae-a9f1-4b3c-806e-b8d23786fbf2.png","ba6cf47d-385c-4c93-84d3-e72cf413de45.png","1c9e4367-cbe9-48c7-8a1b-92657162ec9b.png","a98fbf2a-a3d2-4de3-94d6-33c3e6c1b5d3.png"],"textures":[{"uuid":"75fcae17-7085-4958-bd75-9bd0e6afe27b","name":"Image_0","image":"73ec4079-05b9-46b7-b80a-68f29b956f88","mapping":300,"channel":0,"repeat":[1,1],"offset":[0,0],"center":[0,0],"rotation":0,"wrap":[1000,1000],"format":1023,"internalFormat":null,"type":1009,"colorSpace":"srgb","minFilter":1008,"magFilter":1006,"anisotropy":1,"flipY":false,"generateMipmaps":true,"premultiplyAlpha":false,"unpackAlignment":4,"userData":{"mimeType":"image/jpeg"}},{"uuid":"b9810828-3665-4e49-90a7-22895377ba6a","name":"Image_1","image":"ff1c9e05-7d51-4c33-be4b-7cc93cc9e864","mapping":300,"channel":0,"repeat":[1,1],"offset":[0,0],"center":[0,0],"rotation":0,"wrap":[1000,1000],"format":1023,"internalFormat":null,"type":1009,"colorSpace":"srgb","minFilter":1008,"magFilter":1006,"anisotropy":1,"flipY":false,"generateMipmaps":true,"premultiplyAlpha":false,"unpackAlignment":4,"userData":{"mimeType":"image/jpeg"}},{"uuid":"e0a8dabb-cabb-4643-9407-84320ca361f7","name":"Image_2","image":"d3bac1c7-5846-418f-86c7-37cbc23334a5","mapping":300,"channel":0,"repeat":[1,1],"offset":[0,0],"center":[0,0],"rotation":0,"wrap":[1000,1000],"format":1023,"internalFormat":null,"type":1009,"colorSpace":"srgb","minFilter":1008,"magFilter":1006,"anisotropy":1,"flipY":false,"generateMipmaps":true,"premultiplyAlpha":false,"unpackAlignment":4,"userData":{"mimeType":"image/jpeg"}},{"uuid":"ca62bbd0-7c48-484d-ac77-f56beeb148d1","name":"Image_3","image":"b73143b2-5f76-4838-9168-a4c32baba96e","mapping":300,"channel":0,"repeat":[1,1],"offset":[0,0],"center":[0,0],"rotation":0,"wrap":[1000,1000],"format":1023,"internalFormat":null,"type":1009,"colorSpace":"srgb","minFilter":1008,"magFilter":1006,"anisotropy":1,"flipY":false,"generateMipmaps":true,"premultiplyAlpha":false,"unpackAlignment":4,"userData":{"mimeType":"image/jpeg"}},{"uuid":"3f13ce49-4752-4bb5-b992-c8c1e1a814fb","name":"Image_4","image":"328b7834-5155-43f3-ab3f-d871c173bc62","mapping":300,"channel":0,"repeat":[1,1],"offset":[0,0],"center":[0,0],"rotation":0,"wrap":[1000,1000],"format":1023,"internalFormat":null,"type":1009,"colorSpace":"srgb","minFilter":1008,"magFilter":1006,"anisotropy":1,"flipY":false,"generateMipmaps":true,"premultiplyAlpha":false,"unpackAlignment":4,"userData":{"mimeType":"image/jpeg"}},{"uuid":"19b66a2a-f922-43f2-989c-b0f419d5a08b","name":"Image_6","image":"bd50b34d-ade9-4bf8-8aa6-6990e6e74d9b","mapping":300,"channel":0,"repeat":[1,1],"offset":[0,0],"center":[0,0],"rotation":0,"wrap":[1000,1000],"format":1023,"internalFormat":null,"type":1009,"colorSpace":"srgb","minFilter":1008,"magFilter":1006,"anisotropy":1,"flipY":false,"generateMipmaps":true,"premultiplyAlpha":false,"unpackAlignment":4,"userData":{"mimeType":"image/jpeg"}},{"uuid":"b37f8d77-297f-420a-89a8-bc78172b99fe","name":"Image_7","image":"0ae76d8e-d34d-4446-8e1f-85ef5c953807","mapping":300,"channel":0,"repeat":[1,1],"offset":[0,0],"center":[0,0],"rotation":0,"wrap":[1000,1000],"format":1023,"internalFormat":null,"type":1009,"colorSpace":"srgb","minFilter":1008,"magFilter":1006,"anisotropy":1,"flipY":false,"generateMipmaps":true,"premultiplyAlpha":false,"unpackAlignment":4,"userData":{"mimeType":"image/jpeg"}},{"uuid":"4d9f40c5-7308-44c0-88f5-42c12af3c794","name":"Image_9","image":"8cd4caae-a0f6-4ef9-9768-6f3c046b6947","mapping":300,"channel":0,"repeat":[1,1],"offset":[0,0],"center":[0,0],"rotation":0,"wrap":[1000,1000],"format":1023,"internalFormat":null,"type":1009,"colorSpace":"srgb","minFilter":1008,"magFilter":1006,"anisotropy":1,"flipY":false,"generateMipmaps":true,"premultiplyAlpha":false,"unpackAlignment":4,"userData":{"mimeType":"image/jpeg"}},{"uuid":"37bf6833-e894-4f72-8eb1-51a630e1e54c","name":"Image_10","image":"a9752aae-a9f1-4b3c-806e-b8d23786fbf2","mapping":300,"channel":0,"repeat":[1,1],"offset":[0,0],"center":[0,0],"rotation":0,"wrap":[1000,1000],"format":1023,"internalFormat":null,"type":1009,"colorSpace":"srgb","minFilter":1008,"magFilter":1006,"anisotropy":1,"flipY":false,"generateMipmaps":true,"premultiplyAlpha":false,"unpackAlignment":4,"userData":{"mimeType":"image/jpeg"}},{"uuid":"0e96f3c0-1e50-4ade-b1f1-d6a711c63f71","name":"Image_11","image":"ba6cf47d-385c-4c93-84d3-e72cf413de45","mapping":300,"channel":0,"repeat":[1,1],"offset":[0,0],"center":[0,0],"rotation":0,"wrap":[1000,1000],"format":1023,"internalFormat":null,"type":1009,"colorSpace":"srgb","minFilter":1008,"magFilter":1006,"anisotropy":1,"flipY":false,"generateMipmaps":true,"premultiplyAlpha":false,"unpackAlignment":4,"userData":{"mimeType":"image/jpeg"}},{"uuid":"7ae2ad49-fc85-458b-b310-94d839a0b34e","name":"Image_12","image":"1c9e4367-cbe9-48c7-8a1b-92657162ec9b","mapping":300,"channel":0,"repeat":[1,1],"offset":[0,0],"center":[0,0],"rotation":0,"wrap":[1000,1000],"format":1023,"internalFormat":null,"type":1009,"colorSpace":"srgb","minFilter":1008,"magFilter":1006,"anisotropy":1,"flipY":false,"generateMipmaps":true,"premultiplyAlpha":false,"unpackAlignment":4,"userData":{"mimeType":"image/jpeg"}},{"uuid":"b95ea47d-1db1-484b-8b52-8c33d6f18493","name":"Image_13","image":"a98fbf2a-a3d2-4de3-94d6-33c3e6c1b5d3","mapping":300,"channel":0,"repeat":[1,1],"offset":[0,0],"center":[0,0],"rotation":0,"wrap":[1000,1000],"format":1023,"internalFormat":null,"type":1009,"colorSpace":"srgb","minFilter":1008,"magFilter":1006,"anisotropy":1,"flipY":false,"generateMipmaps":true,"premultiplyAlpha":false,"unpackAlignment":4,"userData":{"mimeType":"image/jpeg"}}],"materials":[{"uuid":"d8a1b97d-dd3b-42d1-ac56-df9a6aa06a7e","type":"MeshStandardMaterial","name":"09HEAD","color":16777215,"roughness":0.8333333134651184,"metalness":0,"emissive":0,"map":"75fcae17-7085-4958-bd75-9bd0e6afe27b","envMapRotation":[0,0,0,"XYZ"],"envMapIntensity":1,"side":2,"blendColor":0},{"uuid":"5950555a-6ce6-401a-b406-d15a47cf6fe4","type":"MeshStandardMaterial","name":"09SIDE1","color":16777215,"roughness":0.8333333134651184,"metalness":0,"emissive":0,"map":"b9810828-3665-4e49-90a7-22895377ba6a","envMapRotation":[0,0,0,"XYZ"],"envMapIntensity":1,"side":2,"blendColor":0},{"uuid":"77b19774-14bb-4b50-84ae-3f6669365002","type":"MeshStandardMaterial","name":"09SIDE2","color":16777215,"roughness":0.8333333134651184,"metalness":0,"emissive":0,"map":"e0a8dabb-cabb-4643-9407-84320ca361f7","envMapRotation":[0,0,0,"XYZ"],"envMapIntensity":1,"side":2,"blendColor":0},{"uuid":"82b8665a-d753-4d6c-b5ed-bceddf693471","type":"MeshStandardMaterial","name":"09BACK","color":16777215,"roughness":0.8333333134651184,"metalness":0,"emissive":0,"map":"ca62bbd0-7c48-484d-ac77-f56beeb148d1","envMapRotation":[0,0,0,"XYZ"],"envMapIntensity":1,"side":2,"blendColor":0},{"uuid":"6a7676ce-1202-41cc-a873-94f66b7f5d8f","type":"MeshStandardMaterial","name":"09TOP","color":16777215,"roughness":0.8333333134651184,"metalness":0,"emissive":0,"map":"3f13ce49-4752-4bb5-b992-c8c1e1a814fb","envMapRotation":[0,0,0,"XYZ"],"envMapIntensity":1,"side":2,"blendColor":0},{"uuid":"eaed78d9-d96f-4fda-ba32-713e033449e6","type":"MeshStandardMaterial","name":"09GLASS1","color":5263440,"roughness":0.8333333134651184,"metalness":0,"emissive":0,"envMapRotation":[0,0,0,"XYZ"],"envMapIntensity":1,"side":2,"transparent":true,"blendColor":0,"depthWrite":false},{"uuid":"b3c6384b-4bb8-4699-a270-b8c348c4e67e","type":"MeshStandardMaterial","name":"09SPOT1","color":16777215,"roughness":0.8333333134651184,"metalness":0,"emissive":0,"map":"19b66a2a-f922-43f2-989c-b0f419d5a08b","envMapRotation":[0,0,0,"XYZ"],"envMapIntensity":1,"side":2,"blendColor":0},{"uuid":"60f49251-aae3-458e-9e36-5fb08a742c7b","type":"MeshStandardMaterial","name":"09SPOT2","color":16777215,"roughness":0.8333333134651184,"metalness":0,"emissive":0,"map":"b37f8d77-297f-420a-89a8-bc78172b99fe","envMapRotation":[0,0,0,"XYZ"],"envMapIntensity":1,"side":2,"blendColor":0},{"uuid":"3fce9fcb-a9ac-4478-80cb-f17310b9aa83","type":"MeshStandardMaterial","name":"09GLASS2","color":5460819,"roughness":0.8333333134651184,"metalness":0,"emissive":0,"envMapRotation":[0,0,0,"XYZ"],"envMapIntensity":1,"side":2,"transparent":true,"blendColor":0,"depthWrite":false},{"uuid":"b9775b2f-5da4-48a1-82a0-b4cfb8f365b2","type":"MeshStandardMaterial","name":"09GLASS3","color":16777215,"roughness":0.8333333134651184,"metalness":0,"emissive":0,"map":"4d9f40c5-7308-44c0-88f5-42c12af3c794","envMapRotation":[0,0,0,"XYZ"],"envMapIntensity":1,"side":2,"blendColor":0},{"uuid":"256e426d-db0d-4d30-9482-0a77fbb97db9","type":"MeshStandardMaterial","name":"09BASIC","color":5921370,"roughness":0.8333333134651184,"metalness":0,"emissive":0,"envMapRotation":[0,0,0,"XYZ"],"envMapIntensity":1,"side":2,"blendColor":0},{"uuid":"f99e4f97-c1c3-47c4-b3d8-070ad5f54c24","type":"MeshStandardMaterial","name":"Mat3d66_1146673_40_9561","color":16777215,"roughness":0.8945907354354858,"metalness":0,"emissive":0,"map":"37bf6833-e894-4f72-8eb1-51a630e1e54c","envMapRotation":[0,0,0,"XYZ"],"envMapIntensity":1,"side":2,"blendColor":0},{"uuid":"07477c84-8eb3-4686-b9e5-d2bf420b2d98","type":"MeshStandardMaterial","name":"Mat3d66_1146673_41_5358","color":16777215,"roughness":0.8333333134651184,"metalness":0,"emissive":0,"map":"0e96f3c0-1e50-4ade-b1f1-d6a711c63f71","envMapRotation":[0,0,0,"XYZ"],"envMapIntensity":1,"side":2,"blendColor":0},{"uuid":"b04dece8-0188-406f-b35a-31fd83b95353","type":"MeshStandardMaterial","name":"09TYRE","color":16777215,"roughness":0.8333333134651184,"metalness":0,"emissive":0,"map":"7ae2ad49-fc85-458b-b310-94d839a0b34e","envMapRotation":[0,0,0,"XYZ"],"envMapIntensity":1,"side":2,"blendColor":0},{"uuid":"dbaa20a5-1331-4d44-838b-3500ff06bfc4","type":"MeshStandardMaterial","name":"09TYRESF","color":16777215,"roughness":0.8333333134651184,"metalness":0,"emissive":0,"map":"b95ea47d-1db1-484b-8b52-8c33d6f18493","envMapRotation":[0,0,0,"XYZ"],"envMapIntensity":1,"side":2,"blendColor":0}]}