{"metadata":{"version":4.6,"type":"Object","generator":"Astral.Object3D.toJSON"},"object":{"uuid":"ade82714-95ef-4047-a469-b8a108083ce2","type":"Group","name":"红绿灯14","userData":{"name":"红绿灯14"},"layers":1,"matrix":[1,0,0,0,0,1,0,0,0,0,1,0,0,0,0,1],"up":[0,1,0],"children":[{"uuid":"5671f8b7-aed8-45ac-bc94-742572430c30","type":"Mesh","name":"Obj3d66-6837446-235-582","layers":1,"matrix":[1,0,0,0,0,1,0,0,0,0,1,0,0,0,0,1],"up":[0,1,0],"geometry":"494d7a97-04ef-4547-b2df-186920bf34be","material":"7041d9ad-a903-4849-ba0b-af19e5347522"},{"uuid":"68d5848f-029b-482c-99a8-33ee6b061a95","type":"Mesh","name":"Obj3d66-6837446-235-582_1","layers":1,"matrix":[1,0,0,0,0,1,0,0,0,0,1,0,0,0,0,1],"up":[0,1,0],"geometry":"99abcd1b-ef1b-435d-a797-de95ef7835b0","material":"5f622b11-850e-4dc6-be7a-03e8e170cb5f"},{"uuid":"d54a8edc-3f52-44a3-9b8d-10b29956a25d","type":"Mesh","name":"Obj3d66-6837446-235-582_2","layers":1,"matrix":[1,0,0,0,0,1,0,0,0,0,1,0,0,0,0,1],"up":[0,1,0],"geometry":"42e58d84-d700-4f58-bf51-fe433cde7a05","material":"02becdee-02d0-42b2-9de5-24f3e96feab4"},{"uuid":"07646644-a0e6-4ba0-a33c-27f63662bf4d","type":"Mesh","name":"Obj3d66-6837446-235-582_3","layers":1,"matrix":[1,0,0,0,0,1,0,0,0,0,1,0,0,0,0,1],"up":[0,1,0],"geometry":"7e7f34f9-6c17-4b4a-85a9-a5519ccac955","material":"b7839a67-10d6-4822-b781-77d953f2fdd1"},{"uuid":"91605240-ba19-414c-84c8-170ecf94262a","type":"Mesh","name":"Obj3d66-6837446-235-582_4","layers":1,"matrix":[1,0,0,0,0,1,0,0,0,0,1,0,0,0,0,1],"up":[0,1,0],"geometry":"29672f91-fae4-49b9-a877-29bc76a5c7be","material":"9ebe516b-ff92-423e-9515-e3fe7deffc7e"},{"uuid":"0fb25b88-a317-4d27-aea1-5d384ce958b9","type":"Mesh","name":"Obj3d66-6837446-235-582_5","layers":1,"matrix":[1,0,0,0,0,1,0,0,0,0,1,0,0,0,0,1],"up":[0,1,0],"geometry":"b332ff58-5e25-4949-8689-17b2d30b2412","material":"0ae57104-01a7-4e3c-8bda-405e221fc5f3"},{"uuid":"88a3f269-ffab-479a-8abb-cb16849c11ce","type":"Mesh","name":"Obj3d66-6837446-235-582_6","layers":1,"matrix":[1,0,0,0,0,1,0,0,0,0,1,0,0,0,0,1],"up":[0,1,0],"geometry":"ea7d4f55-31e9-4ade-b104-58f21b6fe3a1","material":"697cb5ed-40a5-4683-a153-48dfa9e9fc89"},{"uuid":"04ac2654-6ce7-416b-b7ab-2ac3d5187bc3","type":"Mesh","name":"Obj3d66-6837446-235-582_7","layers":1,"matrix":[1,0,0,0,0,1,0,0,0,0,1,0,0,0,0,1],"up":[0,1,0],"geometry":"ade9aa84-517a-490d-bda6-43d6b855ee07","material":"fbe2757e-c8e5-4659-b070-831f4fccf26e"},{"uuid":"d2e30598-b142-44af-ab6f-0aa2c7761c6e","type":"Mesh","name":"Obj3d66-6837446-235-582_8","layers":1,"matrix":[1,0,0,0,0,1,0,0,0,0,1,0,0,0,0,1],"up":[0,1,0],"geometry":"5cf009ff-e1c2-4989-bd3e-db69557411cb","material":"16069cc7-c748-46cd-a865-34de2803bd87"},{"uuid":"ad7a380f-f3d4-42f2-b77d-7706a7bb80b2","type":"Mesh","name":"Obj3d66-6837446-235-582_9","layers":1,"matrix":[1,0,0,0,0,1,0,0,0,0,1,0,0,0,0,1],"up":[0,1,0],"geometry":"1075592a-9fb3-4c2e-bc41-579a19b93f38","material":"4edbe2a9-4be2-463e-be86-e4c8e109ba06"},{"uuid":"46d7286d-e4c5-4299-a18f-8f242dc4e4aa","type":"Mesh","name":"Obj3d66-6837446-235-582_10","layers":1,"matrix":[1,0,0,0,0,1,0,0,0,0,1,0,0,0,0,1],"up":[0,1,0],"geometry":"ba0d217f-25cf-4dd4-9155-8d639f223ff8","material":"a807165a-fdda-4b8e-9d3a-36db9931e299"}]},"geometries":[],"images":["7d674b10-6f81-4beb-bf55-22fb997e4d5d.png","85d669e5-e24f-4d49-8ea3-7b0b554957e9.png","ce173005-c188-488d-8ce4-3eae377f4bbf.png"],"textures":[{"uuid":"bfb53e4b-920b-46af-a6e9-ed37fa90eae5","name":"3d66Model-6837446-files-30","image":"7d674b10-6f81-4beb-bf55-22fb997e4d5d","mapping":300,"channel":0,"repeat":[1,1],"offset":[0,0],"center":[0,0],"rotation":0,"wrap":[1000,1000],"format":1023,"internalFormat":null,"type":1009,"colorSpace":"srgb","minFilter":1008,"magFilter":1006,"anisotropy":1,"flipY":false,"generateMipmaps":true,"premultiplyAlpha":false,"unpackAlignment":4,"userData":{"mimeType":"image/jpeg"}},{"uuid":"9adf03db-8649-496f-b0a1-3b4c03336ca1","name":"3d66Model-6837446-files-28","image":"85d669e5-e24f-4d49-8ea3-7b0b554957e9","mapping":300,"channel":0,"repeat":[1,1],"offset":[0,0],"center":[0,0],"rotation":0,"wrap":[1000,1000],"format":1023,"internalFormat":null,"type":1009,"colorSpace":"srgb","minFilter":1008,"magFilter":1006,"anisotropy":1,"flipY":false,"generateMipmaps":true,"premultiplyAlpha":false,"unpackAlignment":4,"userData":{"mimeType":"image/jpeg"}},{"uuid":"3c88db9f-7c85-43c7-9273-5d91366d07cd","name":"3d66Model-6837446-files-34","image":"ce173005-c188-488d-8ce4-3eae377f4bbf","mapping":300,"channel":0,"repeat":[1,1],"offset":[0,0],"center":[0,0],"rotation":0,"wrap":[1000,1000],"format":1023,"internalFormat":null,"type":1009,"colorSpace":"srgb","minFilter":1008,"magFilter":1006,"anisotropy":1,"flipY":false,"generateMipmaps":true,"premultiplyAlpha":false,"unpackAlignment":4,"userData":{"mimeType":"image/png"}}],"materials":[{"uuid":"7041d9ad-a903-4849-ba0b-af19e5347522","type":"MeshStandardMaterial","name":"Mat3d66-6837446-76-88465","color":16777215,"roughness":0.7440944910049438,"metalness":0,"emissive":0,"map":"bfb53e4b-920b-46af-a6e9-ed37fa90eae5","envMapRotation":[0,0,0,"XYZ"],"envMapIntensity":1,"side":2,"blendColor":0},{"uuid":"5f622b11-850e-4dc6-be7a-03e8e170cb5f","type":"MeshStandardMaterial","name":"Mat3d66-6837446-65-22490.002","color":9605778,"roughness":0.6181102991104126,"metalness":0.11023622006177902,"emissive":0,"envMapRotation":[0,0,0,"XYZ"],"envMapIntensity":1,"side":2,"blendColor":0},{"uuid":"02becdee-02d0-42b2-9de5-24f3e96feab4","type":"MeshStandardMaterial","name":"Mat3d66-6837446-64-86290","color":9013641,"roughness":0.665354311466217,"metalness":0,"emissive":0,"envMapRotation":[0,0,0,"XYZ"],"envMapIntensity":1,"side":2,"blendColor":0},{"uuid":"b7839a67-10d6-4822-b781-77d953f2fdd1","type":"MeshStandardMaterial","name":"Mat3d66-6837446-74-53060","color":8435683,"roughness":0.7834645509719849,"metalness":0,"emissive":0,"envMapRotation":[0,0,0,"XYZ"],"envMapIntensity":1,"side":2,"blendColor":0},{"uuid":"9ebe516b-ff92-423e-9515-e3fe7deffc7e","type":"MeshStandardMaterial","name":"Mat3d66-6837446-70-54793","color":16777215,"roughness":0.5,"metalness":0,"emissive":0,"map":"9adf03db-8649-496f-b0a1-3b4c03336ca1","envMapRotation":[0,0,0,"XYZ"],"envMapIntensity":1,"side":2,"blendColor":0},{"uuid":"0ae57104-01a7-4e3c-8bda-405e221fc5f3","type":"MeshStandardMaterial","name":"Mat3d66-6837446-77-52690.001","color":11200256,"roughness":0.712598443031311,"metalness":0,"emissive":0,"envMapRotation":[0,0,0,"XYZ"],"envMapIntensity":1,"side":2,"blendColor":0},{"uuid":"697cb5ed-40a5-4683-a153-48dfa9e9fc89","type":"MeshStandardMaterial","name":"Mat3d66-6837446-78-74315","color":16711680,"roughness":0.712598443031311,"metalness":0,"emissive":0,"envMapRotation":[0,0,0,"XYZ"],"envMapIntensity":1,"side":2,"blendColor":0},{"uuid":"fbe2757e-c8e5-4659-b070-831f4fccf26e","type":"MeshStandardMaterial","name":"1dss079_2.001","color":11403175,"roughness":0.5,"metalness":0,"emissive":0,"envMapRotation":[0,0,0,"XYZ"],"envMapIntensity":1,"side":2,"blendColor":0},{"uuid":"16069cc7-c748-46cd-a865-34de2803bd87","type":"MeshStandardMaterial","name":"1dss071_1.004","color":16777215,"roughness":0.7598425149917603,"metalness":0,"emissive":0,"map":"3c88db9f-7c85-43c7-9273-5d91366d07cd","envMapRotation":[0,0,0,"XYZ"],"envMapIntensity":1,"side":2,"blendColor":0},{"uuid":"4edbe2a9-4be2-463e-be86-e4c8e109ba06","type":"MeshStandardMaterial","name":"1dss084_2.003","color":16772515,"roughness":0.5,"metalness":0,"emissive":0,"envMapRotation":[0,0,0,"XYZ"],"envMapIntensity":1,"side":2,"blendColor":0},{"uuid":"a807165a-fdda-4b8e-9d3a-36db9931e299","type":"MeshStandardMaterial","name":"Mat3d66-6837446-66-70936","color":16711680,"roughness":0.712598443031311,"metalness":0,"emissive":0,"envMapRotation":[0,0,0,"XYZ"],"envMapIntensity":1,"side":2,"blendColor":0}]}