{"metadata":{"version":4.6,"type":"Object","generator":"Astral.Object3D.toJSON"},"object":{"uuid":"482a55d7-09f1-4cb1-9502-a84da02e36ac","type":"Group","name":"轿车29","userData":{"name":"轿车29"},"layers":1,"matrix":[1,0,0,0,0,1,0,0,0,0,1,0,0,0,0,1],"up":[0,1,0],"children":[{"uuid":"1045e685-cc39-4ca2-8f18-12209ed880cd","type":"Mesh","name":"Obj3d66-8694087-43-28","layers":1,"matrix":[1,0,0,0,0,1,0,0,0,0,1,0,0,0,0,1],"up":[0,1,0],"geometry":"ed0a302f-9e7c-4f0b-b4e1-30fe4747b851","material":"903834a5-9afa-4c25-9cfc-c1cec6ee8588"},{"uuid":"c2f919a7-ab92-4879-a446-388c7c0eeecb","type":"Mesh","name":"Obj3d66-8694087-43-28_1","layers":1,"matrix":[1,0,0,0,0,1,0,0,0,0,1,0,0,0,0,1],"up":[0,1,0],"geometry":"9d577661-bfee-4450-b15a-7b69a9f1f4ec","material":"d448ca2d-8a93-4b23-bd28-3910a0918de3"}]},"geometries":[],"images":["a78143aa-188a-4ff1-9b14-ef16fbd5711a.png","cb7d9eea-3103-4b68-b219-c51bb149c2aa.png"],"textures":[{"uuid":"a76cc187-3672-4b9c-95f7-0fd08332680d","name":"3d66Model-8694087-files-5","image":"a78143aa-188a-4ff1-9b14-ef16fbd5711a","mapping":300,"channel":0,"repeat":[1,1],"offset":[0,0],"center":[0,0],"rotation":0,"wrap":[1000,1000],"format":1023,"internalFormat":null,"type":1009,"colorSpace":"srgb","minFilter":1008,"magFilter":1006,"anisotropy":1,"flipY":false,"generateMipmaps":true,"premultiplyAlpha":false,"unpackAlignment":4,"userData":{"mimeType":"image/jpeg"}},{"uuid":"530af601-5146-488a-8f26-d28cceec2e9c","name":"3d66Model-8694087-files-53","image":"cb7d9eea-3103-4b68-b219-c51bb149c2aa","mapping":300,"channel":0,"repeat":[1,1],"offset":[0,0],"center":[0,0],"rotation":0,"wrap":[1000,1000],"format":1023,"internalFormat":null,"type":1009,"colorSpace":"srgb","minFilter":1008,"magFilter":1006,"anisotropy":1,"flipY":false,"generateMipmaps":true,"premultiplyAlpha":false,"unpackAlignment":4,"userData":{"mimeType":"image/jpeg"}}],"materials":[{"uuid":"903834a5-9afa-4c25-9cfc-c1cec6ee8588","type":"MeshStandardMaterial","name":"Mat3d66-8694087-45-75449","color":16777215,"roughness":0.5,"metalness":0,"emissive":0,"map":"a76cc187-3672-4b9c-95f7-0fd08332680d","envMapRotation":[0,0,0,"XYZ"],"envMapIntensity":1,"side":2,"blendColor":0},{"uuid":"d448ca2d-8a93-4b23-bd28-3910a0918de3","type":"MeshStandardMaterial","name":"Mat3d66-8694087-44-60897","color":16777215,"roughness":0.6496062874794006,"metalness":0,"emissive":0,"map":"530af601-5146-488a-8f26-d28cceec2e9c","envMapRotation":[0,0,0,"XYZ"],"envMapIntensity":1,"side":2,"blendColor":0}]}