{"metadata":{"version":4.6,"type":"Object","generator":"Astral.Object3D.toJSON"},"object":{"uuid":"f8dea2ba-124a-4851-b325-6b72dc04234d","type":"Group","name":"枫树02","userData":{"name":"枫树02"},"layers":1,"matrix":[1,0,0,0,0,1,0,0,0,0,1,0,0,0,0,1],"up":[0,1,0],"children":[{"uuid":"252571ae-42d4-4931-bee8-03e08ac1f114","type":"Mesh","name":"AM113_029_Fraxinus","layers":1,"matrix":[1,0,0,0,0,1,0,0,0,0,1,0,0,0,0,1],"up":[0,1,0],"geometry":"7dea12a9-a8c7-4a55-a11d-f30ca1c16389","material":"9c47b49d-8c08-45cf-a534-c5415e9de121"},{"uuid":"85dafaa1-124a-4272-becf-466cd4b943f4","type":"Mesh","name":"AM113_029_Fraxinus_1","layers":1,"matrix":[1,0,0,0,0,1,0,0,0,0,1,0,0,0,0,1],"up":[0,1,0],"geometry":"19753e09-a383-4952-a5b1-04e827915c2e","material":"ab50a27e-cae6-495d-aaf7-c0f6dd47c245"}]},"geometries":[],"images":["b3952386-12f2-433f-887c-95b2a99085d8.png","94226f20-a619-462b-bfa6-f96b80306000.png"],"textures":[{"uuid":"911f5f0f-c951-49c4-af60-4df35309809e","name":"Image_0","image":"b3952386-12f2-433f-887c-95b2a99085d8","mapping":300,"channel":0,"repeat":[1,1],"offset":[0,0],"center":[0,0],"rotation":0,"wrap":[1000,1000],"format":1023,"internalFormat":null,"type":1009,"colorSpace":"srgb","minFilter":1008,"magFilter":1006,"anisotropy":1,"flipY":false,"generateMipmaps":true,"premultiplyAlpha":false,"unpackAlignment":4,"userData":{"mimeType":"image/jpeg"}},{"uuid":"9ee529ea-d8ef-4e15-904d-6c37390cb03e","name":"Image_1","image":"94226f20-a619-462b-bfa6-f96b80306000","mapping":300,"channel":0,"repeat":[1,1],"offset":[0,0],"center":[0,0],"rotation":0,"wrap":[1000,1000],"format":1023,"internalFormat":null,"type":1009,"colorSpace":"srgb","minFilter":1008,"magFilter":1006,"anisotropy":1,"flipY":false,"generateMipmaps":true,"premultiplyAlpha":false,"unpackAlignment":4,"userData":{"mimeType":"image/png"}}],"materials":[{"uuid":"9c47b49d-8c08-45cf-a534-c5415e9de121","type":"MeshStandardMaterial","name":"AM113_029_Fraxinus_Bark","color":16777215,"roughness":0.8464567065238953,"metalness":0,"emissive":0,"map":"911f5f0f-c951-49c4-af60-4df35309809e","envMapRotation":[0,0,0,"XYZ"],"envMapIntensity":1,"side":2,"blendColor":0},{"uuid":"ab50a27e-cae6-495d-aaf7-c0f6dd47c245","type":"MeshStandardMaterial","name":"AM113_029_Fraxinus","color":16777215,"roughness":0.8385826349258423,"metalness":0,"emissive":0,"map":"9ee529ea-d8ef-4e15-904d-6c37390cb03e","envMapRotation":[0,0,0,"XYZ"],"envMapIntensity":1,"side":2,"blendColor":0,"alphaTest":0.5}]}