{"metadata":{"version":4.6,"type":"Object","generator":"Astral.Object3D.toJSON"},"object":{"uuid":"957d6602-58df-4d65-aa0b-bc92647e91c5","type":"Object3D","name":"道路01_5","userData":{"name":"道路01"},"layers":1,"matrix":[1,0,0,0,0,1,0,0,0,0,1,0,0,0,0,1],"up":[0,1,0],"children":[{"uuid":"cf2b8dcf-4e6f-4811-a06f-b32e6918d80b","type":"Mesh","name":"Obj3d66-1664118-29-836001_2","userData":{"name":"Obj3d66-1664118-29-836001"},"layers":1,"matrix":[1,0,0,0,0,1,0,0,0,0,1,0,0,0,0,1],"up":[0,1,0],"geometry":"4a8fb37b-ca2f-40a0-ba26-ade69fa92f96","material":"20e8e8dc-e9cb-40cf-8b5b-ea9529400afc"},{"uuid":"34c1d486-556f-453a-bdac-23c38efbe53e","type":"Mesh","name":"Obj3d66-1664118-29-836001_1_2","userData":{"name":"Obj3d66-1664118-29-836001_1"},"layers":1,"matrix":[1,0,0,0,0,1,0,0,0,0,1,0,0,0,0,1],"up":[0,1,0],"geometry":"04c5fff2-cfeb-4e83-afcc-6b662215ee74","material":"68d05506-a521-48bf-87d1-037d959dc808"},{"uuid":"a84ee97d-2fa7-49f7-a783-177e48f7ed2d","type":"Mesh","name":"Obj3d66-1664118-29-836001_2_2","userData":{"name":"Obj3d66-1664118-29-836001_2"},"layers":1,"matrix":[1,0,0,0,0,1,0,0,0,0,1,0,0,0,0,1],"up":[0,1,0],"geometry":"5f9c353d-c975-42ac-8a6c-59f44957bffd","material":"cf1f490c-def2-468e-8b84-5da75d604107"},{"uuid":"27b58fc2-e8ef-4213-8060-59d1f0ee9cba","type":"Mesh","name":"Obj3d66-1664118-29-836001_3_2","userData":{"name":"Obj3d66-1664118-29-836001_3"},"layers":1,"matrix":[1,0,0,0,0,1,0,0,0,0,1,0,0,0,0,1],"up":[0,1,0],"geometry":"47e9c7ad-4e1a-4177-a13b-1d6a608d60ad","material":"a8165a84-523f-4c61-ab46-2bf34307e133"},{"uuid":"49ee5b8a-946b-46f6-81c2-011cb3e095b0","type":"Mesh","name":"Obj3d66-1664118-29-836001_4_2","userData":{"name":"Obj3d66-1664118-29-836001_4"},"layers":1,"matrix":[1,0,0,0,0,1,0,0,0,0,1,0,0,0,0,1],"up":[0,1,0],"geometry":"c466d2a5-ed87-48ff-8083-60ba6ca6df73","material":"6e0ce8f5-1e80-4b83-a8f3-0a820f189406"},{"uuid":"d2493d88-ffaf-466b-84fd-2641e22fe6db","type":"Mesh","name":"Obj3d66-1664118-29-836001_5_2","userData":{"name":"Obj3d66-1664118-29-836001_5"},"layers":1,"matrix":[1,0,0,0,0,1,0,0,0,0,1,0,0,0,0,1],"up":[0,1,0],"geometry":"10618841-6023-4b82-9aa0-d1aeb13e3175","material":"41782097-59c3-4294-b434-cf7932a1fe74"}]},"geometries":[],"images":["4c70a70f-59bd-4801-b9fc-b45271ae446a.png","9781fdf4-47fb-4c3a-a8ab-163a91541d48.png","0885c3f6-e44b-4b4c-bbca-b787d2092b22.png","c29ff144-ed6e-4e10-860e-e3172d720d11.png"],"textures":[],"materials":[]}