{"metadata":{"version":4.6,"type":"Object","generator":"Astral.Object3D.toJSON"},"object":{"uuid":"9501ed4b-2bb4-4fc1-a32b-ae58484b873d","type":"Object3D","name":"住宅楼11_1","userData":{"name":"住宅楼11"},"layers":1,"matrix":[1,0,0,0,0,1,0,0,0,0,1,0,0,0,0,1],"up":[0,1,0],"children":[{"uuid":"fd86de57-096d-4197-a0e2-e8901baec10a","type":"Mesh","name":"网格408","userData":{"name":"网格408"},"layers":1,"matrix":[1,0,0,0,0,1,0,0,0,0,1,0,0,0,0,1],"up":[0,1,0],"geometry":"d85dd652-a272-4f8f-8e2e-01fa79402648","material":"1394e593-21dc-4788-bb35-e9e53b6ba3f3"},{"uuid":"0e34e0cc-a997-4c2f-8085-9b63d69cbf27","type":"Mesh","name":"网格408_1","userData":{"name":"网格408_1"},"layers":1,"matrix":[1,0,0,0,0,1,0,0,0,0,1,0,0,0,0,1],"up":[0,1,0],"geometry":"f2bbac4b-7b50-403d-bf9b-da89880292f0","material":"7304df7d-36e0-4741-b23c-a805b820f180"},{"uuid":"0cdcd5c8-b4b2-40cb-87bc-6167152f0926","type":"Mesh","name":"网格408_2","userData":{"name":"网格408_2"},"layers":1,"matrix":[1,0,0,0,0,1,0,0,0,0,1,0,0,0,0,1],"up":[0,1,0],"geometry":"5186e451-f1a9-4359-9669-cbe357c9f811","material":"73aaa478-deda-4331-825e-1e48da76a96d"},{"uuid":"771e8e6d-4832-4d94-8228-3ef8a9fb25b9","type":"Mesh","name":"网格408_3","userData":{"name":"网格408_3"},"layers":1,"matrix":[1,0,0,0,0,1,0,0,0,0,1,0,0,0,0,1],"up":[0,1,0],"geometry":"e2713203-c277-43f3-aa7f-39054896e5d2","material":"d66193aa-9719-45df-a1c9-6984eb62752e"},{"uuid":"954a78b3-a66e-41ec-8320-b51e3ca1b66c","type":"Mesh","name":"网格408_4","userData":{"name":"网格408_4"},"layers":1,"matrix":[1,0,0,0,0,1,0,0,0,0,1,0,0,0,0,1],"up":[0,1,0],"geometry":"75cac4ec-2db2-4729-ac7d-7c53ade54dad","material":"a8f88d26-9c75-4d84-b3a4-dad8511dbcf5"},{"uuid":"11fc5f06-9a8e-4526-8702-5203c7c27046","type":"Mesh","name":"网格408_5","userData":{"name":"网格408_5"},"layers":1,"matrix":[1,0,0,0,0,1,0,0,0,0,1,0,0,0,0,1],"up":[0,1,0],"geometry":"3207bd67-2aef-4e5f-9678-f613abd7b99a","material":"2dc69a53-e56c-4a67-8b9d-fcf2590cfdb8"},{"uuid":"0b193465-7426-445a-83da-497d6b373791","type":"Mesh","name":"网格408_6","userData":{"name":"网格408_6"},"layers":1,"matrix":[1,0,0,0,0,1,0,0,0,0,1,0,0,0,0,1],"up":[0,1,0],"geometry":"f3a58e70-efed-451d-9302-b424761c3b02","material":"8f238a2b-4800-479e-8afd-3b102f92f496"},{"uuid":"98317b86-1c9e-4930-82c0-61f7361a2fdc","type":"Mesh","name":"网格408_7","userData":{"name":"网格408_7"},"layers":1,"matrix":[1,0,0,0,0,1,0,0,0,0,1,0,0,0,0,1],"up":[0,1,0],"geometry":"2215e7b7-ed23-4343-8ee5-1d53f24bdee9","material":"40b6380b-a0f0-4f87-9348-52a6474c8002"},{"uuid":"2efbebb2-f7c9-4217-bf89-38a569516506","type":"Mesh","name":"网格408_8","userData":{"name":"网格408_8"},"layers":1,"matrix":[1,0,0,0,0,1,0,0,0,0,1,0,0,0,0,1],"up":[0,1,0],"geometry":"ce2ff95d-e58c-44c7-8bc8-9ffcb7c26c60","material":"f7306edf-08b2-43dd-9314-bb6874a8368f"},{"uuid":"f52dc05f-9214-4f14-8531-8288ef49d964","type":"Mesh","name":"网格408_9","userData":{"name":"网格408_9"},"layers":1,"matrix":[1,0,0,0,0,1,0,0,0,0,1,0,0,0,0,1],"up":[0,1,0],"geometry":"2ca79f0a-5224-4943-88a7-f48d453f026d","material":"5bb847c2-91f5-416f-a0c9-4e1d557dd5d9"},{"uuid":"0331dc94-db36-44a2-bf87-42a99a548446","type":"Mesh","name":"网格408_10","userData":{"name":"网格408_10"},"layers":1,"matrix":[1,0,0,0,0,1,0,0,0,0,1,0,0,0,0,1],"up":[0,1,0],"geometry":"681faf54-3988-4925-a43d-67c31193a56e","material":"068077ec-f642-41d1-b18e-6764370f7229"},{"uuid":"d9cf8d40-bb44-4ecb-b801-a437dbfa3f91","type":"Mesh","name":"网格408_11","userData":{"name":"网格408_11"},"layers":1,"matrix":[1,0,0,0,0,1,0,0,0,0,1,0,0,0,0,1],"up":[0,1,0],"geometry":"f76efbd1-22d0-4aae-bfe7-06df82a941b0","material":"876b6d65-2b5f-4462-bec4-6918441ffed8"},{"uuid":"caa0fea8-4918-4226-b9b1-11121f96e53b","type":"Mesh","name":"网格408_12","userData":{"name":"网格408_12"},"layers":1,"matrix":[1,0,0,0,0,1,0,0,0,0,1,0,0,0,0,1],"up":[0,1,0],"geometry":"52dfcdc6-84df-4fb4-96d4-a719167c44a6","material":"0a5ea12c-c4cf-49f5-be6a-26860aff64f6"},{"uuid":"5900d8e9-f447-4dca-b7c5-03df023c8714","type":"Mesh","name":"网格408_13","userData":{"name":"网格408_13"},"layers":1,"matrix":[1,0,0,0,0,1,0,0,0,0,1,0,0,0,0,1],"up":[0,1,0],"geometry":"1e3269b0-7c8b-4aa8-b9fb-7ea599a0c2d5","material":"f9936237-7696-4c18-8aba-986a1e7bf1fd"},{"uuid":"71f72eec-b3a5-4307-8cc8-9dcd2334ced8","type":"Mesh","name":"网格408_14","userData":{"name":"网格408_14"},"layers":1,"matrix":[1,0,0,0,0,1,0,0,0,0,1,0,0,0,0,1],"up":[0,1,0],"geometry":"58e0e94f-aa36-40cf-99ae-a4cdb8911fde","material":"4d1e9933-859b-4929-8d2b-6afd4b37b572"}]},"geometries":[],"images":["85b73b30-3c0f-4163-946c-7159c1aa985a.png","40f6db23-6b31-42cf-93c9-3b25cf259d0d.png","544f0a82-a667-465c-bf52-e3fe6ae78317.png","b48cd8b3-17d1-412f-a921-a808c9db09c2.png","ce4e27ad-1b4c-4862-a69d-f01c8342ff3f.png","2e5982b4-7b61-4c36-ad0c-cb94d205f94b.png","7117fe67-f7a0-4657-b6cb-7bab71876944.png","850a41ac-1c09-4466-b698-03f1864469d4.png","6e9a6612-0a5e-4fc3-965e-08ba0b2c567c.png","3ecd3459-4dc2-4803-9798-49517c04bf6c.png"],"textures":[{"uuid":"6be3e636-4f8f-443e-869a-4d0b8c164873","name":"3d66Model-1577993-files-19","image":"85b73b30-3c0f-4163-946c-7159c1aa985a","mapping":300,"channel":0,"repeat":[1,1],"offset":[0,0],"center":[0,0],"rotation":0,"wrap":[1000,1000],"format":1023,"internalFormat":null,"type":1009,"colorSpace":"srgb","minFilter":1008,"magFilter":1006,"anisotropy":1,"flipY":false,"generateMipmaps":true,"premultiplyAlpha":false,"unpackAlignment":4,"userData":{"mimeType":"image/jpeg"}},{"uuid":"e3376f62-6786-4f44-92a5-6eef2e69e53c","name":"3d66Model-1577993-files-13","image":"40f6db23-6b31-42cf-93c9-3b25cf259d0d","mapping":300,"channel":0,"repeat":[1,1],"offset":[0,0],"center":[0,0],"rotation":0,"wrap":[1000,1000],"format":1023,"internalFormat":null,"type":1009,"colorSpace":"srgb","minFilter":1008,"magFilter":1006,"anisotropy":1,"flipY":false,"generateMipmaps":true,"premultiplyAlpha":false,"unpackAlignment":4,"userData":{"mimeType":"image/jpeg"}},{"uuid":"55af4ce6-b3b1-4816-8424-7df2e77d5e51","name":"3d66Model-1577993-files-6","image":"544f0a82-a667-465c-bf52-e3fe6ae78317","mapping":300,"channel":0,"repeat":[1,1],"offset":[0,0],"center":[0,0],"rotation":0,"wrap":[1000,1000],"format":1023,"internalFormat":null,"type":1009,"colorSpace":"srgb","minFilter":1008,"magFilter":1006,"anisotropy":1,"flipY":false,"generateMipmaps":true,"premultiplyAlpha":false,"unpackAlignment":4,"userData":{"mimeType":"image/jpeg"}},{"uuid":"8fa67be7-ceec-4995-a547-ac8080df26d5","name":"3d66Model-1577993-files-15","image":"b48cd8b3-17d1-412f-a921-a808c9db09c2","mapping":300,"channel":0,"repeat":[1,1],"offset":[0,0],"center":[0,0],"rotation":0,"wrap":[1000,1000],"format":1023,"internalFormat":null,"type":1009,"colorSpace":"srgb","minFilter":1008,"magFilter":1006,"anisotropy":1,"flipY":false,"generateMipmaps":true,"premultiplyAlpha":false,"unpackAlignment":4,"userData":{"mimeType":"image/jpeg"}},{"uuid":"c981505a-6661-495a-a93f-d0d597d216c3","name":"3d66Model-1577993-files-12","image":"ce4e27ad-1b4c-4862-a69d-f01c8342ff3f","mapping":300,"channel":0,"repeat":[1,1],"offset":[0,0],"center":[0,0],"rotation":0,"wrap":[1000,1000],"format":1023,"internalFormat":null,"type":1009,"colorSpace":"srgb","minFilter":1008,"magFilter":1006,"anisotropy":1,"flipY":false,"generateMipmaps":true,"premultiplyAlpha":false,"unpackAlignment":4,"userData":{"mimeType":"image/jpeg"}},{"uuid":"b95bce79-c269-4094-9332-08c73d98204d","name":"3d66Model-1577993-files-3","image":"2e5982b4-7b61-4c36-ad0c-cb94d205f94b","mapping":300,"channel":0,"repeat":[1,1],"offset":[0,0],"center":[0,0],"rotation":0,"wrap":[1000,1000],"format":1023,"internalFormat":null,"type":1009,"colorSpace":"srgb","minFilter":1008,"magFilter":1006,"anisotropy":1,"flipY":false,"generateMipmaps":true,"premultiplyAlpha":false,"unpackAlignment":4,"userData":{"mimeType":"image/jpeg"}},{"uuid":"df8aa979-9000-46c2-bd08-89c404995484","name":"3d66Model-1577993-files-1","image":"7117fe67-f7a0-4657-b6cb-7bab71876944","mapping":300,"channel":0,"repeat":[1,1],"offset":[0,0],"center":[0,0],"rotation":0,"wrap":[1000,1000],"format":1023,"internalFormat":null,"type":1009,"colorSpace":"srgb","minFilter":1008,"magFilter":1006,"anisotropy":1,"flipY":false,"generateMipmaps":true,"premultiplyAlpha":false,"unpackAlignment":4,"userData":{"mimeType":"image/jpeg"}},{"uuid":"452c5a53-ab57-4170-9a5c-b10ecc093c98","name":"3d66Model-1577993-files-10","image":"850a41ac-1c09-4466-b698-03f1864469d4","mapping":300,"channel":0,"repeat":[1,1],"offset":[0,0],"center":[0,0],"rotation":0,"wrap":[1000,1000],"format":1023,"internalFormat":null,"type":1009,"colorSpace":"srgb","minFilter":1008,"magFilter":1006,"anisotropy":1,"flipY":false,"generateMipmaps":true,"premultiplyAlpha":false,"unpackAlignment":4,"userData":{"mimeType":"image/jpeg"}},{"uuid":"6608f5d4-430e-4a7a-bb43-71332ca4e25f","name":"3d66Model-1577993-files-2","image":"6e9a6612-0a5e-4fc3-965e-08ba0b2c567c","mapping":300,"channel":0,"repeat":[1,1],"offset":[0,0],"center":[0,0],"rotation":0,"wrap":[1000,1000],"format":1023,"internalFormat":null,"type":1009,"colorSpace":"srgb","minFilter":1008,"magFilter":1006,"anisotropy":1,"flipY":false,"generateMipmaps":true,"premultiplyAlpha":false,"unpackAlignment":4,"userData":{"mimeType":"image/jpeg"}},{"uuid":"b1595636-c435-4c32-a283-1cd5fee5a418","name":"3d66Model-1577993-files-17","image":"3ecd3459-4dc2-4803-9798-49517c04bf6c","mapping":300,"channel":0,"repeat":[1,1],"offset":[0,0],"center":[0,0],"rotation":0,"wrap":[1000,1000],"format":1023,"internalFormat":null,"type":1009,"colorSpace":"srgb","minFilter":1008,"magFilter":1006,"anisotropy":1,"flipY":false,"generateMipmaps":true,"premultiplyAlpha":false,"unpackAlignment":4,"userData":{"mimeType":"image/jpeg"}}],"materials":[{"uuid":"1394e593-21dc-4788-bb35-e9e53b6ba3f3","type":"MeshStandardMaterial","name":"Mat3d66-1577993-21-8593","color":16777215,"roughness":0.858578622341156,"metalness":0,"emissive":0,"map":"6be3e636-4f8f-443e-869a-4d0b8c164873","envMapRotation":[0,0,0,"XYZ"],"envMapIntensity":1,"side":2,"blendColor":0},{"uuid":"7304df7d-36e0-4741-b23c-a805b820f180","type":"MeshStandardMaterial","name":"Mat3d66-1577993-1-9524","color":16777215,"roughness":0.5433070659637451,"metalness":0,"emissive":0,"map":"e3376f62-6786-4f44-92a5-6eef2e69e53c","envMapRotation":[0,0,0,"XYZ"],"envMapIntensity":1,"side":2,"blendColor":0},{"uuid":"73aaa478-deda-4331-825e-1e48da76a96d","type":"MeshStandardMaterial","name":"Mat3d66-1577993-5-2090","color":7566195,"roughness":0.5121219158172607,"metalness":0,"emissive":0,"envMapRotation":[0,0,0,"XYZ"],"envMapIntensity":1,"side":2,"blendColor":0},{"uuid":"d66193aa-9719-45df-a1c9-6984eb62752e","type":"MeshStandardMaterial","name":"Mat3d66-1577993-22-1201","color":16777215,"roughness":0.858578622341156,"metalness":0,"emissive":0,"map":"55af4ce6-b3b1-4816-8424-7df2e77d5e51","envMapRotation":[0,0,0,"XYZ"],"envMapIntensity":1,"side":2,"blendColor":0},{"uuid":"a8f88d26-9c75-4d84-b3a4-dad8511dbcf5","type":"MeshStandardMaterial","name":"Mat3d66-1577993-8-7818","color":16777215,"roughness":0.858578622341156,"metalness":0,"emissive":0,"map":"8fa67be7-ceec-4995-a547-ac8080df26d5","envMapRotation":[0,0,0,"XYZ"],"envMapIntensity":1,"side":2,"blendColor":0},{"uuid":"2dc69a53-e56c-4a67-8b9d-fcf2590cfdb8","type":"MeshStandardMaterial","name":"Mat3d66-1577993-10-9211","color":7906723,"roughness":1,"metalness":0,"emissive":0,"envMapRotation":[0,0,0,"XYZ"],"envMapIntensity":1,"side":2,"blendColor":0},{"uuid":"8f238a2b-4800-479e-8afd-3b102f92f496","type":"MeshStandardMaterial","name":"Mat3d66-1577993-16-7587","color":16777215,"roughness":1,"metalness":0,"emissive":0,"map":"c981505a-6661-495a-a93f-d0d597d216c3","envMapRotation":[0,0,0,"XYZ"],"envMapIntensity":1,"side":2,"blendColor":0},{"uuid":"40b6380b-a0f0-4f87-9348-52a6474c8002","type":"MeshStandardMaterial","name":"Mat3d66-1577993-11-148","color":12444385,"roughness":0.5829880833625793,"metalness":0,"emissive":0,"envMapRotation":[0,0,0,"XYZ"],"envMapIntensity":1,"side":2,"blendColor":0},{"uuid":"f7306edf-08b2-43dd-9314-bb6874a8368f","type":"MeshStandardMaterial","name":"Mat3d66-1577993-13-1457","color":16777215,"roughness":0.858578622341156,"metalness":0,"emissive":0,"map":"b95bce79-c269-4094-9332-08c73d98204d","envMapRotation":[0,0,0,"XYZ"],"envMapIntensity":1,"side":2,"blendColor":0},{"uuid":"5bb847c2-91f5-416f-a0c9-4e1d557dd5d9","type":"MeshStandardMaterial","name":"Mat3d66-1577993-7-1903","color":15989247,"roughness":0.5514919757843018,"metalness":0.10236220806837082,"emissive":0,"envMapRotation":[0,0,0,"XYZ"],"envMapIntensity":1,"side":2,"blendColor":0},{"uuid":"068077ec-f642-41d1-b18e-6764370f7229","type":"MeshStandardMaterial","name":"Mat3d66-1577993-6-9835","color":16777215,"roughness":0.693224310874939,"metalness":0,"emissive":0,"map":"df8aa979-9000-46c2-bd08-89c404995484","envMapRotation":[0,0,0,"XYZ"],"envMapIntensity":1,"side":2,"blendColor":0},{"uuid":"876b6d65-2b5f-4462-bec4-6918441ffed8","type":"MeshStandardMaterial","name":"Mat3d66-1577993-17-8974","color":16777215,"roughness":0.858578622341156,"metalness":0,"emissive":0,"map":"452c5a53-ab57-4170-9a5c-b10ecc093c98","envMapRotation":[0,0,0,"XYZ"],"envMapIntensity":1,"side":2,"blendColor":0},{"uuid":"0a5ea12c-c4cf-49f5-be6a-26860aff64f6","type":"MeshStandardMaterial","name":"Mat3d66-1577993-23-7916","color":16777215,"roughness":0.858578622341156,"metalness":0,"emissive":0,"map":"6608f5d4-430e-4a7a-bb43-71332ca4e25f","envMapRotation":[0,0,0,"XYZ"],"envMapIntensity":1,"side":2,"blendColor":0},{"uuid":"f9936237-7696-4c18-8aba-986a1e7bf1fd","type":"MeshStandardMaterial","name":"Mat3d66-1577993-3-1257","color":8686998,"roughness":0.49637389183044434,"metalness":0,"emissive":0,"envMapRotation":[0,0,0,"XYZ"],"envMapIntensity":1,"side":2,"opacity":0.9448819160461426,"transparent":true,"blendColor":0,"depthWrite":false},{"uuid":"4d1e9933-859b-4929-8d2b-6afd4b37b572","type":"MeshStandardMaterial","name":"Mat3d66-1577993-4-8819","color":16777215,"roughness":1,"metalness":0,"emissive":0,"map":"b1595636-c435-4c32-a283-1cd5fee5a418","envMapRotation":[0,0,0,"XYZ"],"envMapIntensity":1,"side":2,"blendColor":0}]}