{"metadata":{"version":4.6,"type":"Object","generator":"Astral.Object3D.toJSON"},"object":{"uuid":"af50a097-6d15-4604-b1ee-81ca23e15e5f","type":"Object3D","name":"住宅楼10_1","userData":{"name":"住宅楼10"},"layers":1,"matrix":[1,0,0,0,0,1,0,0,0,0,1,0,0,0,0,1],"up":[0,1,0],"children":[{"uuid":"d5b8c37f-d909-45ff-9caf-184e84163af3","type":"Mesh","name":"网格452","userData":{"name":"网格452"},"layers":1,"matrix":[1,0,0,0,0,1,0,0,0,0,1,0,0,0,0,1],"up":[0,1,0],"geometry":"f3df53cf-14bb-4d1a-819e-17b4cea881c9","material":"e43ef5cf-85ad-47ff-92a3-d799d98ac20a"},{"uuid":"c61fb921-66d5-4290-ab43-a644875f9917","type":"Mesh","name":"网格452_1","userData":{"name":"网格452_1"},"layers":1,"matrix":[1,0,0,0,0,1,0,0,0,0,1,0,0,0,0,1],"up":[0,1,0],"geometry":"6f8a6a4a-50bb-442b-9ae0-892c7ae85357","material":"711133ea-03d3-467f-93ff-7a5c03af28a2"},{"uuid":"b4760142-d860-45c7-b04d-ac5d4b392b3c","type":"Mesh","name":"网格452_2","userData":{"name":"网格452_2"},"layers":1,"matrix":[1,0,0,0,0,1,0,0,0,0,1,0,0,0,0,1],"up":[0,1,0],"geometry":"b67f4262-546e-4b1f-8672-495ecc978aa7","material":"2defe4f6-cc92-45ac-b486-964024adc87e"},{"uuid":"6a8371df-3283-4aec-bffb-70f3400ea83f","type":"Mesh","name":"网格452_3","userData":{"name":"网格452_3"},"layers":1,"matrix":[1,0,0,0,0,1,0,0,0,0,1,0,0,0,0,1],"up":[0,1,0],"geometry":"392dec64-8b56-4885-abaf-4054d53677ba","material":"c3212c2d-235b-4b80-ae4d-965ae25a94ab"},{"uuid":"aff04a66-c6f7-4bfb-9765-22714b1e8aaf","type":"Mesh","name":"网格452_4","userData":{"name":"网格452_4"},"layers":1,"matrix":[1,0,0,0,0,1,0,0,0,0,1,0,0,0,0,1],"up":[0,1,0],"geometry":"cb29800b-0a5b-4f34-8087-879ff5fd8a51","material":"51098a77-fb2f-4125-b6c0-31693993dbd1"},{"uuid":"14661f3f-e36c-42e8-8df8-7eb064e9fbea","type":"Mesh","name":"网格452_5","userData":{"name":"网格452_5"},"layers":1,"matrix":[1,0,0,0,0,1,0,0,0,0,1,0,0,0,0,1],"up":[0,1,0],"geometry":"b175e616-84c4-4205-b694-cf48d3b47824","material":"d23df6b3-8568-4e1a-bb36-d4f71b732c60"},{"uuid":"788d226e-173f-40f7-8dba-69be300117d1","type":"Mesh","name":"网格452_6","userData":{"name":"网格452_6"},"layers":1,"matrix":[1,0,0,0,0,1,0,0,0,0,1,0,0,0,0,1],"up":[0,1,0],"geometry":"2123ccfd-530d-4473-a33c-8c9ff6729597","material":"f675d294-4e01-44e2-9411-33dc5c63e690"},{"uuid":"ba5d12a0-7248-4acf-bf94-7350c83e3ddf","type":"Mesh","name":"网格452_7","userData":{"name":"网格452_7"},"layers":1,"matrix":[1,0,0,0,0,1,0,0,0,0,1,0,0,0,0,1],"up":[0,1,0],"geometry":"107b8380-2b3a-4602-b940-59ffc8946799","material":"eb51c047-d5b2-46f3-9f59-d95b55eda602"},{"uuid":"6e042f65-3daa-4ee4-88cc-caa51ebfe3ce","type":"Mesh","name":"网格452_8","userData":{"name":"网格452_8"},"layers":1,"matrix":[1,0,0,0,0,1,0,0,0,0,1,0,0,0,0,1],"up":[0,1,0],"geometry":"2047b8f6-b512-4b35-aa9e-9e966da0c594","material":"21d6967b-fea6-44ca-bf6a-61910a8b67de"},{"uuid":"38ab9924-7f23-4135-8af5-5fb4ac24afd7","type":"Mesh","name":"网格452_9","userData":{"name":"网格452_9"},"layers":1,"matrix":[1,0,0,0,0,1,0,0,0,0,1,0,0,0,0,1],"up":[0,1,0],"geometry":"9faf51d2-bb18-4e1b-8492-88ebf2fe4c89","material":"94c963a9-20ed-48ee-9a4a-112a5569b36e"},{"uuid":"8cdf49dc-6739-4574-8708-1a8b077086fb","type":"Mesh","name":"网格452_10","userData":{"name":"网格452_10"},"layers":1,"matrix":[1,0,0,0,0,1,0,0,0,0,1,0,0,0,0,1],"up":[0,1,0],"geometry":"3972fd7f-c959-4c12-b9d8-9350c7062321","material":"f945bf8d-19ee-487b-b407-b06c04e92d95"},{"uuid":"e4fc8436-6b9e-4f6d-886e-f27fbe7e2d4d","type":"Mesh","name":"网格452_11","userData":{"name":"网格452_11"},"layers":1,"matrix":[1,0,0,0,0,1,0,0,0,0,1,0,0,0,0,1],"up":[0,1,0],"geometry":"8efefb36-bf58-4e48-8371-e59cdd62e3bb","material":"5ee2951d-598a-4e7d-a61f-8093bf393d0e"}]},"geometries":[],"images":["f89e76ad-328e-414e-adc9-5475012fafba.png","ce063da8-3659-4e89-972c-052d0156c3a4.png","9b72e0c7-6929-4bd6-8b4f-82d7fe0e2b7e.png","10aed0a1-3187-4c47-a66c-a1b5a6f8e3a1.png","faffabe9-c9c7-43ac-9786-826e622b9073.png","8099f9dd-491f-440a-80b5-70574c9f5dfb.png","5b15c401-a551-4729-a802-357c265d0bc6.png","d3b7d653-c7e4-4df1-8687-5c611f3f6f1f.png"],"textures":[{"uuid":"acfe1258-b61c-4dfc-909e-b8ac02f9fbd1","name":"3d66Model-1577993-files-17","image":"f89e76ad-328e-414e-adc9-5475012fafba","mapping":300,"channel":0,"repeat":[1,1],"offset":[0,0],"center":[0,0],"rotation":0,"wrap":[1000,1000],"format":1023,"internalFormat":null,"type":1009,"colorSpace":"srgb","minFilter":1008,"magFilter":1006,"anisotropy":1,"flipY":false,"generateMipmaps":true,"premultiplyAlpha":false,"unpackAlignment":4,"userData":{"mimeType":"image/jpeg"}},{"uuid":"453bb2ef-24c1-42ed-96be-6169490b7120","name":"3d66Model-1577993-files-15","image":"ce063da8-3659-4e89-972c-052d0156c3a4","mapping":300,"channel":0,"repeat":[1,1],"offset":[0,0],"center":[0,0],"rotation":0,"wrap":[1000,1000],"format":1023,"internalFormat":null,"type":1009,"colorSpace":"srgb","minFilter":1008,"magFilter":1006,"anisotropy":1,"flipY":false,"generateMipmaps":true,"premultiplyAlpha":false,"unpackAlignment":4,"userData":{"mimeType":"image/jpeg"}},{"uuid":"fab74e63-eb1a-46e6-a4a4-03d7804f69f1","name":"3d66Model-1577993-files-1","image":"9b72e0c7-6929-4bd6-8b4f-82d7fe0e2b7e","mapping":300,"channel":0,"repeat":[1,1],"offset":[0,0],"center":[0,0],"rotation":0,"wrap":[1000,1000],"format":1023,"internalFormat":null,"type":1009,"colorSpace":"srgb","minFilter":1008,"magFilter":1006,"anisotropy":1,"flipY":false,"generateMipmaps":true,"premultiplyAlpha":false,"unpackAlignment":4,"userData":{"mimeType":"image/jpeg"}},{"uuid":"b896397a-3781-4e2c-a82d-85827b967c93","name":"3d66Model-1577993-files-7","image":"10aed0a1-3187-4c47-a66c-a1b5a6f8e3a1","mapping":300,"channel":0,"repeat":[1,1],"offset":[0,0],"center":[0,0],"rotation":0,"wrap":[1000,1000],"format":1023,"internalFormat":null,"type":1009,"colorSpace":"srgb","minFilter":1008,"magFilter":1006,"anisotropy":1,"flipY":false,"generateMipmaps":true,"premultiplyAlpha":false,"unpackAlignment":4,"userData":{"mimeType":"image/jpeg"}},{"uuid":"02127c99-cfdb-49bb-b9f0-965e7e14f0da","name":"3d66Model-1577993-files-2","image":"faffabe9-c9c7-43ac-9786-826e622b9073","mapping":300,"channel":0,"repeat":[1,1],"offset":[0,0],"center":[0,0],"rotation":0,"wrap":[1000,1000],"format":1023,"internalFormat":null,"type":1009,"colorSpace":"srgb","minFilter":1008,"magFilter":1006,"anisotropy":1,"flipY":false,"generateMipmaps":true,"premultiplyAlpha":false,"unpackAlignment":4,"userData":{"mimeType":"image/jpeg"}},{"uuid":"1f60c040-0cf1-4118-9fbd-73a84219c611","name":"3d66Model-1577993-files-12","image":"8099f9dd-491f-440a-80b5-70574c9f5dfb","mapping":300,"channel":0,"repeat":[1,1],"offset":[0,0],"center":[0,0],"rotation":0,"wrap":[1000,1000],"format":1023,"internalFormat":null,"type":1009,"colorSpace":"srgb","minFilter":1008,"magFilter":1006,"anisotropy":1,"flipY":false,"generateMipmaps":true,"premultiplyAlpha":false,"unpackAlignment":4,"userData":{"mimeType":"image/jpeg"}},{"uuid":"2e85d46e-4f6e-4ad3-b367-c924b7cfef2c","name":"3d66Model-1577993-files-16","image":"5b15c401-a551-4729-a802-357c265d0bc6","mapping":300,"channel":0,"repeat":[1,1],"offset":[0,0],"center":[0,0],"rotation":0,"wrap":[1000,1000],"format":1023,"internalFormat":null,"type":1009,"colorSpace":"srgb","minFilter":1008,"magFilter":1006,"anisotropy":1,"flipY":false,"generateMipmaps":true,"premultiplyAlpha":false,"unpackAlignment":4,"userData":{"mimeType":"image/jpeg"}},{"uuid":"2d7c3281-c1ff-4d01-afe0-8dd85c5f2d77","name":"3d66Model-1577993-files-6","image":"d3b7d653-c7e4-4df1-8687-5c611f3f6f1f","mapping":300,"channel":0,"repeat":[1,1],"offset":[0,0],"center":[0,0],"rotation":0,"wrap":[1000,1000],"format":1023,"internalFormat":null,"type":1009,"colorSpace":"srgb","minFilter":1008,"magFilter":1006,"anisotropy":1,"flipY":false,"generateMipmaps":true,"premultiplyAlpha":false,"unpackAlignment":4,"userData":{"mimeType":"image/jpeg"}}],"materials":[{"uuid":"e43ef5cf-85ad-47ff-92a3-d799d98ac20a","type":"MeshStandardMaterial","name":"Mat3d66-1577993-4-8819","color":16777215,"roughness":1,"metalness":0,"emissive":0,"map":"acfe1258-b61c-4dfc-909e-b8ac02f9fbd1","envMapRotation":[0,0,0,"XYZ"],"envMapIntensity":1,"side":2,"blendColor":0},{"uuid":"711133ea-03d3-467f-93ff-7a5c03af28a2","type":"MeshStandardMaterial","name":"Mat3d66-1577993-8-7818","color":16777215,"roughness":0.858578622341156,"metalness":0,"emissive":0,"map":"453bb2ef-24c1-42ed-96be-6169490b7120","envMapRotation":[0,0,0,"XYZ"],"envMapIntensity":1,"side":2,"blendColor":0},{"uuid":"2defe4f6-cc92-45ac-b486-964024adc87e","type":"MeshStandardMaterial","name":"Mat3d66-1577993-3-1257","color":8686998,"roughness":0.49637389183044434,"metalness":0,"emissive":0,"envMapRotation":[0,0,0,"XYZ"],"envMapIntensity":1,"side":2,"opacity":0.9448819160461426,"transparent":true,"blendColor":0,"depthWrite":false},{"uuid":"c3212c2d-235b-4b80-ae4d-965ae25a94ab","type":"MeshStandardMaterial","name":"Mat3d66-1577993-6-9835","color":16777215,"roughness":0.693224310874939,"metalness":0,"emissive":0,"map":"fab74e63-eb1a-46e6-a4a4-03d7804f69f1","envMapRotation":[0,0,0,"XYZ"],"envMapIntensity":1,"side":2,"blendColor":0},{"uuid":"51098a77-fb2f-4125-b6c0-31693993dbd1","type":"MeshStandardMaterial","name":"Mat3d66-1577993-5-2090","color":7566195,"roughness":0.5121219158172607,"metalness":0,"emissive":0,"envMapRotation":[0,0,0,"XYZ"],"envMapIntensity":1,"side":2,"blendColor":0},{"uuid":"d23df6b3-8568-4e1a-bb36-d4f71b732c60","type":"MeshStandardMaterial","name":"Mat3d66-1577993-18-6424","color":16777215,"roughness":0.858578622341156,"metalness":0,"emissive":0,"map":"b896397a-3781-4e2c-a82d-85827b967c93","envMapRotation":[0,0,0,"XYZ"],"envMapIntensity":1,"side":2,"blendColor":0},{"uuid":"f675d294-4e01-44e2-9411-33dc5c63e690","type":"MeshStandardMaterial","name":"Mat3d66-1577993-23-7916","color":16777215,"roughness":0.858578622341156,"metalness":0,"emissive":0,"map":"02127c99-cfdb-49bb-b9f0-965e7e14f0da","envMapRotation":[0,0,0,"XYZ"],"envMapIntensity":1,"side":2,"blendColor":0},{"uuid":"eb51c047-d5b2-46f3-9f59-d95b55eda602","type":"MeshStandardMaterial","name":"Mat3d66-1577993-16-7587","color":16777215,"roughness":1,"metalness":0,"emissive":0,"map":"1f60c040-0cf1-4118-9fbd-73a84219c611","envMapRotation":[0,0,0,"XYZ"],"envMapIntensity":1,"side":2,"blendColor":0},{"uuid":"21d6967b-fea6-44ca-bf6a-61910a8b67de","type":"MeshStandardMaterial","name":"Mat3d66-1577993-24-2805","color":16777215,"roughness":0.858578622341156,"metalness":1,"emissive":0,"map":"2e85d46e-4f6e-4ad3-b367-c924b7cfef2c","envMapRotation":[0,0,0,"XYZ"],"envMapIntensity":1,"side":2,"blendColor":0},{"uuid":"94c963a9-20ed-48ee-9a4a-112a5569b36e","type":"MeshStandardMaterial","name":"Mat3d66-1577993-11-148","color":12444385,"roughness":0.5829880833625793,"metalness":0,"emissive":0,"envMapRotation":[0,0,0,"XYZ"],"envMapIntensity":1,"side":2,"blendColor":0},{"uuid":"f945bf8d-19ee-487b-b407-b06c04e92d95","type":"MeshStandardMaterial","name":"Mat3d66-1577993-22-1201","color":16777215,"roughness":0.858578622341156,"metalness":0,"emissive":0,"map":"2d7c3281-c1ff-4d01-afe0-8dd85c5f2d77","envMapRotation":[0,0,0,"XYZ"],"envMapIntensity":1,"side":2,"blendColor":0},{"uuid":"5ee2951d-598a-4e7d-a61f-8093bf393d0e","type":"MeshStandardMaterial","name":"Mat3d66-1577993-7-1903","color":15989247,"roughness":0.5514919757843018,"metalness":0.10236220806837082,"emissive":0,"envMapRotation":[0,0,0,"XYZ"],"envMapIntensity":1,"side":2,"blendColor":0}]}