{"metadata":{"version":4.6,"type":"Object","generator":"Astral.Object3D.toJSON"},"object":{"uuid":"974257ab-abb2-49f4-af74-47289d413612","type":"Group","name":"白桦树","userData":{"name":"白桦树"},"layers":1,"matrix":[1,0,0,0,0,1,0,0,0,0,1,0,0,0,0,1],"up":[0,1,0],"children":[{"uuid":"c79f0ede-1675-40e6-a7ff-aaccca41d9cf","type":"Mesh","name":"AM113_002_Quercus004","layers":1,"matrix":[1,0,0,0,0,1,0,0,0,0,1,0,0,0,0,1],"up":[0,1,0],"geometry":"8a98d347-ecce-4da6-931c-a5cbd5e87c07","material":"aa2a4d56-7b66-4ea7-99e1-473d5a4bc637"},{"uuid":"3911a097-9c2a-40ee-8ed7-e9fed651c7fb","type":"Mesh","name":"AM113_002_Quercus004_1","layers":1,"matrix":[1,0,0,0,0,1,0,0,0,0,1,0,0,0,0,1],"up":[0,1,0],"geometry":"9b023881-fd26-46f9-9cd2-7e5617fe5da3","material":"59c6fb29-8a86-4997-a03c-dfeee08e9609"}]},"geometries":[],"images":["0be6b7ce-cc62-4942-98bc-27f9e0a5f04b.jpg","6d02f685-eb4f-4d3b-a811-7f4ae078dd01.png"],"textures":[{"uuid":"1d4d7645-73b3-41bb-98ea-d3f2e676f33a","name":"Image_0","image":"0be6b7ce-cc62-4942-98bc-27f9e0a5f04b","mapping":300,"channel":0,"repeat":[1,1],"offset":[0,0],"center":[0,0],"rotation":0,"wrap":[1000,1000],"format":1023,"internalFormat":null,"type":1009,"colorSpace":"srgb","minFilter":1008,"magFilter":1006,"anisotropy":1,"flipY":false,"generateMipmaps":true,"premultiplyAlpha":false,"unpackAlignment":4,"userData":{"mimeType":"image/png"}},{"uuid":"58811c59-57c5-4a51-93d2-48215d7591df","name":"Image_1","image":"6d02f685-eb4f-4d3b-a811-7f4ae078dd01","mapping":300,"channel":0,"repeat":[1,1],"offset":[0,0],"center":[0,0],"rotation":0,"wrap":[1000,1000],"format":1023,"internalFormat":null,"type":1009,"colorSpace":"srgb","minFilter":1008,"magFilter":1006,"anisotropy":1,"flipY":false,"generateMipmaps":true,"premultiplyAlpha":false,"unpackAlignment":4,"userData":{"mimeType":"image/png"}}],"materials":[{"uuid":"aa2a4d56-7b66-4ea7-99e1-473d5a4bc637","type":"MeshStandardMaterial","name":"AM113_002_Quercus_Trunk.002","color":16777215,"roughness":0.7913385629653931,"metalness":0,"emissive":0,"map":"1d4d7645-73b3-41bb-98ea-d3f2e676f33a","envMapRotation":[0,0,0,"XYZ"],"envMapIntensity":1,"side":2,"blendColor":0,"alphaTest":0.5},{"uuid":"59c6fb29-8a86-4997-a03c-dfeee08e9609","type":"MeshStandardMaterial","name":"AM113_002_Quercus.002","color":16777215,"roughness":0.8228346109390259,"metalness":0,"emissive":0,"map":"58811c59-57c5-4a51-93d2-48215d7591df","envMapRotation":[0,0,0,"XYZ"],"envMapIntensity":1,"side":2,"blendColor":0,"alphaTest":0.5}]}