{"metadata":{"version":4.6,"type":"Object","generator":"Astral.Object3D.toJSON"},"object":{"uuid":"1335163b-8bbf-4e70-8e21-96cccde485db","type":"Object3D","name":"住宅楼32_1","userData":{"name":"住宅楼32"},"layers":1,"matrix":[1,0,0,0,0,1,0,0,0,0,1,0,0,0,0,1],"up":[0,1,0],"children":[{"uuid":"7ec22c9d-1bd2-44d9-b80a-6a588a74d2c4","type":"Mesh","name":"网格217","userData":{"name":"网格217"},"layers":1,"matrix":[1,0,0,0,0,1,0,0,0,0,1,0,0,0,0,1],"up":[0,1,0],"geometry":"7a81ef7b-6525-4012-b49d-8bb3f82444dd","material":"e67ae0b6-22ae-41e2-8a0a-f31177910048"},{"uuid":"a6650040-0863-47f9-9c41-bd37fd86b1b0","type":"Mesh","name":"网格217_1","userData":{"name":"网格217_1"},"layers":1,"matrix":[1,0,0,0,0,1,0,0,0,0,1,0,0,0,0,1],"up":[0,1,0],"geometry":"690cc35b-4d75-4920-930e-687277115fee","material":"0d986dd8-7f28-4571-b0b0-3cb15a379e6d"},{"uuid":"db14e930-4ada-437a-9895-76c6f95a3ec1","type":"Mesh","name":"网格217_2","userData":{"name":"网格217_2"},"layers":1,"matrix":[1,0,0,0,0,1,0,0,0,0,1,0,0,0,0,1],"up":[0,1,0],"geometry":"752836a7-6506-487b-9570-a2b72551a65e","material":"6cbdbe0e-ce3f-4906-ac6b-8cfe4ce5575e"},{"uuid":"91cb9951-122d-428d-97c9-4e10d8473c71","type":"Mesh","name":"网格217_3","userData":{"name":"网格217_3"},"layers":1,"matrix":[1,0,0,0,0,1,0,0,0,0,1,0,0,0,0,1],"up":[0,1,0],"geometry":"c0f75009-c377-47b5-b070-2584f1060274","material":"43ef1066-eb94-49bc-aa68-2e8ffa4ce44e"},{"uuid":"f8489dd8-a215-4f1a-b8d5-b91e7acb8166","type":"Mesh","name":"网格217_4","userData":{"name":"网格217_4"},"layers":1,"matrix":[1,0,0,0,0,1,0,0,0,0,1,0,0,0,0,1],"up":[0,1,0],"geometry":"76a1e36a-1423-4094-af0f-dd46e21fb823","material":"32ee3483-3dd0-4a2a-94a9-c363caad96ac"},{"uuid":"42b3d2ba-bc6f-47b0-88af-5bce285ef46a","type":"Mesh","name":"网格217_5","userData":{"name":"网格217_5"},"layers":1,"matrix":[1,0,0,0,0,1,0,0,0,0,1,0,0,0,0,1],"up":[0,1,0],"geometry":"58030ac9-69e6-46df-8ac0-4f539011dd44","material":"ef6cb4c8-c889-42ea-9212-d44bebfa48d7"},{"uuid":"b8c9bc13-6e94-4bff-9dce-bfa288b1ac99","type":"Mesh","name":"网格217_6","userData":{"name":"网格217_6"},"layers":1,"matrix":[1,0,0,0,0,1,0,0,0,0,1,0,0,0,0,1],"up":[0,1,0],"geometry":"c49718f5-cf12-4fd9-a1e0-271c9001b50d","material":"614ca08b-51cd-4bb6-a8d6-8729ce5a41f8"},{"uuid":"470dc78a-993c-4698-8adc-b4572e6d0a58","type":"Mesh","name":"网格217_7","userData":{"name":"网格217_7"},"layers":1,"matrix":[1,0,0,0,0,1,0,0,0,0,1,0,0,0,0,1],"up":[0,1,0],"geometry":"2265c180-4859-4b29-9f97-2e66c72aff2c","material":"41a1b11c-ade0-4ede-8bf4-59c41008fe22"},{"uuid":"bde442d2-8dca-4b7f-981e-7ae1bd3e44c0","type":"Mesh","name":"网格217_8","userData":{"name":"网格217_8"},"layers":1,"matrix":[1,0,0,0,0,1,0,0,0,0,1,0,0,0,0,1],"up":[0,1,0],"geometry":"004f05ca-ad89-4130-88aa-8dfe494884eb","material":"c4d541fb-bc65-4ddf-86c6-17270ce15f7e"},{"uuid":"172f0551-f4b1-4783-b22b-1c4b99f9e304","type":"Mesh","name":"网格217_9","userData":{"name":"网格217_9"},"layers":1,"matrix":[1,0,0,0,0,1,0,0,0,0,1,0,0,0,0,1],"up":[0,1,0],"geometry":"8d03fbd3-7223-4f81-96df-47f974920342","material":"4e4658a8-6a80-4eeb-b940-277f82938555"},{"uuid":"dff0e23a-32f6-401d-9222-066e75a5a4c8","type":"Mesh","name":"网格217_10","userData":{"name":"网格217_10"},"layers":1,"matrix":[1,0,0,0,0,1,0,0,0,0,1,0,0,0,0,1],"up":[0,1,0],"geometry":"38c227a7-b0e7-423d-93c4-c8f330399b56","material":"963ca5ca-8c83-472f-ae17-d6522f06e16a"}]},"geometries":[],"images":["f4ab6d63-f3de-42f5-9aa3-f37bf96296f3.png","e707b47b-352b-44c1-9171-6bcee07f29ff.png"],"textures":[],"materials":[]}