{"metadata":{"version":4.6,"type":"Object","generator":"Astral.Object3D.toJSON"},"object":{"uuid":"f8c6a02e-ddf3-4bc9-8408-c4a54c60e24a","type":"Object3D","name":"住宅楼22_1","userData":{"name":"住宅楼22"},"layers":1,"matrix":[1,0,0,0,0,1,0,0,0,0,1,0,0,0,0,1],"up":[0,1,0],"children":[{"uuid":"a4171611-5584-4a80-9b27-243ca6c5c600","type":"Mesh","name":"网格340","userData":{"name":"网格340"},"layers":1,"matrix":[1,0,0,0,0,1,0,0,0,0,1,0,0,0,0,1],"up":[0,1,0],"geometry":"1a7f158e-4975-4d84-8eec-016d7fbc46d6","material":"6737ae9f-940b-4055-90fb-73222bd726e1"},{"uuid":"8d64adc2-e55e-4b76-b1b5-110cb68323a1","type":"Mesh","name":"网格340_1","userData":{"name":"网格340_1"},"layers":1,"matrix":[1,0,0,0,0,1,0,0,0,0,1,0,0,0,0,1],"up":[0,1,0],"geometry":"d021d853-cffb-4f6d-bfbc-da019c987e22","material":"e1cdd65d-a71f-4628-81dd-20940ed45fbb"},{"uuid":"525ff2d4-3839-4d88-bc72-5c02eb8cc1fc","type":"Mesh","name":"网格340_2","userData":{"name":"网格340_2"},"layers":1,"matrix":[1,0,0,0,0,1,0,0,0,0,1,0,0,0,0,1],"up":[0,1,0],"geometry":"0f780524-6f41-40be-bb8d-bf07e5551f4b","material":"12c041f7-a972-455f-8057-0c68221542a6"},{"uuid":"32bf6225-70a4-4766-adb1-56b4dadc55bf","type":"Mesh","name":"网格340_3","userData":{"name":"网格340_3"},"layers":1,"matrix":[1,0,0,0,0,1,0,0,0,0,1,0,0,0,0,1],"up":[0,1,0],"geometry":"198ff1c1-9874-43c6-9b14-044ab7ad4850","material":"c35e1669-867d-4715-9a07-9691a1be93d5"},{"uuid":"b356b997-5a7b-4d9c-b219-9292bb7fd1d0","type":"Mesh","name":"网格340_4","userData":{"name":"网格340_4"},"layers":1,"matrix":[1,0,0,0,0,1,0,0,0,0,1,0,0,0,0,1],"up":[0,1,0],"geometry":"9302bc53-cee2-4a64-9230-da5e825c137b","material":"242528d0-4e52-4d27-8c24-36b13b5d13e7"},{"uuid":"9c652275-51f0-471e-a73e-bb381cd92da8","type":"Mesh","name":"网格340_5","userData":{"name":"网格340_5"},"layers":1,"matrix":[1,0,0,0,0,1,0,0,0,0,1,0,0,0,0,1],"up":[0,1,0],"geometry":"5ee7718a-72e6-4ac8-a696-d511ce6c57be","material":"6cf824a6-09bd-438b-921b-bfa48a7ce56a"},{"uuid":"10bb58da-5e5e-4205-9d58-f9b1f00fe5c3","type":"Mesh","name":"网格340_6","userData":{"name":"网格340_6"},"layers":1,"matrix":[1,0,0,0,0,1,0,0,0,0,1,0,0,0,0,1],"up":[0,1,0],"geometry":"c867124b-62ea-43c4-95a4-c1a53fc6137e","material":"927c7749-c2ae-4feb-9e46-658d7d421459"},{"uuid":"adbe1c23-24c4-4a74-b269-138ea4d0d3a8","type":"Mesh","name":"网格340_7","userData":{"name":"网格340_7"},"layers":1,"matrix":[1,0,0,0,0,1,0,0,0,0,1,0,0,0,0,1],"up":[0,1,0],"geometry":"fb06dea5-741f-4161-8f90-ff8c5950a2c0","material":"873f37e5-8b81-4f88-a50b-d0bf61221607"},{"uuid":"5808e13c-3d66-46ed-83f3-b533f8106365","type":"Mesh","name":"网格340_8","userData":{"name":"网格340_8"},"layers":1,"matrix":[1,0,0,0,0,1,0,0,0,0,1,0,0,0,0,1],"up":[0,1,0],"geometry":"d95b67a1-de56-470e-ac97-c81921f6d407","material":"12e00b72-e6ba-4464-8885-c2f27c2f8628"},{"uuid":"2a709fba-ca53-43b8-a2c0-4233f7618077","type":"Mesh","name":"网格340_9","userData":{"name":"网格340_9"},"layers":1,"matrix":[1,0,0,0,0,1,0,0,0,0,1,0,0,0,0,1],"up":[0,1,0],"geometry":"85511edd-763e-45e1-9126-81145297bb5c","material":"60a35bf4-46b2-4ca0-a2b9-4e85a8a85071"},{"uuid":"e8ff8d88-80c9-409a-80e1-c3923e437b97","type":"Mesh","name":"网格340_10","userData":{"name":"网格340_10"},"layers":1,"matrix":[1,0,0,0,0,1,0,0,0,0,1,0,0,0,0,1],"up":[0,1,0],"geometry":"8ec7778f-94e0-4999-89db-74d313ee9943","material":"cb087660-1e6c-43f8-a797-442be7c33ac4"},{"uuid":"1b8bd479-b51c-4a53-8fbd-01c2c23c71f0","type":"Mesh","name":"网格340_11","userData":{"name":"网格340_11"},"layers":1,"matrix":[1,0,0,0,0,1,0,0,0,0,1,0,0,0,0,1],"up":[0,1,0],"geometry":"5178a8b9-200c-4bea-9ca6-101d58ca4adb","material":"5e90fb1d-f0e2-4a95-b8a4-8cd436f5eada"}]},"geometries":[],"images":["af482d0b-100d-44cd-8c70-6c800a6b97c8.png","8d862d0e-6981-4572-a20e-f46d4c193ab9.png","f2d98c2d-2d97-4802-baf7-0af2c31de411.png","0491b661-a354-4f21-9c47-25ce0d56f0e8.png","f6c8435d-4900-4295-bf69-2c200f397c32.png","fb14736c-e29c-4c2f-814d-cc834072078c.png","9a869142-9808-4f82-a8af-f63469adb302.png","7b54860b-7509-4db2-9120-b1d0961a3729.png"],"textures":[{"uuid":"36e4020b-1600-4b5c-b4fa-520de3218ba0","name":"3d66Model-1577993-files-17","image":"af482d0b-100d-44cd-8c70-6c800a6b97c8","mapping":300,"channel":0,"repeat":[1,1],"offset":[0,0],"center":[0,0],"rotation":0,"wrap":[1000,1000],"format":1023,"internalFormat":null,"type":1009,"colorSpace":"srgb","minFilter":1008,"magFilter":1006,"anisotropy":1,"flipY":false,"generateMipmaps":true,"premultiplyAlpha":false,"unpackAlignment":4,"userData":{"mimeType":"image/jpeg"}},{"uuid":"30f9034c-8ab5-44d0-803a-719cc78976af","name":"3d66Model-1577993-files-15","image":"8d862d0e-6981-4572-a20e-f46d4c193ab9","mapping":300,"channel":0,"repeat":[1,1],"offset":[0,0],"center":[0,0],"rotation":0,"wrap":[1000,1000],"format":1023,"internalFormat":null,"type":1009,"colorSpace":"srgb","minFilter":1008,"magFilter":1006,"anisotropy":1,"flipY":false,"generateMipmaps":true,"premultiplyAlpha":false,"unpackAlignment":4,"userData":{"mimeType":"image/jpeg"}},{"uuid":"a3d5c377-c830-4119-8b12-8968d1fe4819","name":"3d66Model-1577993-files-1","image":"f2d98c2d-2d97-4802-baf7-0af2c31de411","mapping":300,"channel":0,"repeat":[1,1],"offset":[0,0],"center":[0,0],"rotation":0,"wrap":[1000,1000],"format":1023,"internalFormat":null,"type":1009,"colorSpace":"srgb","minFilter":1008,"magFilter":1006,"anisotropy":1,"flipY":false,"generateMipmaps":true,"premultiplyAlpha":false,"unpackAlignment":4,"userData":{"mimeType":"image/jpeg"}},{"uuid":"f50e8555-6974-4ddb-8b37-e30bdecd073f","name":"3d66Model-1577993-files-7","image":"0491b661-a354-4f21-9c47-25ce0d56f0e8","mapping":300,"channel":0,"repeat":[1,1],"offset":[0,0],"center":[0,0],"rotation":0,"wrap":[1000,1000],"format":1023,"internalFormat":null,"type":1009,"colorSpace":"srgb","minFilter":1008,"magFilter":1006,"anisotropy":1,"flipY":false,"generateMipmaps":true,"premultiplyAlpha":false,"unpackAlignment":4,"userData":{"mimeType":"image/jpeg"}},{"uuid":"6e05c56f-f298-449d-8f42-40ba434fcd85","name":"3d66Model-1577993-files-2","image":"f6c8435d-4900-4295-bf69-2c200f397c32","mapping":300,"channel":0,"repeat":[1,1],"offset":[0,0],"center":[0,0],"rotation":0,"wrap":[1000,1000],"format":1023,"internalFormat":null,"type":1009,"colorSpace":"srgb","minFilter":1008,"magFilter":1006,"anisotropy":1,"flipY":false,"generateMipmaps":true,"premultiplyAlpha":false,"unpackAlignment":4,"userData":{"mimeType":"image/jpeg"}},{"uuid":"0beabadf-b5e2-44ac-8788-11306e3ba02b","name":"3d66Model-1577993-files-12","image":"fb14736c-e29c-4c2f-814d-cc834072078c","mapping":300,"channel":0,"repeat":[1,1],"offset":[0,0],"center":[0,0],"rotation":0,"wrap":[1000,1000],"format":1023,"internalFormat":null,"type":1009,"colorSpace":"srgb","minFilter":1008,"magFilter":1006,"anisotropy":1,"flipY":false,"generateMipmaps":true,"premultiplyAlpha":false,"unpackAlignment":4,"userData":{"mimeType":"image/jpeg"}},{"uuid":"abac9a9e-1194-41fd-a61c-a17038d3eb11","name":"3d66Model-1577993-files-16","image":"9a869142-9808-4f82-a8af-f63469adb302","mapping":300,"channel":0,"repeat":[1,1],"offset":[0,0],"center":[0,0],"rotation":0,"wrap":[1000,1000],"format":1023,"internalFormat":null,"type":1009,"colorSpace":"srgb","minFilter":1008,"magFilter":1006,"anisotropy":1,"flipY":false,"generateMipmaps":true,"premultiplyAlpha":false,"unpackAlignment":4,"userData":{"mimeType":"image/jpeg"}},{"uuid":"0fc17846-520e-4105-a502-29118a00fc51","name":"3d66Model-1577993-files-6","image":"7b54860b-7509-4db2-9120-b1d0961a3729","mapping":300,"channel":0,"repeat":[1,1],"offset":[0,0],"center":[0,0],"rotation":0,"wrap":[1000,1000],"format":1023,"internalFormat":null,"type":1009,"colorSpace":"srgb","minFilter":1008,"magFilter":1006,"anisotropy":1,"flipY":false,"generateMipmaps":true,"premultiplyAlpha":false,"unpackAlignment":4,"userData":{"mimeType":"image/jpeg"}}],"materials":[{"uuid":"6737ae9f-940b-4055-90fb-73222bd726e1","type":"MeshStandardMaterial","name":"Mat3d66-1577993-4-8819","color":16777215,"roughness":1,"metalness":0,"emissive":0,"map":"36e4020b-1600-4b5c-b4fa-520de3218ba0","envMapRotation":[0,0,0,"XYZ"],"envMapIntensity":1,"side":2,"blendColor":0},{"uuid":"e1cdd65d-a71f-4628-81dd-20940ed45fbb","type":"MeshStandardMaterial","name":"Mat3d66-1577993-8-7818","color":16777215,"roughness":0.858578622341156,"metalness":0,"emissive":0,"map":"30f9034c-8ab5-44d0-803a-719cc78976af","envMapRotation":[0,0,0,"XYZ"],"envMapIntensity":1,"side":2,"blendColor":0},{"uuid":"12c041f7-a972-455f-8057-0c68221542a6","type":"MeshStandardMaterial","name":"Mat3d66-1577993-3-1257","color":8686998,"roughness":0.49637389183044434,"metalness":0,"emissive":0,"envMapRotation":[0,0,0,"XYZ"],"envMapIntensity":1,"side":2,"opacity":0.9448819160461426,"transparent":true,"blendColor":0,"depthWrite":false},{"uuid":"c35e1669-867d-4715-9a07-9691a1be93d5","type":"MeshStandardMaterial","name":"Mat3d66-1577993-6-9835","color":16777215,"roughness":0.693224310874939,"metalness":0,"emissive":0,"map":"a3d5c377-c830-4119-8b12-8968d1fe4819","envMapRotation":[0,0,0,"XYZ"],"envMapIntensity":1,"side":2,"blendColor":0},{"uuid":"242528d0-4e52-4d27-8c24-36b13b5d13e7","type":"MeshStandardMaterial","name":"Mat3d66-1577993-5-2090","color":7566195,"roughness":0.5121219158172607,"metalness":0,"emissive":0,"envMapRotation":[0,0,0,"XYZ"],"envMapIntensity":1,"side":2,"blendColor":0},{"uuid":"6cf824a6-09bd-438b-921b-bfa48a7ce56a","type":"MeshStandardMaterial","name":"Mat3d66-1577993-18-6424","color":16777215,"roughness":0.858578622341156,"metalness":0,"emissive":0,"map":"f50e8555-6974-4ddb-8b37-e30bdecd073f","envMapRotation":[0,0,0,"XYZ"],"envMapIntensity":1,"side":2,"blendColor":0},{"uuid":"927c7749-c2ae-4feb-9e46-658d7d421459","type":"MeshStandardMaterial","name":"Mat3d66-1577993-23-7916","color":16777215,"roughness":0.858578622341156,"metalness":0,"emissive":0,"map":"6e05c56f-f298-449d-8f42-40ba434fcd85","envMapRotation":[0,0,0,"XYZ"],"envMapIntensity":1,"side":2,"blendColor":0},{"uuid":"873f37e5-8b81-4f88-a50b-d0bf61221607","type":"MeshStandardMaterial","name":"Mat3d66-1577993-16-7587","color":16777215,"roughness":1,"metalness":0,"emissive":0,"map":"0beabadf-b5e2-44ac-8788-11306e3ba02b","envMapRotation":[0,0,0,"XYZ"],"envMapIntensity":1,"side":2,"blendColor":0},{"uuid":"12e00b72-e6ba-4464-8885-c2f27c2f8628","type":"MeshStandardMaterial","name":"Mat3d66-1577993-24-2805","color":16777215,"roughness":0.858578622341156,"metalness":1,"emissive":0,"map":"abac9a9e-1194-41fd-a61c-a17038d3eb11","envMapRotation":[0,0,0,"XYZ"],"envMapIntensity":1,"side":2,"blendColor":0},{"uuid":"60a35bf4-46b2-4ca0-a2b9-4e85a8a85071","type":"MeshStandardMaterial","name":"Mat3d66-1577993-11-148","color":12444385,"roughness":0.5829880833625793,"metalness":0,"emissive":0,"envMapRotation":[0,0,0,"XYZ"],"envMapIntensity":1,"side":2,"blendColor":0},{"uuid":"cb087660-1e6c-43f8-a797-442be7c33ac4","type":"MeshStandardMaterial","name":"Mat3d66-1577993-22-1201","color":16777215,"roughness":0.858578622341156,"metalness":0,"emissive":0,"map":"0fc17846-520e-4105-a502-29118a00fc51","envMapRotation":[0,0,0,"XYZ"],"envMapIntensity":1,"side":2,"blendColor":0},{"uuid":"5e90fb1d-f0e2-4a95-b8a4-8cd436f5eada","type":"MeshStandardMaterial","name":"Mat3d66-1577993-7-1903","color":15989247,"roughness":0.5514919757843018,"metalness":0.10236220806837082,"emissive":0,"envMapRotation":[0,0,0,"XYZ"],"envMapIntensity":1,"side":2,"blendColor":0}]}