{"metadata":{"version":4.6,"type":"Object","generator":"Astral.Object3D.toJSON"},"object":{"uuid":"a972bee9-a327-4db8-964a-1c5aca348387","type":"Object3D","name":"住宅楼32_3","userData":{"name":"住宅楼32"},"layers":1,"matrix":[1,0,0,0,0,1,0,0,0,0,1,0,0,0,0,1],"up":[0,1,0],"children":[{"uuid":"6619862c-899a-4394-a4f5-a02a61c17b0e","type":"Mesh","name":"网格217_1","userData":{"name":"网格217"},"layers":1,"matrix":[1,0,0,0,0,1,0,0,0,0,1,0,0,0,0,1],"up":[0,1,0],"geometry":"7a81ef7b-6525-4012-b49d-8bb3f82444dd","material":"e67ae0b6-22ae-41e2-8a0a-f31177910048"},{"uuid":"b4ba0e51-6319-42b0-9831-d64d8143b13d","type":"Mesh","name":"网格217_1_1","userData":{"name":"网格217_1"},"layers":1,"matrix":[1,0,0,0,0,1,0,0,0,0,1,0,0,0,0,1],"up":[0,1,0],"geometry":"690cc35b-4d75-4920-930e-687277115fee","material":"0d986dd8-7f28-4571-b0b0-3cb15a379e6d"},{"uuid":"ce976e6e-6198-4ef8-ab40-d5c3c3f05f26","type":"Mesh","name":"网格217_2_1","userData":{"name":"网格217_2"},"layers":1,"matrix":[1,0,0,0,0,1,0,0,0,0,1,0,0,0,0,1],"up":[0,1,0],"geometry":"752836a7-6506-487b-9570-a2b72551a65e","material":"6cbdbe0e-ce3f-4906-ac6b-8cfe4ce5575e"},{"uuid":"fc3b3375-5383-4dea-8b67-3b1a875d1633","type":"Mesh","name":"网格217_3_1","userData":{"name":"网格217_3"},"layers":1,"matrix":[1,0,0,0,0,1,0,0,0,0,1,0,0,0,0,1],"up":[0,1,0],"geometry":"c0f75009-c377-47b5-b070-2584f1060274","material":"43ef1066-eb94-49bc-aa68-2e8ffa4ce44e"},{"uuid":"fba0e9ce-7a2d-4173-a8af-450974b119c0","type":"Mesh","name":"网格217_4_1","userData":{"name":"网格217_4"},"layers":1,"matrix":[1,0,0,0,0,1,0,0,0,0,1,0,0,0,0,1],"up":[0,1,0],"geometry":"76a1e36a-1423-4094-af0f-dd46e21fb823","material":"32ee3483-3dd0-4a2a-94a9-c363caad96ac"},{"uuid":"26f5ad05-5c22-42ad-8353-044a22591b76","type":"Mesh","name":"网格217_5_1","userData":{"name":"网格217_5"},"layers":1,"matrix":[1,0,0,0,0,1,0,0,0,0,1,0,0,0,0,1],"up":[0,1,0],"geometry":"58030ac9-69e6-46df-8ac0-4f539011dd44","material":"ef6cb4c8-c889-42ea-9212-d44bebfa48d7"},{"uuid":"62a15e44-3060-4ef8-8319-411e5337914f","type":"Mesh","name":"网格217_6_1","userData":{"name":"网格217_6"},"layers":1,"matrix":[1,0,0,0,0,1,0,0,0,0,1,0,0,0,0,1],"up":[0,1,0],"geometry":"c49718f5-cf12-4fd9-a1e0-271c9001b50d","material":"614ca08b-51cd-4bb6-a8d6-8729ce5a41f8"},{"uuid":"85cb4b6a-874e-4978-8793-fdb63e16d4d1","type":"Mesh","name":"网格217_7_1","userData":{"name":"网格217_7"},"layers":1,"matrix":[1,0,0,0,0,1,0,0,0,0,1,0,0,0,0,1],"up":[0,1,0],"geometry":"2265c180-4859-4b29-9f97-2e66c72aff2c","material":"41a1b11c-ade0-4ede-8bf4-59c41008fe22"},{"uuid":"5bbf08e1-beab-4aa2-8ee9-62e47516bf7d","type":"Mesh","name":"网格217_8_1","userData":{"name":"网格217_8"},"layers":1,"matrix":[1,0,0,0,0,1,0,0,0,0,1,0,0,0,0,1],"up":[0,1,0],"geometry":"004f05ca-ad89-4130-88aa-8dfe494884eb","material":"c4d541fb-bc65-4ddf-86c6-17270ce15f7e"},{"uuid":"c1710833-7be0-4c5d-a2e8-515f56e23060","type":"Mesh","name":"网格217_9_1","userData":{"name":"网格217_9"},"layers":1,"matrix":[1,0,0,0,0,1,0,0,0,0,1,0,0,0,0,1],"up":[0,1,0],"geometry":"8d03fbd3-7223-4f81-96df-47f974920342","material":"4e4658a8-6a80-4eeb-b940-277f82938555"},{"uuid":"04a798e2-3349-4b27-a47a-ddf748d28bf4","type":"Mesh","name":"网格217_10_1","userData":{"name":"网格217_10"},"layers":1,"matrix":[1,0,0,0,0,1,0,0,0,0,1,0,0,0,0,1],"up":[0,1,0],"geometry":"38c227a7-b0e7-423d-93c4-c8f330399b56","material":"963ca5ca-8c83-472f-ae17-d6522f06e16a"}]},"geometries":[],"images":["fda5f6ca-cf8d-4904-ac67-6f58a6ccaf0f.png","bb43258a-d1d0-4aec-af6d-32b1f5a523a7.png"],"textures":[],"materials":[]}