{"metadata":{"version":4.6,"type":"Object","generator":"Astral.Object3D.toJSON"},"object":{"uuid":"54ce60da-0854-4154-857c-078c7007e360","type":"Object3D","name":"道路10_1","userData":{"name":"道路10"},"layers":1,"matrix":[1,0,0,0,0,1,0,0,0,0,1,0,0,0,0,1],"up":[0,1,0],"children":[{"uuid":"3aefcc19-52af-4ab6-bee6-f0f0de674fa9","type":"Mesh","name":"Obj3d66-1664118-29-836006","userData":{"name":"Obj3d66-1664118-29-836006"},"layers":1,"matrix":[1,0,0,0,0,1,0,0,0,0,1,0,0,0,0,1],"up":[0,1,0],"geometry":"469ddf78-0a54-4508-8c12-0616f0f75be6","material":"2458924b-9cdc-4cac-8096-b8e7745b08f1"},{"uuid":"fe10150c-882f-45cb-b606-b6dc5ad8473a","type":"Mesh","name":"Obj3d66-1664118-29-836006_1","userData":{"name":"Obj3d66-1664118-29-836006_1"},"layers":1,"matrix":[1,0,0,0,0,1,0,0,0,0,1,0,0,0,0,1],"up":[0,1,0],"geometry":"9b345dbe-420e-4379-817f-4127c162caab","material":"58b03cca-1122-4cf9-a8d5-a1e70c957d98"},{"uuid":"eaa38afb-4720-4600-8acf-951ecced3df8","type":"Mesh","name":"Obj3d66-1664118-29-836006_2","userData":{"name":"Obj3d66-1664118-29-836006_2"},"layers":1,"matrix":[1,0,0,0,0,1,0,0,0,0,1,0,0,0,0,1],"up":[0,1,0],"geometry":"c7e3fbef-a8b0-4510-8210-48be2f1c0fb6","material":"28cb2b72-24b1-4218-8ede-184db0a8310d"},{"uuid":"6c5cca20-2836-48c5-bd3a-8abaf253cd86","type":"Mesh","name":"Obj3d66-1664118-29-836006_3","userData":{"name":"Obj3d66-1664118-29-836006_3"},"layers":1,"matrix":[1,0,0,0,0,1,0,0,0,0,1,0,0,0,0,1],"up":[0,1,0],"geometry":"4a133bad-8aa2-455e-ba83-062e777aac4c","material":"100c7c34-3c71-492c-8a40-ea7d7285c8e8"},{"uuid":"b66c7d25-275e-4ce0-9f62-1cb5621cd164","type":"Mesh","name":"Obj3d66-1664118-29-836006_4","userData":{"name":"Obj3d66-1664118-29-836006_4"},"layers":1,"matrix":[1,0,0,0,0,1,0,0,0,0,1,0,0,0,0,1],"up":[0,1,0],"geometry":"214eb973-ad94-4a69-bb91-74e45a43f120","material":"38926ecd-286b-443d-9975-4a7dd831feac"},{"uuid":"fa5b74a4-b21f-4ea4-b9eb-19fd9429e493","type":"Mesh","name":"Obj3d66-1664118-29-836006_5","userData":{"name":"Obj3d66-1664118-29-836006_5"},"layers":1,"matrix":[1,0,0,0,0,1,0,0,0,0,1,0,0,0,0,1],"up":[0,1,0],"geometry":"27253d57-8ecf-43b0-8e6d-41000e254a37","material":"7f63f9ae-22f3-47ac-a2b5-ec9363ee980e"}]},"geometries":[],"images":["e0bc7f2c-7572-4728-ad3d-70f3c76fda38.png","043a15c9-858f-4332-9e4f-941432e2173f.png","1d7a4625-926a-4d53-919a-e11e93c99d87.png","35be6382-2e23-4992-9c96-a07ea7b879b8.png"],"textures":[{"uuid":"e0ea5355-49de-497a-a35e-fd3e9b3c6509","name":"Image_0","image":"e0bc7f2c-7572-4728-ad3d-70f3c76fda38","mapping":300,"channel":0,"repeat":[1,1],"offset":[0,0],"center":[0,0],"rotation":0,"wrap":[1000,1000],"format":1023,"internalFormat":null,"type":1009,"colorSpace":"srgb","minFilter":1008,"magFilter":1006,"anisotropy":1,"flipY":false,"generateMipmaps":true,"premultiplyAlpha":false,"unpackAlignment":4,"userData":{"mimeType":"image/jpeg"}},{"uuid":"f9e4dfe7-dab5-4dd1-afe8-f8018189e210","name":"Image_1","image":"043a15c9-858f-4332-9e4f-941432e2173f","mapping":300,"channel":0,"repeat":[1,1],"offset":[0,0],"center":[0,0],"rotation":0,"wrap":[1000,1000],"format":1023,"internalFormat":null,"type":1009,"colorSpace":"srgb","minFilter":1008,"magFilter":1006,"anisotropy":1,"flipY":false,"generateMipmaps":true,"premultiplyAlpha":false,"unpackAlignment":4,"userData":{"mimeType":"image/jpeg"}},{"uuid":"842e87b0-ac67-4f08-a59a-45eaaa393e37","name":"Image_3","image":"1d7a4625-926a-4d53-919a-e11e93c99d87","mapping":300,"channel":0,"repeat":[1,1],"offset":[0,0],"center":[0,0],"rotation":0,"wrap":[1000,1000],"format":1023,"internalFormat":null,"type":1009,"colorSpace":"srgb","minFilter":1008,"magFilter":1006,"anisotropy":1,"flipY":false,"generateMipmaps":true,"premultiplyAlpha":false,"unpackAlignment":4,"userData":{"mimeType":"image/jpeg"}},{"uuid":"b084cae2-dec6-44b3-b5fd-14ea55688472","name":"Image_4","image":"35be6382-2e23-4992-9c96-a07ea7b879b8","mapping":300,"channel":0,"repeat":[1,1],"offset":[0,0],"center":[0,0],"rotation":0,"wrap":[1000,1000],"format":1023,"internalFormat":null,"type":1009,"colorSpace":"srgb","minFilter":1008,"magFilter":1006,"anisotropy":1,"flipY":false,"generateMipmaps":true,"premultiplyAlpha":false,"unpackAlignment":4,"userData":{"mimeType":"image/jpeg"}}],"materials":[{"uuid":"2458924b-9cdc-4cac-8096-b8e7745b08f1","type":"MeshStandardMaterial","name":"Mat3d66-1664118-7-4551.007","color":12369084,"roughness":0.7283464670181274,"metalness":0.21259842813014984,"emissive":0,"envMapRotation":[0,0,0,"XYZ"],"envMapIntensity":1,"side":2,"blendColor":0},{"uuid":"58b03cca-1122-4cf9-a8d5-a1e70c957d98","type":"MeshStandardMaterial","name":"Mat3d66-1664118-3-1555.009","color":16777215,"roughness":1,"metalness":0,"emissive":0,"map":"e0ea5355-49de-497a-a35e-fd3e9b3c6509","envMapRotation":[0,0,0,"XYZ"],"envMapIntensity":1,"side":2,"blendColor":0},{"uuid":"28cb2b72-24b1-4218-8ede-184db0a8310d","type":"MeshStandardMaterial","name":"Mat3d66-1664118-4-3660.009","color":16777215,"roughness":1,"metalness":0,"emissive":0,"map":"f9e4dfe7-dab5-4dd1-afe8-f8018189e210","envMapRotation":[0,0,0,"XYZ"],"envMapIntensity":1,"side":2,"blendColor":0},{"uuid":"100c7c34-3c71-492c-8a40-ea7d7285c8e8","type":"MeshStandardMaterial","name":"Mat3d66-1664118-2-1056.009","color":15198183,"roughness":1,"metalness":0,"emissive":0,"envMapRotation":[0,0,0,"XYZ"],"envMapIntensity":1,"side":2,"blendColor":0},{"uuid":"38926ecd-286b-443d-9975-4a7dd831feac","type":"MeshStandardMaterial","name":"Mat3d66-1664118-5-9553.007","color":16777215,"roughness":1,"metalness":0,"emissive":0,"map":"842e87b0-ac67-4f08-a59a-45eaaa393e37","envMapRotation":[0,0,0,"XYZ"],"envMapIntensity":1,"side":2,"blendColor":0},{"uuid":"7f63f9ae-22f3-47ac-a2b5-ec9363ee980e","type":"MeshStandardMaterial","name":"Mat3d66-1664118-1-7344.006","color":16777215,"roughness":1,"metalness":0,"emissive":0,"map":"b084cae2-dec6-44b3-b5fd-14ea55688472","envMapRotation":[0,0,0,"XYZ"],"envMapIntensity":1,"side":2,"blendColor":0}]}