{"metadata":{"version":4.6,"type":"Object","generator":"Astral.Object3D.toJSON"},"object":{"uuid":"294fb54a-0741-4be2-a1b4-39d934c9b5a1","type":"Object3D","name":"住宅楼18_1","userData":{"name":"住宅楼18"},"layers":1,"matrix":[1,0,0,0,0,1,0,0,0,0,1,0,0,0,0,1],"up":[0,1,0],"children":[{"uuid":"96a156de-cf82-4999-a2bc-e0564a4df46a","type":"Mesh","name":"网格358","userData":{"name":"网格358"},"layers":1,"matrix":[1,0,0,0,0,1,0,0,0,0,1,0,0,0,0,1],"up":[0,1,0],"geometry":"0ff42df5-fa36-4fb8-9d33-f4a279668126","material":"0690393f-c847-4cb1-8d3d-5e28c1312b79"},{"uuid":"f9439ebb-cb60-4574-b6c3-b154daa164cd","type":"Mesh","name":"网格358_1","userData":{"name":"网格358_1"},"layers":1,"matrix":[1,0,0,0,0,1,0,0,0,0,1,0,0,0,0,1],"up":[0,1,0],"geometry":"c4670066-068a-4643-bd37-85fa6b63810c","material":"bea24fc6-52dc-4022-8265-ec05c3d8b346"},{"uuid":"46b18012-67bd-4581-8fa5-93145be79e38","type":"Mesh","name":"网格358_2","userData":{"name":"网格358_2"},"layers":1,"matrix":[1,0,0,0,0,1,0,0,0,0,1,0,0,0,0,1],"up":[0,1,0],"geometry":"763caacd-5047-4c69-9d13-4b0a322cdc7a","material":"a9ca2679-df73-40b1-a4f8-23da6e54a25c"},{"uuid":"14261b5f-d415-4c46-a9b3-8aadc7d00188","type":"Mesh","name":"网格358_3","userData":{"name":"网格358_3"},"layers":1,"matrix":[1,0,0,0,0,1,0,0,0,0,1,0,0,0,0,1],"up":[0,1,0],"geometry":"e7ff5883-020c-43f8-81eb-099a89972ba7","material":"92960d6c-94b0-49ae-9597-8b08540c4f8c"},{"uuid":"349d2e91-0967-4963-8afe-c8b7afb73103","type":"Mesh","name":"网格358_4","userData":{"name":"网格358_4"},"layers":1,"matrix":[1,0,0,0,0,1,0,0,0,0,1,0,0,0,0,1],"up":[0,1,0],"geometry":"db88db50-88d1-4f33-a9ba-c037d2d196ed","material":"6eca9683-3b95-491d-919e-c3b763892d1b"},{"uuid":"61de576c-1ade-4dca-bc05-c4586d2224a4","type":"Mesh","name":"网格358_5","userData":{"name":"网格358_5"},"layers":1,"matrix":[1,0,0,0,0,1,0,0,0,0,1,0,0,0,0,1],"up":[0,1,0],"geometry":"6a6ca0ef-f505-4af9-9bc6-375be42406d0","material":"95892b36-e88f-4766-8af2-cb7516e13298"},{"uuid":"88c63f8d-518b-4792-93ee-62751dfe65cc","type":"Mesh","name":"网格358_6","userData":{"name":"网格358_6"},"layers":1,"matrix":[1,0,0,0,0,1,0,0,0,0,1,0,0,0,0,1],"up":[0,1,0],"geometry":"44055729-2c69-416f-a466-2a342ee36ccc","material":"9198ed78-9d01-427a-b302-4c5bb55d74fa"},{"uuid":"46f9e00f-095a-4510-a235-24ee2a9b6d6b","type":"Mesh","name":"网格358_7","userData":{"name":"网格358_7"},"layers":1,"matrix":[1,0,0,0,0,1,0,0,0,0,1,0,0,0,0,1],"up":[0,1,0],"geometry":"f9fb9904-a3ab-4e1a-9845-e49271caecb0","material":"6dd01db2-051e-4cda-9567-9f822d9851be"},{"uuid":"f3091354-b750-45b6-bfb0-da9db52e2971","type":"Mesh","name":"网格358_8","userData":{"name":"网格358_8"},"layers":1,"matrix":[1,0,0,0,0,1,0,0,0,0,1,0,0,0,0,1],"up":[0,1,0],"geometry":"bcadd2fc-50fc-4164-8303-0d1969bebd49","material":"a385213d-4e8c-4d6b-ad4b-09a13fcd9f55"},{"uuid":"fc17b055-f7a4-48a5-aecf-0a676e826af5","type":"Mesh","name":"网格358_9","userData":{"name":"网格358_9"},"layers":1,"matrix":[1,0,0,0,0,1,0,0,0,0,1,0,0,0,0,1],"up":[0,1,0],"geometry":"f74b41ab-5cfe-48cc-86b6-2f0452368fe1","material":"c5cbaf70-7c60-4dbb-8881-8c4f5219672d"},{"uuid":"a7b78acf-571c-4cd2-8f83-619a220bd7d9","type":"Mesh","name":"网格358_10","userData":{"name":"网格358_10"},"layers":1,"matrix":[1,0,0,0,0,1,0,0,0,0,1,0,0,0,0,1],"up":[0,1,0],"geometry":"f7e1551e-bece-42a0-93d8-d4b46264e925","material":"aeae3114-1f9f-4d5d-bea4-af56ad0964dc"}]},"geometries":[],"images":["1e7cb833-6c2c-427f-ad49-15db077c3da7.png","c2d5469d-498c-4f1e-a551-3351c2aca22e.png","34a115e5-362c-48d0-a3d7-1ce7d7ba745b.png","60a90a0c-e7ec-4e23-b88f-a6d3c9514614.png","cad1a622-17f9-49ba-af21-5a20a5fab5c9.png","937eefa3-156d-40e1-90c7-7c8a446e2b49.png","ae3a3194-154e-41d6-961b-8f8944be267d.png","0fa482fc-8f5f-4949-a837-43614edeb60f.png"],"textures":[{"uuid":"fe3457e4-69b2-4fe8-9af1-cce1b9c9bad4","name":"3d66Model-1577993-files-17","image":"1e7cb833-6c2c-427f-ad49-15db077c3da7","mapping":300,"channel":0,"repeat":[1,1],"offset":[0,0],"center":[0,0],"rotation":0,"wrap":[1000,1000],"format":1023,"internalFormat":null,"type":1009,"colorSpace":"srgb","minFilter":1008,"magFilter":1006,"anisotropy":1,"flipY":false,"generateMipmaps":true,"premultiplyAlpha":false,"unpackAlignment":4,"userData":{"mimeType":"image/jpeg"}},{"uuid":"8796badf-3b86-4978-b863-1e7bee61c2f4","name":"3d66Model-1577993-files-3","image":"c2d5469d-498c-4f1e-a551-3351c2aca22e","mapping":300,"channel":0,"repeat":[1,1],"offset":[0,0],"center":[0,0],"rotation":0,"wrap":[1000,1000],"format":1023,"internalFormat":null,"type":1009,"colorSpace":"srgb","minFilter":1008,"magFilter":1006,"anisotropy":1,"flipY":false,"generateMipmaps":true,"premultiplyAlpha":false,"unpackAlignment":4,"userData":{"mimeType":"image/jpeg"}},{"uuid":"7de2826f-89b9-4bd3-a764-23a8551b42d1","name":"3d66Model-1577993-files-20","image":"34a115e5-362c-48d0-a3d7-1ce7d7ba745b","mapping":300,"channel":0,"repeat":[1,1],"offset":[0,0],"center":[0,0],"rotation":0,"wrap":[1000,1000],"format":1023,"internalFormat":null,"type":1009,"colorSpace":"srgb","minFilter":1008,"magFilter":1006,"anisotropy":1,"flipY":false,"generateMipmaps":true,"premultiplyAlpha":false,"unpackAlignment":4,"userData":{"mimeType":"image/png"}},{"uuid":"f5ae51e8-6f8e-4dda-8a2a-fa176d2e2bfa","name":"3d66Model-1577993-files-13","image":"60a90a0c-e7ec-4e23-b88f-a6d3c9514614","mapping":300,"channel":0,"repeat":[1,1],"offset":[0,0],"center":[0,0],"rotation":0,"wrap":[1000,1000],"format":1023,"internalFormat":null,"type":1009,"colorSpace":"srgb","minFilter":1008,"magFilter":1006,"anisotropy":1,"flipY":false,"generateMipmaps":true,"premultiplyAlpha":false,"unpackAlignment":4,"userData":{"mimeType":"image/jpeg"}},{"uuid":"04794e23-55b6-40f2-8547-eb136e33cc56","name":"3d66Model-1577993-files-19","image":"cad1a622-17f9-49ba-af21-5a20a5fab5c9","mapping":300,"channel":0,"repeat":[1,1],"offset":[0,0],"center":[0,0],"rotation":0,"wrap":[1000,1000],"format":1023,"internalFormat":null,"type":1009,"colorSpace":"srgb","minFilter":1008,"magFilter":1006,"anisotropy":1,"flipY":false,"generateMipmaps":true,"premultiplyAlpha":false,"unpackAlignment":4,"userData":{"mimeType":"image/jpeg"}},{"uuid":"f8edec7a-7574-4e1c-83d0-df075336cd32","name":"3d66Model-1577993-files-6","image":"937eefa3-156d-40e1-90c7-7c8a446e2b49","mapping":300,"channel":0,"repeat":[1,1],"offset":[0,0],"center":[0,0],"rotation":0,"wrap":[1000,1000],"format":1023,"internalFormat":null,"type":1009,"colorSpace":"srgb","minFilter":1008,"magFilter":1006,"anisotropy":1,"flipY":false,"generateMipmaps":true,"premultiplyAlpha":false,"unpackAlignment":4,"userData":{"mimeType":"image/jpeg"}},{"uuid":"2a5fa21f-71e4-47fa-83ae-33a7e2a6252c","name":"3d66Model-1577993-files-12","image":"ae3a3194-154e-41d6-961b-8f8944be267d","mapping":300,"channel":0,"repeat":[1,1],"offset":[0,0],"center":[0,0],"rotation":0,"wrap":[1000,1000],"format":1023,"internalFormat":null,"type":1009,"colorSpace":"srgb","minFilter":1008,"magFilter":1006,"anisotropy":1,"flipY":false,"generateMipmaps":true,"premultiplyAlpha":false,"unpackAlignment":4,"userData":{"mimeType":"image/jpeg"}},{"uuid":"70916755-0b73-4b48-a838-0729028a4060","name":"3d66Model-1577993-files-15","image":"0fa482fc-8f5f-4949-a837-43614edeb60f","mapping":300,"channel":0,"repeat":[1,1],"offset":[0,0],"center":[0,0],"rotation":0,"wrap":[1000,1000],"format":1023,"internalFormat":null,"type":1009,"colorSpace":"srgb","minFilter":1008,"magFilter":1006,"anisotropy":1,"flipY":false,"generateMipmaps":true,"premultiplyAlpha":false,"unpackAlignment":4,"userData":{"mimeType":"image/jpeg"}}],"materials":[{"uuid":"0690393f-c847-4cb1-8d3d-5e28c1312b79","type":"MeshStandardMaterial","name":"Mat3d66-1577993-4-8819","color":16777215,"roughness":1,"metalness":0,"emissive":0,"map":"fe3457e4-69b2-4fe8-9af1-cce1b9c9bad4","envMapRotation":[0,0,0,"XYZ"],"envMapIntensity":1,"side":2,"blendColor":0},{"uuid":"bea24fc6-52dc-4022-8265-ec05c3d8b346","type":"MeshStandardMaterial","name":"Mat3d66-1577993-13-1457","color":16777215,"roughness":0.858578622341156,"metalness":0,"emissive":0,"map":"8796badf-3b86-4978-b863-1e7bee61c2f4","envMapRotation":[0,0,0,"XYZ"],"envMapIntensity":1,"side":2,"blendColor":0},{"uuid":"a9ca2679-df73-40b1-a4f8-23da6e54a25c","type":"MeshStandardMaterial","name":"Mat3d66-1577993-2-88","color":10915189,"roughness":0.47081997990608215,"metalness":0,"emissive":0,"map":"7de2826f-89b9-4bd3-a764-23a8551b42d1","envMapRotation":[0,0,0,"XYZ"],"envMapIntensity":1,"side":2,"transparent":true,"blendColor":0,"depthWrite":false},{"uuid":"92960d6c-94b0-49ae-9597-8b08540c4f8c","type":"MeshStandardMaterial","name":"Mat3d66-1577993-1-9524","color":16777215,"roughness":0.5433070659637451,"metalness":0,"emissive":0,"map":"f5ae51e8-6f8e-4dda-8a2a-fa176d2e2bfa","envMapRotation":[0,0,0,"XYZ"],"envMapIntensity":1,"side":2,"blendColor":0},{"uuid":"6eca9683-3b95-491d-919e-c3b763892d1b","type":"MeshStandardMaterial","name":"Mat3d66-1577993-5-2090","color":7566195,"roughness":0.5121219158172607,"metalness":0,"emissive":0,"envMapRotation":[0,0,0,"XYZ"],"envMapIntensity":1,"side":2,"blendColor":0},{"uuid":"95892b36-e88f-4766-8af2-cb7516e13298","type":"MeshStandardMaterial","name":"Mat3d66-1577993-21-8593","color":16777215,"roughness":0.858578622341156,"metalness":0,"emissive":0,"map":"04794e23-55b6-40f2-8547-eb136e33cc56","envMapRotation":[0,0,0,"XYZ"],"envMapIntensity":1,"side":2,"blendColor":0},{"uuid":"9198ed78-9d01-427a-b302-4c5bb55d74fa","type":"MeshStandardMaterial","name":"Mat3d66-1577993-22-1201","color":16777215,"roughness":0.858578622341156,"metalness":0,"emissive":0,"map":"f8edec7a-7574-4e1c-83d0-df075336cd32","envMapRotation":[0,0,0,"XYZ"],"envMapIntensity":1,"side":2,"blendColor":0},{"uuid":"6dd01db2-051e-4cda-9567-9f822d9851be","type":"MeshStandardMaterial","name":"Mat3d66-1577993-3-1257","color":8686998,"roughness":0.49637389183044434,"metalness":0,"emissive":0,"envMapRotation":[0,0,0,"XYZ"],"envMapIntensity":1,"side":2,"opacity":0.9448819160461426,"transparent":true,"blendColor":0,"depthWrite":false},{"uuid":"a385213d-4e8c-4d6b-ad4b-09a13fcd9f55","type":"MeshStandardMaterial","name":"Mat3d66-1577993-11-148","color":12444385,"roughness":0.5829880833625793,"metalness":0,"emissive":0,"envMapRotation":[0,0,0,"XYZ"],"envMapIntensity":1,"side":2,"blendColor":0},{"uuid":"c5cbaf70-7c60-4dbb-8881-8c4f5219672d","type":"MeshStandardMaterial","name":"Mat3d66-1577993-16-7587","color":16777215,"roughness":1,"metalness":0,"emissive":0,"map":"2a5fa21f-71e4-47fa-83ae-33a7e2a6252c","envMapRotation":[0,0,0,"XYZ"],"envMapIntensity":1,"side":2,"blendColor":0},{"uuid":"aeae3114-1f9f-4d5d-bea4-af56ad0964dc","type":"MeshStandardMaterial","name":"Mat3d66-1577993-8-7818","color":16777215,"roughness":0.858578622341156,"metalness":0,"emissive":0,"map":"70916755-0b73-4b48-a838-0729028a4060","envMapRotation":[0,0,0,"XYZ"],"envMapIntensity":1,"side":2,"blendColor":0}]}