{"metadata":{"version":4.6,"type":"Object","generator":"Astral.Object3D.toJSON"},"object":{"uuid":"92c0f16e-6017-4b7f-83a7-88f39f164cc3","type":"Group","name":"白桦树","userData":{"name":"白桦树"},"layers":1,"matrix":[1,0,0,0,0,1,0,0,0,0,1,0,0,0,0,1],"up":[0,1,0],"children":[{"uuid":"134cd719-e491-41b8-a145-f651cde2318e","type":"Mesh","name":"AM113_002_Quercus004","layers":1,"matrix":[1,0,0,0,0,1,0,0,0,0,1,0,0,0,0,1],"up":[0,1,0],"geometry":"8a98d347-ecce-4da6-931c-a5cbd5e87c07","material":"aa2a4d56-7b66-4ea7-99e1-473d5a4bc637"},{"uuid":"eadb063a-d83d-4825-8b9f-179aaecdd568","type":"Mesh","name":"AM113_002_Quercus004_1","layers":1,"matrix":[1,0,0,0,0,1,0,0,0,0,1,0,0,0,0,1],"up":[0,1,0],"geometry":"9b023881-fd26-46f9-9cd2-7e5617fe5da3","material":"59c6fb29-8a86-4997-a03c-dfeee08e9609"}]},"geometries":[],"images":["f168a03c-371f-4841-b977-f5c0ba25035c.jpg","07e0f698-b7b1-4e1f-8575-5645c35f17b8.png"],"textures":[],"materials":[]}