{"metadata":{"version":4.6,"type":"Object","generator":"Astral.Object3D.toJSON"},"object":{"uuid":"4d839b44-8771-4087-81c2-e4829010354d","type":"Group","name":"工程车","layers":1,"matrix":[-0.9999778271335987,1.2328238774243322e-16,-0.00667698472586145,0,1.2246194855210647e-16,1,1.2328237318905585e-16,0,0.00667698472586145,1.2246196310548382e-16,-0.9999778271335987,0,26.323768615722656,0.10589194297790527,48.08180236816406,1],"up":[0,1,0],"children":[{"uuid":"ac6d7f0a-5430-4662-b9c6-39741d397598","type":"Mesh","name":"工程车10","userData":{"name":"工程车10"},"layers":1,"matrix":[1,0,0,0,0,1,0,0,0,0,1,0,0,0,0,1],"up":[0,1,0],"geometry":"2a1db55a-3cb7-4689-83b1-481241dfbf3b","material":"838c93ad-c58e-4957-85ab-b659e676237d"}]},"geometries":[],"images":["1405eed5-dd22-457a-a499-8294c910d68a.png"],"textures":[{"uuid":"e7fd6568-46e9-44d7-8249-443ed87d6b05","name":"3d66Model-1097112-files-1","image":"1405eed5-dd22-457a-a499-8294c910d68a","mapping":300,"channel":0,"repeat":[1,1],"offset":[0,0],"center":[0,0],"rotation":0,"wrap":[1000,1000],"format":1023,"internalFormat":null,"type":1009,"colorSpace":"srgb","minFilter":1008,"magFilter":1006,"anisotropy":1,"flipY":false,"generateMipmaps":true,"premultiplyAlpha":false,"unpackAlignment":4,"userData":{"mimeType":"image/png"}}],"materials":[{"uuid":"838c93ad-c58e-4957-85ab-b659e676237d","type":"MeshStandardMaterial","name":"Mat3d66-1097112-4-3285","color":16777215,"roughness":0.751968502998352,"metalness":0.23622047901153564,"emissive":0,"map":"e7fd6568-46e9-44d7-8249-443ed87d6b05","envMapRotation":[0,0,0,"XYZ"],"envMapIntensity":1,"side":2,"blendColor":0}]}