{"metadata":{"version":4.6,"type":"Object","generator":"Astral.Object3D.toJSON"},"object":{"uuid":"cd36a127-d794-4dc9-835e-aecc1d4e1d0b","type":"Group","name":"轿车39","userData":{"name":"轿车39"},"layers":1,"matrix":[1,0,0,0,0,1,0,0,0,0,1,0,0,0,0,1],"up":[0,1,0],"children":[{"uuid":"48e76c54-2bb1-4e85-896b-913596f1c27b","type":"Mesh","name":"Obj3d66-8694087-23-61","layers":1,"matrix":[1,0,0,0,0,1,0,0,0,0,1,0,0,0,0,1],"up":[0,1,0],"geometry":"6ce7c2ff-3178-4885-8aa3-6b9fa3c6874b","material":"4adfdfeb-6b36-49a6-b9a6-0631d1f5e17f"},{"uuid":"225cd95f-d7aa-434b-bd42-d72a6fdd17d9","type":"Mesh","name":"Obj3d66-8694087-23-61_1","layers":1,"matrix":[1,0,0,0,0,1,0,0,0,0,1,0,0,0,0,1],"up":[0,1,0],"geometry":"5fa5167b-8ebf-4af7-a813-1e5872521696","material":"5250aeda-3bc7-4f9d-8549-1ac4b9230685"}]},"geometries":[],"images":["4d9095d4-783f-4345-a33e-eba08f8262ad.png","8b05d7cb-6207-46d7-beec-9a23d889e918.png"],"textures":[{"uuid":"ea7d171a-9492-4363-9310-b1102721a7e7","name":"3d66Model-8694087-files-16","image":"4d9095d4-783f-4345-a33e-eba08f8262ad","mapping":300,"channel":0,"repeat":[1,1],"offset":[0,0],"center":[0,0],"rotation":0,"wrap":[1000,1000],"format":1023,"internalFormat":null,"type":1009,"colorSpace":"srgb","minFilter":1008,"magFilter":1006,"anisotropy":1,"flipY":false,"generateMipmaps":true,"premultiplyAlpha":false,"unpackAlignment":4,"userData":{"mimeType":"image/jpeg"}},{"uuid":"feae1c6e-9dd0-40bc-93f6-34d8fdfe0e3b","name":"3d66Model-8694087-files-52","image":"8b05d7cb-6207-46d7-beec-9a23d889e918","mapping":300,"channel":0,"repeat":[1,1],"offset":[0,0],"center":[0,0],"rotation":0,"wrap":[1000,1000],"format":1023,"internalFormat":null,"type":1009,"colorSpace":"srgb","minFilter":1008,"magFilter":1006,"anisotropy":1,"flipY":false,"generateMipmaps":true,"premultiplyAlpha":false,"unpackAlignment":4,"userData":{"mimeType":"image/jpeg"}}],"materials":[{"uuid":"4adfdfeb-6b36-49a6-b9a6-0631d1f5e17f","type":"MeshStandardMaterial","name":"Mat3d66-8694087-25-99534","color":16777215,"roughness":0.5,"metalness":0,"emissive":0,"map":"ea7d171a-9492-4363-9310-b1102721a7e7","envMapRotation":[0,0,0,"XYZ"],"envMapIntensity":1,"side":2,"blendColor":0},{"uuid":"5250aeda-3bc7-4f9d-8549-1ac4b9230685","type":"MeshStandardMaterial","name":"Mat3d66-8694087-24-46082","color":16777215,"roughness":0.7047244310379028,"metalness":0,"emissive":0,"map":"feae1c6e-9dd0-40bc-93f6-34d8fdfe0e3b","envMapRotation":[0,0,0,"XYZ"],"envMapIntensity":1,"side":2,"blendColor":0}]}