{"metadata":{"version":4.6,"type":"Object","generator":"Astral.Object3D.toJSON"},"object":{"uuid":"17e6c6a3-9c29-43e7-a799-4ef00badb991","type":"Group","name":"枫树02","userData":{"name":"枫树02"},"layers":1,"matrix":[1,0,0,0,0,1,0,0,0,0,1,0,0,0,0,1],"up":[0,1,0],"children":[{"uuid":"296f3218-30f9-46dd-9033-4a4d2ccec886","type":"Mesh","name":"AM113_029_Fraxinus","layers":1,"matrix":[1,0,0,0,0,1,0,0,0,0,1,0,0,0,0,1],"up":[0,1,0],"geometry":"7dea12a9-a8c7-4a55-a11d-f30ca1c16389","material":"9c47b49d-8c08-45cf-a534-c5415e9de121"},{"uuid":"0e176e66-ef90-42a8-967a-7fc5dffd3782","type":"Mesh","name":"AM113_029_Fraxinus_1","layers":1,"matrix":[1,0,0,0,0,1,0,0,0,0,1,0,0,0,0,1],"up":[0,1,0],"geometry":"19753e09-a383-4952-a5b1-04e827915c2e","material":"ab50a27e-cae6-495d-aaf7-c0f6dd47c245"}]},"geometries":[],"images":["d4357c4b-38d0-45ad-99d9-aa6a9ac4e38a.png","ce153007-216c-419c-be12-11c4b3d81001.png"],"textures":[],"materials":[]}