{"metadata":{"version":4.6,"type":"Object","generator":"Astral.Object3D.toJSON"},"object":{"uuid":"1f3111fb-8010-4146-b42f-91479b04174c","type":"Object3D","name":"住宅楼36_1","userData":{"name":"住宅楼36"},"layers":1,"matrix":[1,0,0,0,0,1,0,0,0,0,1,0,0,0,0,1],"up":[0,1,0],"children":[{"uuid":"6314f0e8-115e-4707-81d0-4d8ea7dc9ddd","type":"Mesh","name":"网格110","userData":{"name":"网格110"},"layers":1,"matrix":[1,0,0,0,0,1,0,0,0,0,1,0,0,0,0,1],"up":[0,1,0],"geometry":"4a407d47-b758-417b-a5f4-1c6e82a8ca54","material":"fcc89c2d-4dd9-4656-9429-c4f1aceba871"},{"uuid":"15d7b7fa-92ee-4234-bed0-699195c5096e","type":"Mesh","name":"网格110_1","userData":{"name":"网格110_1"},"layers":1,"matrix":[1,0,0,0,0,1,0,0,0,0,1,0,0,0,0,1],"up":[0,1,0],"geometry":"6b3e1d0f-fbed-41a5-8226-a0eb59f429f8","material":"c455511d-432b-41d1-ac2d-a65a0f10d483"},{"uuid":"44e5629e-9d63-49e1-ac55-b7c912f193a1","type":"Mesh","name":"网格110_2","userData":{"name":"网格110_2"},"layers":1,"matrix":[1,0,0,0,0,1,0,0,0,0,1,0,0,0,0,1],"up":[0,1,0],"geometry":"1f926e70-aa49-4b5d-9207-3e84d7938632","material":"a3809639-b281-4441-9ad5-c2b5a4dd0587"},{"uuid":"9b9cc70a-2fb7-4df5-afed-4e682f44b88a","type":"Mesh","name":"网格110_3","userData":{"name":"网格110_3"},"layers":1,"matrix":[1,0,0,0,0,1,0,0,0,0,1,0,0,0,0,1],"up":[0,1,0],"geometry":"03132337-fecf-42fa-806a-28cded749d41","material":"442fd440-53ff-4463-89f3-6fe63234469c"},{"uuid":"7c6c0ba4-bcfd-43c0-9420-390eb2ec9a97","type":"Mesh","name":"网格110_4","userData":{"name":"网格110_4"},"layers":1,"matrix":[1,0,0,0,0,1,0,0,0,0,1,0,0,0,0,1],"up":[0,1,0],"geometry":"30053714-99af-4898-8722-7ccf53ab86fd","material":"1f2c8689-8e9f-45d9-9ff2-e83f21e38976"},{"uuid":"9d9c4496-a013-4ac5-b788-996f30381cb2","type":"Mesh","name":"网格110_5","userData":{"name":"网格110_5"},"layers":1,"matrix":[1,0,0,0,0,1,0,0,0,0,1,0,0,0,0,1],"up":[0,1,0],"geometry":"7c22b10c-bb06-4bac-ba21-e27d180f655d","material":"7b2884e3-ae93-4d86-962f-7deea90af43c"},{"uuid":"cc5429b4-67e3-453b-b727-d4547d143251","type":"Mesh","name":"网格110_6","userData":{"name":"网格110_6"},"layers":1,"matrix":[1,0,0,0,0,1,0,0,0,0,1,0,0,0,0,1],"up":[0,1,0],"geometry":"35f7b7bb-88e6-47a2-a9d8-232dcb7a06e9","material":"2f080c12-fc90-413d-b129-e6d616a6eee0"},{"uuid":"007a8736-f497-4c2c-8fd2-335d9ea9acbe","type":"Mesh","name":"网格110_7","userData":{"name":"网格110_7"},"layers":1,"matrix":[1,0,0,0,0,1,0,0,0,0,1,0,0,0,0,1],"up":[0,1,0],"geometry":"376ad5df-99a6-437a-ae7d-985284c32cea","material":"85c57e21-b79e-4ec3-af98-959aeb20de2c"},{"uuid":"8ef605a0-66a0-4750-b961-0a6d22166d2c","type":"Mesh","name":"网格110_8","userData":{"name":"网格110_8"},"layers":1,"matrix":[1,0,0,0,0,1,0,0,0,0,1,0,0,0,0,1],"up":[0,1,0],"geometry":"a7176b6b-9829-414d-9e02-36492becd311","material":"571b36ed-b910-409c-9f5f-36c14455808e"},{"uuid":"bfcb48ab-5d97-4a4a-9f64-a2911baa22d5","type":"Mesh","name":"网格110_9","userData":{"name":"网格110_9"},"layers":1,"matrix":[1,0,0,0,0,1,0,0,0,0,1,0,0,0,0,1],"up":[0,1,0],"geometry":"5b75faf6-6121-4957-9bb4-67efe46438ca","material":"2f677dd3-4e57-4ba1-9135-ae9bc6be3559"}]},"geometries":[],"images":["d0bb4b64-f7bf-4346-a4b4-39507c0567a8.png","eb2e948d-f4c9-43df-8fac-ba5575db3f31.png","1fea436b-f5e6-4a20-b76b-beb720574c07.png","1f152d3f-d8b9-443d-9d0a-8c16a62b69f8.png","62f3a25f-b5b0-44fd-adf2-b4b5051e7f4a.png","591f7453-2649-448a-96cc-89b238faae24.png"],"textures":[{"uuid":"5fa2bc8a-007e-4202-b814-caf468d092c2","name":"3d66Model-1577993-files-3","image":"d0bb4b64-f7bf-4346-a4b4-39507c0567a8","mapping":300,"channel":0,"repeat":[1,1],"offset":[0,0],"center":[0,0],"rotation":0,"wrap":[1000,1000],"format":1023,"internalFormat":null,"type":1009,"colorSpace":"srgb","minFilter":1008,"magFilter":1006,"anisotropy":1,"flipY":false,"generateMipmaps":true,"premultiplyAlpha":false,"unpackAlignment":4,"userData":{"mimeType":"image/jpeg"}},{"uuid":"2236e091-2a34-40f5-aed6-3c13e7df1e15","name":"3d66Model-1577993-files-6","image":"eb2e948d-f4c9-43df-8fac-ba5575db3f31","mapping":300,"channel":0,"repeat":[1,1],"offset":[0,0],"center":[0,0],"rotation":0,"wrap":[1000,1000],"format":1023,"internalFormat":null,"type":1009,"colorSpace":"srgb","minFilter":1008,"magFilter":1006,"anisotropy":1,"flipY":false,"generateMipmaps":true,"premultiplyAlpha":false,"unpackAlignment":4,"userData":{"mimeType":"image/jpeg"}},{"uuid":"a6eee18e-4c42-4530-8350-e4dca611983f","name":"3d66Model-1577993-files-19","image":"1fea436b-f5e6-4a20-b76b-beb720574c07","mapping":300,"channel":0,"repeat":[1,1],"offset":[0,0],"center":[0,0],"rotation":0,"wrap":[1000,1000],"format":1023,"internalFormat":null,"type":1009,"colorSpace":"srgb","minFilter":1008,"magFilter":1006,"anisotropy":1,"flipY":false,"generateMipmaps":true,"premultiplyAlpha":false,"unpackAlignment":4,"userData":{"mimeType":"image/jpeg"}},{"uuid":"b1f4302c-f4e4-43d8-90b8-699c3982d658","name":"3d66Model-1577993-files-12","image":"1f152d3f-d8b9-443d-9d0a-8c16a62b69f8","mapping":300,"channel":0,"repeat":[1,1],"offset":[0,0],"center":[0,0],"rotation":0,"wrap":[1000,1000],"format":1023,"internalFormat":null,"type":1009,"colorSpace":"srgb","minFilter":1008,"magFilter":1006,"anisotropy":1,"flipY":false,"generateMipmaps":true,"premultiplyAlpha":false,"unpackAlignment":4,"userData":{"mimeType":"image/jpeg"}},{"uuid":"c6aea1c5-b9e9-436e-a409-f0598e471af0","name":"3d66Model-1577993-files-15","image":"62f3a25f-b5b0-44fd-adf2-b4b5051e7f4a","mapping":300,"channel":0,"repeat":[1,1],"offset":[0,0],"center":[0,0],"rotation":0,"wrap":[1000,1000],"format":1023,"internalFormat":null,"type":1009,"colorSpace":"srgb","minFilter":1008,"magFilter":1006,"anisotropy":1,"flipY":false,"generateMipmaps":true,"premultiplyAlpha":false,"unpackAlignment":4,"userData":{"mimeType":"image/jpeg"}},{"uuid":"6982bb9e-b9af-402e-ae44-25a7460441aa","name":"3d66Model-1577993-files-17","image":"591f7453-2649-448a-96cc-89b238faae24","mapping":300,"channel":0,"repeat":[1,1],"offset":[0,0],"center":[0,0],"rotation":0,"wrap":[1000,1000],"format":1023,"internalFormat":null,"type":1009,"colorSpace":"srgb","minFilter":1008,"magFilter":1006,"anisotropy":1,"flipY":false,"generateMipmaps":true,"premultiplyAlpha":false,"unpackAlignment":4,"userData":{"mimeType":"image/jpeg"}}],"materials":[{"uuid":"fcc89c2d-4dd9-4656-9429-c4f1aceba871","type":"MeshStandardMaterial","name":"Mat3d66-1577993-13-1457","color":16777215,"roughness":0.858578622341156,"metalness":0,"emissive":0,"map":"5fa2bc8a-007e-4202-b814-caf468d092c2","envMapRotation":[0,0,0,"XYZ"],"envMapIntensity":1,"side":2,"blendColor":0},{"uuid":"c455511d-432b-41d1-ac2d-a65a0f10d483","type":"MeshStandardMaterial","name":"Mat3d66-1577993-5-2090","color":7566195,"roughness":0.5121219158172607,"metalness":0,"emissive":0,"envMapRotation":[0,0,0,"XYZ"],"envMapIntensity":1,"side":2,"blendColor":0},{"uuid":"a3809639-b281-4441-9ad5-c2b5a4dd0587","type":"MeshStandardMaterial","name":"Mat3d66-1577993-22-1201","color":16777215,"roughness":0.858578622341156,"metalness":0,"emissive":0,"map":"2236e091-2a34-40f5-aed6-3c13e7df1e15","envMapRotation":[0,0,0,"XYZ"],"envMapIntensity":1,"side":2,"blendColor":0},{"uuid":"442fd440-53ff-4463-89f3-6fe63234469c","type":"MeshStandardMaterial","name":"Mat3d66-1577993-21-8593","color":16777215,"roughness":0.858578622341156,"metalness":0,"emissive":0,"map":"a6eee18e-4c42-4530-8350-e4dca611983f","envMapRotation":[0,0,0,"XYZ"],"envMapIntensity":1,"side":2,"blendColor":0},{"uuid":"1f2c8689-8e9f-45d9-9ff2-e83f21e38976","type":"MeshStandardMaterial","name":"Mat3d66-1577993-16-7587","color":16777215,"roughness":1,"metalness":0,"emissive":0,"map":"b1f4302c-f4e4-43d8-90b8-699c3982d658","envMapRotation":[0,0,0,"XYZ"],"envMapIntensity":1,"side":2,"blendColor":0},{"uuid":"7b2884e3-ae93-4d86-962f-7deea90af43c","type":"MeshStandardMaterial","name":"Mat3d66-1577993-7-1903","color":15989247,"roughness":0.5514919757843018,"metalness":0.10236220806837082,"emissive":0,"envMapRotation":[0,0,0,"XYZ"],"envMapIntensity":1,"side":2,"blendColor":0},{"uuid":"2f080c12-fc90-413d-b129-e6d616a6eee0","type":"MeshStandardMaterial","name":"Mat3d66-1577993-11-148","color":12444385,"roughness":0.5829880833625793,"metalness":0,"emissive":0,"envMapRotation":[0,0,0,"XYZ"],"envMapIntensity":1,"side":2,"blendColor":0},{"uuid":"85c57e21-b79e-4ec3-af98-959aeb20de2c","type":"MeshStandardMaterial","name":"Mat3d66-1577993-3-1257","color":8686998,"roughness":0.49637389183044434,"metalness":0,"emissive":0,"envMapRotation":[0,0,0,"XYZ"],"envMapIntensity":1,"side":2,"opacity":0.9448819160461426,"transparent":true,"blendColor":0,"depthWrite":false},{"uuid":"571b36ed-b910-409c-9f5f-36c14455808e","type":"MeshStandardMaterial","name":"Mat3d66-1577993-8-7818","color":16777215,"roughness":0.858578622341156,"metalness":0,"emissive":0,"map":"c6aea1c5-b9e9-436e-a409-f0598e471af0","envMapRotation":[0,0,0,"XYZ"],"envMapIntensity":1,"side":2,"blendColor":0},{"uuid":"2f677dd3-4e57-4ba1-9135-ae9bc6be3559","type":"MeshStandardMaterial","name":"Mat3d66-1577993-4-8819","color":16777215,"roughness":1,"metalness":0,"emissive":0,"map":"6982bb9e-b9af-402e-ae44-25a7460441aa","envMapRotation":[0,0,0,"XYZ"],"envMapIntensity":1,"side":2,"blendColor":0}]}