{"metadata":{"version":4.6,"type":"Object","generator":"Astral.Object3D.toJSON"},"object":{"uuid":"bd78aa4e-fc62-4608-9431-a7ec1333e06d","type":"Object3D","name":"道路04_1","userData":{"name":"道路04"},"layers":1,"matrix":[1,0,0,0,0,1,0,0,0,0,1,0,0,0,0,1],"up":[0,1,0],"children":[{"uuid":"17286e73-fbdb-448d-8dd1-7e383e57c8bc","type":"Mesh","name":"Obj3d66-1664118-29-836012","userData":{"name":"Obj3d66-1664118-29-836012"},"layers":1,"matrix":[1,0,0,0,0,1,0,0,0,0,1,0,0,0,0,1],"up":[0,1,0],"geometry":"6e32420e-2a3f-4813-94c0-7977969aed2f","material":"828d2b50-7952-4da4-82cd-0155f597530b"},{"uuid":"913f3418-4e27-4356-a417-b8dc10a96c02","type":"Mesh","name":"Obj3d66-1664118-29-836012_1","userData":{"name":"Obj3d66-1664118-29-836012_1"},"layers":1,"matrix":[1,0,0,0,0,1,0,0,0,0,1,0,0,0,0,1],"up":[0,1,0],"geometry":"8a51259d-7c9f-400c-a674-73e23eb9dc71","material":"fccede4c-8b35-484c-94b6-232a37b86e7d"},{"uuid":"f62265ca-e801-4968-9044-a8aa61572a73","type":"Mesh","name":"Obj3d66-1664118-29-836012_2","userData":{"name":"Obj3d66-1664118-29-836012_2"},"layers":1,"matrix":[1,0,0,0,0,1,0,0,0,0,1,0,0,0,0,1],"up":[0,1,0],"geometry":"80c06ed3-3065-4a3a-9f11-8c06aa48cd69","material":"03e5e10d-2510-47c1-ad6c-e69a7b103065"},{"uuid":"160761b3-3f20-4267-be04-5b8bf1657214","type":"Mesh","name":"Obj3d66-1664118-29-836012_3","userData":{"name":"Obj3d66-1664118-29-836012_3"},"layers":1,"matrix":[1,0,0,0,0,1,0,0,0,0,1,0,0,0,0,1],"up":[0,1,0],"geometry":"ef96d318-09fd-43f4-b2ef-d31531f11479","material":"3e0417b1-8610-429b-b1d6-0872368b4e72"},{"uuid":"53fd5ae3-aeee-4dea-a535-4dfa0a538195","type":"Mesh","name":"Obj3d66-1664118-29-836012_4","userData":{"name":"Obj3d66-1664118-29-836012_4"},"layers":1,"matrix":[1,0,0,0,0,1,0,0,0,0,1,0,0,0,0,1],"up":[0,1,0],"geometry":"68f86758-de18-4e4e-86dd-11b5c83aa49f","material":"a3ddd8ce-b465-4651-b5a7-fc44a41123c7"},{"uuid":"3997a023-3da5-4b45-8c23-2080c8042ba1","type":"Mesh","name":"Obj3d66-1664118-29-836012_5","userData":{"name":"Obj3d66-1664118-29-836012_5"},"layers":1,"matrix":[1,0,0,0,0,1,0,0,0,0,1,0,0,0,0,1],"up":[0,1,0],"geometry":"2abd66bf-3226-4f39-8142-6b874af8ef9b","material":"4005f4cc-97a1-41bd-bada-274c5995455c"}]},"geometries":[],"images":["74793564-0470-4469-b938-53705f67d2b6.png","04d660c4-8bd7-45b4-9207-9a99725e7614.png","d2a604e4-b138-4b7a-98dc-af006d64f04c.png","ef96e53b-17cf-4dfb-8267-5d41be8f5365.png"],"textures":[{"uuid":"3af7ad62-0f0b-4c80-a24c-70934d3e8935","name":"Image_0","image":"74793564-0470-4469-b938-53705f67d2b6","mapping":300,"channel":0,"repeat":[1,1],"offset":[0,0],"center":[0,0],"rotation":0,"wrap":[1000,1000],"format":1023,"internalFormat":null,"type":1009,"colorSpace":"srgb","minFilter":1008,"magFilter":1006,"anisotropy":1,"flipY":false,"generateMipmaps":true,"premultiplyAlpha":false,"unpackAlignment":4,"userData":{"mimeType":"image/jpeg"}},{"uuid":"46db4cf8-1cd0-4104-ae30-3c8b9c2426c1","name":"Image_1","image":"04d660c4-8bd7-45b4-9207-9a99725e7614","mapping":300,"channel":0,"repeat":[1,1],"offset":[0,0],"center":[0,0],"rotation":0,"wrap":[1000,1000],"format":1023,"internalFormat":null,"type":1009,"colorSpace":"srgb","minFilter":1008,"magFilter":1006,"anisotropy":1,"flipY":false,"generateMipmaps":true,"premultiplyAlpha":false,"unpackAlignment":4,"userData":{"mimeType":"image/jpeg"}},{"uuid":"d9c168ba-d8be-42ab-bbdf-b2cfde5ffd8b","name":"Image_3","image":"d2a604e4-b138-4b7a-98dc-af006d64f04c","mapping":300,"channel":0,"repeat":[1,1],"offset":[0,0],"center":[0,0],"rotation":0,"wrap":[1000,1000],"format":1023,"internalFormat":null,"type":1009,"colorSpace":"srgb","minFilter":1008,"magFilter":1006,"anisotropy":1,"flipY":false,"generateMipmaps":true,"premultiplyAlpha":false,"unpackAlignment":4,"userData":{"mimeType":"image/jpeg"}},{"uuid":"342396de-3eea-4114-9cc4-82c43b1ecfce","name":"Image_4","image":"ef96e53b-17cf-4dfb-8267-5d41be8f5365","mapping":300,"channel":0,"repeat":[1,1],"offset":[0,0],"center":[0,0],"rotation":0,"wrap":[1000,1000],"format":1023,"internalFormat":null,"type":1009,"colorSpace":"srgb","minFilter":1008,"magFilter":1006,"anisotropy":1,"flipY":false,"generateMipmaps":true,"premultiplyAlpha":false,"unpackAlignment":4,"userData":{"mimeType":"image/jpeg"}}],"materials":[{"uuid":"828d2b50-7952-4da4-82cd-0155f597530b","type":"MeshStandardMaterial","name":"Mat3d66-1664118-7-4551.003","color":12369084,"roughness":0.7283464670181274,"metalness":0.21259842813014984,"emissive":0,"envMapRotation":[0,0,0,"XYZ"],"envMapIntensity":1,"side":2,"blendColor":0},{"uuid":"fccede4c-8b35-484c-94b6-232a37b86e7d","type":"MeshStandardMaterial","name":"Mat3d66-1664118-3-1555.003","color":16777215,"roughness":1,"metalness":0,"emissive":0,"map":"3af7ad62-0f0b-4c80-a24c-70934d3e8935","envMapRotation":[0,0,0,"XYZ"],"envMapIntensity":1,"side":2,"blendColor":0},{"uuid":"03e5e10d-2510-47c1-ad6c-e69a7b103065","type":"MeshStandardMaterial","name":"Mat3d66-1664118-4-3660.003","color":16777215,"roughness":1,"metalness":0,"emissive":0,"map":"46db4cf8-1cd0-4104-ae30-3c8b9c2426c1","envMapRotation":[0,0,0,"XYZ"],"envMapIntensity":1,"side":2,"blendColor":0},{"uuid":"3e0417b1-8610-429b-b1d6-0872368b4e72","type":"MeshStandardMaterial","name":"Mat3d66-1664118-2-1056.003","color":15198183,"roughness":1,"metalness":0,"emissive":0,"envMapRotation":[0,0,0,"XYZ"],"envMapIntensity":1,"side":2,"blendColor":0},{"uuid":"a3ddd8ce-b465-4651-b5a7-fc44a41123c7","type":"MeshStandardMaterial","name":"Mat3d66-1664118-5-9553.003","color":16777215,"roughness":1,"metalness":0,"emissive":0,"map":"d9c168ba-d8be-42ab-bbdf-b2cfde5ffd8b","envMapRotation":[0,0,0,"XYZ"],"envMapIntensity":1,"side":2,"blendColor":0},{"uuid":"4005f4cc-97a1-41bd-bada-274c5995455c","type":"MeshStandardMaterial","name":"Mat3d66-1664118-1-7344.001","color":16777215,"roughness":1,"metalness":0,"emissive":0,"map":"342396de-3eea-4114-9cc4-82c43b1ecfce","envMapRotation":[0,0,0,"XYZ"],"envMapIntensity":1,"side":2,"blendColor":0}]}