{"metadata":{"version":4.6,"type":"Object","generator":"Astral.Object3D.toJSON"},"object":{"uuid":"d0ef5a9f-4af2-458c-8904-4f778069c83b","type":"Object3D","name":"道路06_3","userData":{"name":"道路06"},"layers":1,"matrix":[1,0,0,0,0,1,0,0,0,0,1,0,0,0,0,1],"up":[0,1,0],"children":[{"uuid":"4cdb131e-2730-4d80-bea1-8741513237e8","type":"Mesh","name":"Obj3d66-1664118-29-836010_1","userData":{"name":"Obj3d66-1664118-29-836010"},"layers":1,"matrix":[1,0,0,0,0,1,0,0,0,0,1,0,0,0,0,1],"up":[0,1,0],"geometry":"3f20b664-9733-42e4-ae3d-cc57f8d2a8cf","material":"ffc59ce6-b07d-4e0a-a802-20b86f4b8d05"},{"uuid":"04d86e05-5253-42d3-ac17-5c0081dc0992","type":"Mesh","name":"Obj3d66-1664118-29-836010_1_1","userData":{"name":"Obj3d66-1664118-29-836010_1"},"layers":1,"matrix":[1,0,0,0,0,1,0,0,0,0,1,0,0,0,0,1],"up":[0,1,0],"geometry":"bf47d147-e602-47fb-aed7-522bdcda09be","material":"f44ad9ca-cbbd-4402-acf2-89fef0957804"},{"uuid":"f4a6dc00-549e-44e8-ae0f-c25f27b29d2a","type":"Mesh","name":"Obj3d66-1664118-29-836010_2_1","userData":{"name":"Obj3d66-1664118-29-836010_2"},"layers":1,"matrix":[1,0,0,0,0,1,0,0,0,0,1,0,0,0,0,1],"up":[0,1,0],"geometry":"590b8139-ef4b-467f-a190-08578355a5ea","material":"586ce616-413e-4555-a2e6-eb52175d4f91"},{"uuid":"92ec078f-d71d-4fe2-9776-1f46ea355851","type":"Mesh","name":"Obj3d66-1664118-29-836010_3_1","userData":{"name":"Obj3d66-1664118-29-836010_3"},"layers":1,"matrix":[1,0,0,0,0,1,0,0,0,0,1,0,0,0,0,1],"up":[0,1,0],"geometry":"e18ae1cc-636b-4e97-8237-a4dac2545e2c","material":"871cc817-a498-45b2-aa48-3db07e578ebd"}]},"geometries":[],"images":["cc38fb0e-5936-49b6-8a5d-903d9c09a045.png","91a6e630-da00-4a18-876d-ececc95c8d91.png","9f057fad-0fa8-493b-819a-dcb6459caaae.png"],"textures":[{"uuid":"a8992437-5893-42e9-a0c7-4d6eb083845f","name":"Image_0","image":"cc38fb0e-5936-49b6-8a5d-903d9c09a045","mapping":300,"channel":0,"repeat":[1,1],"offset":[0,0],"center":[0,0],"rotation":0,"wrap":[1000,1000],"format":1023,"internalFormat":null,"type":1009,"colorSpace":"srgb","minFilter":1008,"magFilter":1006,"anisotropy":1,"flipY":false,"generateMipmaps":true,"premultiplyAlpha":false,"unpackAlignment":4,"userData":{"mimeType":"image/jpeg"}},{"uuid":"34b15359-59ae-470c-9c4c-3b5be0d980a7","name":"Image_1","image":"91a6e630-da00-4a18-876d-ececc95c8d91","mapping":300,"channel":0,"repeat":[1,1],"offset":[0,0],"center":[0,0],"rotation":0,"wrap":[1000,1000],"format":1023,"internalFormat":null,"type":1009,"colorSpace":"srgb","minFilter":1008,"magFilter":1006,"anisotropy":1,"flipY":false,"generateMipmaps":true,"premultiplyAlpha":false,"unpackAlignment":4,"userData":{"mimeType":"image/jpeg"}},{"uuid":"9defdc4c-e912-40fe-9242-4ebb74b532ff","name":"Image_3","image":"9f057fad-0fa8-493b-819a-dcb6459caaae","mapping":300,"channel":0,"repeat":[1,1],"offset":[0,0],"center":[0,0],"rotation":0,"wrap":[1000,1000],"format":1023,"internalFormat":null,"type":1009,"colorSpace":"srgb","minFilter":1008,"magFilter":1006,"anisotropy":1,"flipY":false,"generateMipmaps":true,"premultiplyAlpha":false,"unpackAlignment":4,"userData":{"mimeType":"image/jpeg"}}],"materials":[{"uuid":"ffc59ce6-b07d-4e0a-a802-20b86f4b8d05","type":"MeshStandardMaterial","name":"Mat3d66-1664118-3-1555.005","color":16777215,"roughness":1,"metalness":0,"emissive":0,"map":"a8992437-5893-42e9-a0c7-4d6eb083845f","envMapRotation":[0,0,0,"XYZ"],"envMapIntensity":1,"side":2,"blendColor":0},{"uuid":"f44ad9ca-cbbd-4402-acf2-89fef0957804","type":"MeshStandardMaterial","name":"Mat3d66-1664118-4-3660.005","color":16777215,"roughness":1,"metalness":0,"emissive":0,"map":"34b15359-59ae-470c-9c4c-3b5be0d980a7","envMapRotation":[0,0,0,"XYZ"],"envMapIntensity":1,"side":2,"blendColor":0},{"uuid":"586ce616-413e-4555-a2e6-eb52175d4f91","type":"MeshStandardMaterial","name":"Mat3d66-1664118-2-1056.005","color":15198183,"roughness":1,"metalness":0,"emissive":0,"envMapRotation":[0,0,0,"XYZ"],"envMapIntensity":1,"side":2,"blendColor":0},{"uuid":"871cc817-a498-45b2-aa48-3db07e578ebd","type":"MeshStandardMaterial","name":"Mat3d66-1664118-1-7344.002","color":16777215,"roughness":1,"metalness":0,"emissive":0,"map":"9defdc4c-e912-40fe-9242-4ebb74b532ff","envMapRotation":[0,0,0,"XYZ"],"envMapIntensity":1,"side":2,"blendColor":0}]}