{"metadata":{"version":4.6,"type":"Object","generator":"Astral.Object3D.toJSON"},"object":{"uuid":"77198e8d-a68d-464d-8696-3783f1dc2eb7","type":"Object3D","name":"住宅楼32_5","userData":{"name":"住宅楼32"},"layers":1,"matrix":[1,0,0,0,0,1,0,0,0,0,1,0,0,0,0,1],"up":[0,1,0],"children":[{"uuid":"630e45eb-b0ca-4718-acb6-538511052615","type":"Mesh","name":"网格217_2","userData":{"name":"网格217"},"layers":1,"matrix":[1,0,0,0,0,1,0,0,0,0,1,0,0,0,0,1],"up":[0,1,0],"geometry":"7a81ef7b-6525-4012-b49d-8bb3f82444dd","material":"e67ae0b6-22ae-41e2-8a0a-f31177910048"},{"uuid":"7b38158b-08cd-4dd1-af3b-6aa2872920b7","type":"Mesh","name":"网格217_1_2","userData":{"name":"网格217_1"},"layers":1,"matrix":[1,0,0,0,0,1,0,0,0,0,1,0,0,0,0,1],"up":[0,1,0],"geometry":"690cc35b-4d75-4920-930e-687277115fee","material":"0d986dd8-7f28-4571-b0b0-3cb15a379e6d"},{"uuid":"74cd4d96-2ae3-4068-8687-673d9049de9d","type":"Mesh","name":"网格217_2_2","userData":{"name":"网格217_2"},"layers":1,"matrix":[1,0,0,0,0,1,0,0,0,0,1,0,0,0,0,1],"up":[0,1,0],"geometry":"752836a7-6506-487b-9570-a2b72551a65e","material":"6cbdbe0e-ce3f-4906-ac6b-8cfe4ce5575e"},{"uuid":"ad97512c-2b12-4456-86e3-67b9b1510637","type":"Mesh","name":"网格217_3_2","userData":{"name":"网格217_3"},"layers":1,"matrix":[1,0,0,0,0,1,0,0,0,0,1,0,0,0,0,1],"up":[0,1,0],"geometry":"c0f75009-c377-47b5-b070-2584f1060274","material":"43ef1066-eb94-49bc-aa68-2e8ffa4ce44e"},{"uuid":"64383912-6a69-4eba-9531-7d623e1415c7","type":"Mesh","name":"网格217_4_2","userData":{"name":"网格217_4"},"layers":1,"matrix":[1,0,0,0,0,1,0,0,0,0,1,0,0,0,0,1],"up":[0,1,0],"geometry":"76a1e36a-1423-4094-af0f-dd46e21fb823","material":"32ee3483-3dd0-4a2a-94a9-c363caad96ac"},{"uuid":"4996cdfe-2818-4a29-9735-635c28f25b61","type":"Mesh","name":"网格217_5_2","userData":{"name":"网格217_5"},"layers":1,"matrix":[1,0,0,0,0,1,0,0,0,0,1,0,0,0,0,1],"up":[0,1,0],"geometry":"58030ac9-69e6-46df-8ac0-4f539011dd44","material":"ef6cb4c8-c889-42ea-9212-d44bebfa48d7"},{"uuid":"d8e1f63d-79f2-4467-8223-62fb363aea87","type":"Mesh","name":"网格217_6_2","userData":{"name":"网格217_6"},"layers":1,"matrix":[1,0,0,0,0,1,0,0,0,0,1,0,0,0,0,1],"up":[0,1,0],"geometry":"c49718f5-cf12-4fd9-a1e0-271c9001b50d","material":"614ca08b-51cd-4bb6-a8d6-8729ce5a41f8"},{"uuid":"f896f652-2c26-4f50-a5b2-aa710123d4a0","type":"Mesh","name":"网格217_7_2","userData":{"name":"网格217_7"},"layers":1,"matrix":[1,0,0,0,0,1,0,0,0,0,1,0,0,0,0,1],"up":[0,1,0],"geometry":"2265c180-4859-4b29-9f97-2e66c72aff2c","material":"41a1b11c-ade0-4ede-8bf4-59c41008fe22"},{"uuid":"8553d42d-cdd3-4a20-a3a9-9bff14638a55","type":"Mesh","name":"网格217_8_2","userData":{"name":"网格217_8"},"layers":1,"matrix":[1,0,0,0,0,1,0,0,0,0,1,0,0,0,0,1],"up":[0,1,0],"geometry":"004f05ca-ad89-4130-88aa-8dfe494884eb","material":"c4d541fb-bc65-4ddf-86c6-17270ce15f7e"},{"uuid":"c87ef06a-2f3f-4864-b941-eb93338fed6d","type":"Mesh","name":"网格217_9_2","userData":{"name":"网格217_9"},"layers":1,"matrix":[1,0,0,0,0,1,0,0,0,0,1,0,0,0,0,1],"up":[0,1,0],"geometry":"8d03fbd3-7223-4f81-96df-47f974920342","material":"4e4658a8-6a80-4eeb-b940-277f82938555"},{"uuid":"e4df9391-eeea-4a61-9348-e9da989e47f7","type":"Mesh","name":"网格217_10_2","userData":{"name":"网格217_10"},"layers":1,"matrix":[1,0,0,0,0,1,0,0,0,0,1,0,0,0,0,1],"up":[0,1,0],"geometry":"38c227a7-b0e7-423d-93c4-c8f330399b56","material":"963ca5ca-8c83-472f-ae17-d6522f06e16a"}]},"geometries":[],"images":["ff205eea-fde6-404d-828e-73a660a7415b.png","3d78c9e3-b0f1-4360-aaad-623619d61f5a.png"],"textures":[{"uuid":"17d6dc6e-33ee-43b7-a537-7c6bcb95d039","name":"3d66Model-9106086-files-3","image":"ff205eea-fde6-404d-828e-73a660a7415b","mapping":300,"channel":0,"repeat":[1,1],"offset":[0,0],"center":[0,0],"rotation":0,"wrap":[1000,1000],"format":1023,"internalFormat":null,"type":1009,"colorSpace":"srgb","minFilter":1008,"magFilter":1006,"anisotropy":1,"flipY":false,"generateMipmaps":true,"premultiplyAlpha":false,"unpackAlignment":4,"userData":{"mimeType":"image/jpeg"}},{"uuid":"52ed7352-7733-4eec-b243-6407c33dfe0a","name":"3d66Model-9106086-files-4","image":"3d78c9e3-b0f1-4360-aaad-623619d61f5a","mapping":300,"channel":0,"repeat":[1,1],"offset":[0,0],"center":[0,0],"rotation":0,"wrap":[1000,1000],"format":1023,"internalFormat":null,"type":1009,"colorSpace":"srgb","minFilter":1008,"magFilter":1006,"anisotropy":1,"flipY":false,"generateMipmaps":true,"premultiplyAlpha":false,"unpackAlignment":4,"userData":{"mimeType":"image/jpeg"}}],"materials":[{"uuid":"e67ae0b6-22ae-41e2-8a0a-f31177910048","type":"MeshStandardMaterial","name":"Mat3d66-9106086-10-30451","color":16777215,"roughness":0.858578622341156,"metalness":0,"emissive":0,"map":"17d6dc6e-33ee-43b7-a537-7c6bcb95d039","envMapRotation":[0,0,0,"XYZ"],"envMapIntensity":1,"side":2,"blendColor":0},{"uuid":"0d986dd8-7f28-4571-b0b0-3cb15a379e6d","type":"MeshStandardMaterial","name":"Mat3d66-9106086-25-68701","color":9342092,"roughness":0.858578622341156,"metalness":0,"emissive":0,"envMapRotation":[0,0,0,"XYZ"],"envMapIntensity":1,"side":2,"blendColor":0},{"uuid":"6cbdbe0e-ce3f-4906-ac6b-8cfe4ce5575e","type":"MeshStandardMaterial","name":"Mat3d66-9106086-24-77569","color":16777215,"roughness":0.858578622341156,"metalness":0,"emissive":0,"map":"52ed7352-7733-4eec-b243-6407c33dfe0a","envMapRotation":[0,0,0,"XYZ"],"envMapIntensity":1,"side":2,"blendColor":0},{"uuid":"43ef1066-eb94-49bc-aa68-2e8ffa4ce44e","type":"MeshStandardMaterial","name":"Mat3d66-9106086-23-99910","color":16314845,"roughness":0.858578622341156,"metalness":0,"emissive":0,"envMapRotation":[0,0,0,"XYZ"],"envMapIntensity":1,"side":2,"blendColor":0},{"uuid":"32ee3483-3dd0-4a2a-94a9-c363caad96ac","type":"MeshStandardMaterial","name":"Mat3d66-9106086-3-36819","color":8291723,"roughness":0.4960629940032959,"metalness":0,"emissive":0,"envMapRotation":[0,0,0,"XYZ"],"envMapIntensity":1,"side":2,"blendColor":0},{"uuid":"ef6cb4c8-c889-42ea-9212-d44bebfa48d7","type":"MeshStandardMaterial","name":"Mat3d66-9106086-22-82226","color":12635870,"roughness":0.858578622341156,"metalness":0,"emissive":0,"envMapRotation":[0,0,0,"XYZ"],"envMapIntensity":1,"side":2,"opacity":0.670078694820404,"transparent":true,"blendColor":0,"depthWrite":false},{"uuid":"614ca08b-51cd-4bb6-a8d6-8729ce5a41f8","type":"MeshStandardMaterial","name":"Mat3d66-9106086-4-20292","color":15921906,"roughness":0.8133934140205383,"metalness":0,"emissive":0,"envMapRotation":[0,0,0,"XYZ"],"envMapIntensity":1,"side":2,"blendColor":0},{"uuid":"41a1b11c-ade0-4ede-8bf4-59c41008fe22","type":"MeshStandardMaterial","name":"Mat3d66-9106086-5-68115","color":13086871,"roughness":0.858578622341156,"metalness":0,"emissive":0,"envMapRotation":[0,0,0,"XYZ"],"envMapIntensity":1,"side":2,"blendColor":0},{"uuid":"c4d541fb-bc65-4ddf-86c6-17270ce15f7e","type":"MeshStandardMaterial","name":"Mat3d66-9106086-6-44595","color":14271647,"roughness":0.858578622341156,"metalness":0,"emissive":0,"envMapRotation":[0,0,0,"XYZ"],"envMapIntensity":1,"side":2,"blendColor":0},{"uuid":"4e4658a8-6a80-4eeb-b940-277f82938555","type":"MeshStandardMaterial","name":"Mat3d66-9106086-9-61979","color":11908533,"roughness":0.858578622341156,"metalness":0,"emissive":0,"envMapRotation":[0,0,0,"XYZ"],"envMapIntensity":1,"side":2,"blendColor":0},{"uuid":"963ca5ca-8c83-472f-ae17-d6522f06e16a","type":"MeshStandardMaterial","name":"Mat3d66-9106086-11-30747","color":15856113,"roughness":0.7267919778823853,"metalness":0,"emissive":0,"envMapRotation":[0,0,0,"XYZ"],"envMapIntensity":1,"side":2,"blendColor":0}]}