{"metadata":{"version":4.6,"type":"Object","generator":"Astral.Object3D.toJSON"},"object":{"uuid":"a555aab4-fd60-48e5-9c3f-b39f9bc20034","type":"Object3D","name":"住宅楼16_1","userData":{"name":"住宅楼16"},"layers":1,"matrix":[1,0,0,0,0,1,0,0,0,0,1,0,0,0,0,1],"up":[0,1,0],"children":[{"uuid":"55683778-90c9-4208-a7b7-51c45c64f4e2","type":"Mesh","name":"网格367","userData":{"name":"网格367"},"layers":1,"matrix":[1,0,0,0,0,1,0,0,0,0,1,0,0,0,0,1],"up":[0,1,0],"geometry":"4346bf31-dc78-4581-8e02-a6f73628c66d","material":"298940b2-70e1-49e8-a805-e8ae7953fffb"},{"uuid":"dce4d1f9-679a-4d37-abeb-9d3b8ed3ddcb","type":"Mesh","name":"网格367_1","userData":{"name":"网格367_1"},"layers":1,"matrix":[1,0,0,0,0,1,0,0,0,0,1,0,0,0,0,1],"up":[0,1,0],"geometry":"1b4bf317-7ffe-4345-9ebc-fe5dbdcb6cc7","material":"c331be11-8242-4e9b-9f8f-6f65aca8f5a8"},{"uuid":"b6756c7c-13d5-4e5f-81c2-cd636fdd8384","type":"Mesh","name":"网格367_2","userData":{"name":"网格367_2"},"layers":1,"matrix":[1,0,0,0,0,1,0,0,0,0,1,0,0,0,0,1],"up":[0,1,0],"geometry":"74b057a0-acee-4a31-926d-911868ae471d","material":"32ed1d7e-cba1-481f-ab56-f414aa06c75e"},{"uuid":"20b67194-5f30-4946-a087-6f42474771a0","type":"Mesh","name":"网格367_3","userData":{"name":"网格367_3"},"layers":1,"matrix":[1,0,0,0,0,1,0,0,0,0,1,0,0,0,0,1],"up":[0,1,0],"geometry":"aa935bd0-0a5c-43c8-a9c2-1f4c799d5e38","material":"0f1029ea-bbd0-4e17-b736-daa1b81fa16a"},{"uuid":"da3206a0-1cb8-4806-b1b1-c67f8b62d83c","type":"Mesh","name":"网格367_4","userData":{"name":"网格367_4"},"layers":1,"matrix":[1,0,0,0,0,1,0,0,0,0,1,0,0,0,0,1],"up":[0,1,0],"geometry":"2a89aee1-6660-4bea-9a15-5fc67651ac97","material":"392f7ade-f706-4f99-bc51-9ef9c87b7984"},{"uuid":"a1a5aaac-0c79-44ae-a1a8-d573cd46eaba","type":"Mesh","name":"网格367_5","userData":{"name":"网格367_5"},"layers":1,"matrix":[1,0,0,0,0,1,0,0,0,0,1,0,0,0,0,1],"up":[0,1,0],"geometry":"a7e10d82-0731-4d96-80d7-e4b4c060ad42","material":"dfa98b26-9e84-41d3-8a17-1a10edb8c3b4"},{"uuid":"eee9c33d-c8e8-432e-8fa5-acb4b3f72040","type":"Mesh","name":"网格367_6","userData":{"name":"网格367_6"},"layers":1,"matrix":[1,0,0,0,0,1,0,0,0,0,1,0,0,0,0,1],"up":[0,1,0],"geometry":"f5d78d0c-dcaf-4da0-bbfb-f911c3dbe450","material":"e6c7cd07-615a-4e76-b08e-830932b5c1e6"},{"uuid":"4c252563-b491-4f5a-b027-5081bd267284","type":"Mesh","name":"网格367_7","userData":{"name":"网格367_7"},"layers":1,"matrix":[1,0,0,0,0,1,0,0,0,0,1,0,0,0,0,1],"up":[0,1,0],"geometry":"5f112cf1-1f40-46ae-b549-36849b183164","material":"faea7578-3b0d-4f61-871b-cdbd9f42de85"},{"uuid":"7fe19cb0-e2aa-4391-9113-09a873016680","type":"Mesh","name":"网格367_8","userData":{"name":"网格367_8"},"layers":1,"matrix":[1,0,0,0,0,1,0,0,0,0,1,0,0,0,0,1],"up":[0,1,0],"geometry":"70fd8d58-1335-41b6-b9dc-7bb362a68e34","material":"74771192-9f82-4a5d-8ec4-0c8829650541"}]},"geometries":[],"images":["7194b42a-aac1-4205-adcd-a2d84557a67e.png","2bd44cb0-33da-46d4-8ed0-e923a1de74a6.png","ab66bcd3-7d7c-4f4b-bf45-7327a909f7b8.png","db398d71-863a-4b8a-8b63-923d950fba7c.png","513924e8-5d6f-443a-bad6-418f423cd394.png","78b324a7-1394-47f2-a80d-df6a82c58259.png"],"textures":[{"uuid":"dd2835d6-e56f-4323-8538-f6d64dab7152","name":"3d66Model-1577993-files-17","image":"7194b42a-aac1-4205-adcd-a2d84557a67e","mapping":300,"channel":0,"repeat":[1,1],"offset":[0,0],"center":[0,0],"rotation":0,"wrap":[1000,1000],"format":1023,"internalFormat":null,"type":1009,"colorSpace":"srgb","minFilter":1008,"magFilter":1006,"anisotropy":1,"flipY":false,"generateMipmaps":true,"premultiplyAlpha":false,"unpackAlignment":4,"userData":{"mimeType":"image/jpeg"}},{"uuid":"01334940-c034-48f8-9572-25b359af64e6","name":"3d66Model-1577993-files-10","image":"2bd44cb0-33da-46d4-8ed0-e923a1de74a6","mapping":300,"channel":0,"repeat":[1,1],"offset":[0,0],"center":[0,0],"rotation":0,"wrap":[1000,1000],"format":1023,"internalFormat":null,"type":1009,"colorSpace":"srgb","minFilter":1008,"magFilter":1006,"anisotropy":1,"flipY":false,"generateMipmaps":true,"premultiplyAlpha":false,"unpackAlignment":4,"userData":{"mimeType":"image/jpeg"}},{"uuid":"836f104e-4071-419c-aff9-7d05c3ce41f8","name":"3d66Model-1577993-files-19","image":"ab66bcd3-7d7c-4f4b-bf45-7327a909f7b8","mapping":300,"channel":0,"repeat":[1,1],"offset":[0,0],"center":[0,0],"rotation":0,"wrap":[1000,1000],"format":1023,"internalFormat":null,"type":1009,"colorSpace":"srgb","minFilter":1008,"magFilter":1006,"anisotropy":1,"flipY":false,"generateMipmaps":true,"premultiplyAlpha":false,"unpackAlignment":4,"userData":{"mimeType":"image/jpeg"}},{"uuid":"9b589407-7506-4e62-99f5-e08801c58e6b","name":"3d66Model-1577993-files-3","image":"db398d71-863a-4b8a-8b63-923d950fba7c","mapping":300,"channel":0,"repeat":[1,1],"offset":[0,0],"center":[0,0],"rotation":0,"wrap":[1000,1000],"format":1023,"internalFormat":null,"type":1009,"colorSpace":"srgb","minFilter":1008,"magFilter":1006,"anisotropy":1,"flipY":false,"generateMipmaps":true,"premultiplyAlpha":false,"unpackAlignment":4,"userData":{"mimeType":"image/jpeg"}},{"uuid":"d00b61bd-51cb-41ef-9c65-af9caf182d2b","name":"3d66Model-1577993-files-6","image":"513924e8-5d6f-443a-bad6-418f423cd394","mapping":300,"channel":0,"repeat":[1,1],"offset":[0,0],"center":[0,0],"rotation":0,"wrap":[1000,1000],"format":1023,"internalFormat":null,"type":1009,"colorSpace":"srgb","minFilter":1008,"magFilter":1006,"anisotropy":1,"flipY":false,"generateMipmaps":true,"premultiplyAlpha":false,"unpackAlignment":4,"userData":{"mimeType":"image/jpeg"}},{"uuid":"537cf504-226e-4be0-a8e2-92b00c3132d6","name":"3d66Model-1577993-files-15","image":"78b324a7-1394-47f2-a80d-df6a82c58259","mapping":300,"channel":0,"repeat":[1,1],"offset":[0,0],"center":[0,0],"rotation":0,"wrap":[1000,1000],"format":1023,"internalFormat":null,"type":1009,"colorSpace":"srgb","minFilter":1008,"magFilter":1006,"anisotropy":1,"flipY":false,"generateMipmaps":true,"premultiplyAlpha":false,"unpackAlignment":4,"userData":{"mimeType":"image/jpeg"}}],"materials":[{"uuid":"298940b2-70e1-49e8-a805-e8ae7953fffb","type":"MeshStandardMaterial","name":"Mat3d66-1577993-4-8819","color":16777215,"roughness":1,"metalness":0,"emissive":0,"map":"dd2835d6-e56f-4323-8538-f6d64dab7152","envMapRotation":[0,0,0,"XYZ"],"envMapIntensity":1,"side":2,"blendColor":0},{"uuid":"c331be11-8242-4e9b-9f8f-6f65aca8f5a8","type":"MeshStandardMaterial","name":"Mat3d66-1577993-5-2090","color":7566195,"roughness":0.5121219158172607,"metalness":0,"emissive":0,"envMapRotation":[0,0,0,"XYZ"],"envMapIntensity":1,"side":2,"blendColor":0},{"uuid":"32ed1d7e-cba1-481f-ab56-f414aa06c75e","type":"MeshStandardMaterial","name":"Mat3d66-1577993-17-8974","color":16777215,"roughness":0.858578622341156,"metalness":0,"emissive":0,"map":"01334940-c034-48f8-9572-25b359af64e6","envMapRotation":[0,0,0,"XYZ"],"envMapIntensity":1,"side":2,"blendColor":0},{"uuid":"0f1029ea-bbd0-4e17-b736-daa1b81fa16a","type":"MeshStandardMaterial","name":"Mat3d66-1577993-21-8593","color":16777215,"roughness":0.858578622341156,"metalness":0,"emissive":0,"map":"836f104e-4071-419c-aff9-7d05c3ce41f8","envMapRotation":[0,0,0,"XYZ"],"envMapIntensity":1,"side":2,"blendColor":0},{"uuid":"392f7ade-f706-4f99-bc51-9ef9c87b7984","type":"MeshStandardMaterial","name":"Mat3d66-1577993-3-1257","color":8686998,"roughness":0.49637389183044434,"metalness":0,"emissive":0,"envMapRotation":[0,0,0,"XYZ"],"envMapIntensity":1,"side":2,"opacity":0.9448819160461426,"transparent":true,"blendColor":0,"depthWrite":false},{"uuid":"dfa98b26-9e84-41d3-8a17-1a10edb8c3b4","type":"MeshStandardMaterial","name":"Mat3d66-1577993-7-1903","color":15989247,"roughness":0.5514919757843018,"metalness":0.10236220806837082,"emissive":0,"envMapRotation":[0,0,0,"XYZ"],"envMapIntensity":1,"side":2,"blendColor":0},{"uuid":"e6c7cd07-615a-4e76-b08e-830932b5c1e6","type":"MeshStandardMaterial","name":"Mat3d66-1577993-13-1457","color":16777215,"roughness":0.858578622341156,"metalness":0,"emissive":0,"map":"9b589407-7506-4e62-99f5-e08801c58e6b","envMapRotation":[0,0,0,"XYZ"],"envMapIntensity":1,"side":2,"blendColor":0},{"uuid":"faea7578-3b0d-4f61-871b-cdbd9f42de85","type":"MeshStandardMaterial","name":"Mat3d66-1577993-22-1201","color":16777215,"roughness":0.858578622341156,"metalness":0,"emissive":0,"map":"d00b61bd-51cb-41ef-9c65-af9caf182d2b","envMapRotation":[0,0,0,"XYZ"],"envMapIntensity":1,"side":2,"blendColor":0},{"uuid":"74771192-9f82-4a5d-8ec4-0c8829650541","type":"MeshStandardMaterial","name":"Mat3d66-1577993-8-7818","color":16777215,"roughness":0.858578622341156,"metalness":0,"emissive":0,"map":"537cf504-226e-4be0-a8e2-92b00c3132d6","envMapRotation":[0,0,0,"XYZ"],"envMapIntensity":1,"side":2,"blendColor":0}]}