{"metadata":{"version":4.6,"type":"Object","generator":"Astral.Object3D.toJSON"},"object":{"uuid":"1f992956-b158-42ac-9ec9-8d155b91ac14","type":"Group","name":"货车02","userData":{"name":"货车02"},"layers":1,"matrix":[1,0,0,0,0,1,0,0,0,0,1,0,0,0,0,1],"up":[0,1,0],"children":[{"uuid":"6fa3d1e5-67ed-489a-85ec-ba7d9461702d","type":"Mesh","name":"jiaoche001","layers":1,"matrix":[1,0,0,0,0,1,0,0,0,0,1,0,0,0,0,1],"up":[0,1,0],"geometry":"fc11f8ce-9386-4dea-b706-127f9d8a5fda","material":"f618d02b-4e99-4fa1-978e-d281a7e2c773"},{"uuid":"3eefb96d-324f-4c87-9f32-ddfa50baa255","type":"Mesh","name":"jiaoche001_1","layers":1,"matrix":[1,0,0,0,0,1,0,0,0,0,1,0,0,0,0,1],"up":[0,1,0],"geometry":"14c22eaf-9530-4d3e-b249-3e08e639f3c5","material":"fd6066d0-f60c-41fe-97fc-e805c9044b99"},{"uuid":"a2c46758-3465-435b-a1a3-7fb20f739b6e","type":"Mesh","name":"jiaoche001_2","layers":1,"matrix":[1,0,0,0,0,1,0,0,0,0,1,0,0,0,0,1],"up":[0,1,0],"geometry":"db993320-67c0-41d1-af19-e629e4bef58a","material":"fe53fa23-64b2-467f-b43c-b8065673c0d2"},{"uuid":"21a37545-95c7-485c-b0f9-45817dbeade2","type":"Mesh","name":"jiaoche001_3","layers":1,"matrix":[1,0,0,0,0,1,0,0,0,0,1,0,0,0,0,1],"up":[0,1,0],"geometry":"7a1d3f1e-b245-4c4d-b2e2-042aa3086835","material":"f7de7418-8b38-43bc-be19-df5bc5078d05"},{"uuid":"d6edf4b5-9fa6-43e0-83fc-765401f91435","type":"Mesh","name":"jiaoche001_4","layers":1,"matrix":[1,0,0,0,0,1,0,0,0,0,1,0,0,0,0,1],"up":[0,1,0],"geometry":"42d00a3e-abb8-465d-ae89-d194af3a7c9e","material":"c261d580-9683-477e-b6b8-37e5c86d3b7f"},{"uuid":"14b25890-6e1d-4258-b599-6172f3565453","type":"Mesh","name":"jiaoche001_5","layers":1,"matrix":[1,0,0,0,0,1,0,0,0,0,1,0,0,0,0,1],"up":[0,1,0],"geometry":"bcc2d554-3cea-44d4-be41-8e3f302a4bf3","material":"2f82fc36-af6d-46b2-a8cc-f5d0a0df3fb2"},{"uuid":"1fa7aaf2-4efb-45e7-8feb-d4bd546c8570","type":"Mesh","name":"jiaoche001_6","layers":1,"matrix":[1,0,0,0,0,1,0,0,0,0,1,0,0,0,0,1],"up":[0,1,0],"geometry":"17b17347-63f5-4d05-b899-62fe55768fd0","material":"c30c43af-adc4-4488-a041-e597b4ebd8c5"},{"uuid":"085b8fd6-c3a3-46f1-8038-a927f4306fac","type":"Mesh","name":"jiaoche001_7","layers":1,"matrix":[1,0,0,0,0,1,0,0,0,0,1,0,0,0,0,1],"up":[0,1,0],"geometry":"19167f22-d17d-401a-ab04-986d9f634da2","material":"0677af08-79e5-4718-92ab-5d99174e0d8d"},{"uuid":"18373498-0b43-4193-95dd-64e026f23660","type":"Mesh","name":"jiaoche001_8","layers":1,"matrix":[1,0,0,0,0,1,0,0,0,0,1,0,0,0,0,1],"up":[0,1,0],"geometry":"a66422b0-3aab-448f-ab80-6d0a2f4d1d12","material":"bfb80ce0-6baf-4835-8183-32551cdf31ee"},{"uuid":"81ee68fa-3669-4d8f-8db6-1b1309d11c18","type":"Mesh","name":"jiaoche001_9","layers":1,"matrix":[1,0,0,0,0,1,0,0,0,0,1,0,0,0,0,1],"up":[0,1,0],"geometry":"74825b22-aa5c-4465-bffa-7458537ba297","material":"2163419a-6496-4ab0-91c1-9782ef2c2936"},{"uuid":"20277d90-f598-44dd-a5f9-02de35088419","type":"Mesh","name":"jiaoche001_10","layers":1,"matrix":[1,0,0,0,0,1,0,0,0,0,1,0,0,0,0,1],"up":[0,1,0],"geometry":"acc44699-7cea-4930-b1b1-3f31f0dabf79","material":"4b2ecce1-13d2-42f2-8ff3-81fbbcd364d7"},{"uuid":"0b16e12a-6f51-4845-aa86-203ab2248926","type":"Mesh","name":"jiaoche001_11","layers":1,"matrix":[1,0,0,0,0,1,0,0,0,0,1,0,0,0,0,1],"up":[0,1,0],"geometry":"4d99aeef-562f-4b3d-9c08-98bc02df6200","material":"7aa36aa1-eb17-4b71-b514-a4cb8e70bcfd"},{"uuid":"9875c3fa-aee9-46d0-91f7-c8a2088a5576","type":"Mesh","name":"jiaoche001_12","layers":1,"matrix":[1,0,0,0,0,1,0,0,0,0,1,0,0,0,0,1],"up":[0,1,0],"geometry":"03d5e23e-3879-4ea2-a701-3e2fce86d3ea","material":"0f277953-c627-4bc6-b708-f3e956a3a184"},{"uuid":"ad3915ba-a07e-4c6e-8fbd-367cec8c3264","type":"Mesh","name":"jiaoche001_13","layers":1,"matrix":[1,0,0,0,0,1,0,0,0,0,1,0,0,0,0,1],"up":[0,1,0],"geometry":"b297d51c-364c-4eed-b5e4-bb8a61c61d57","material":"b91311c5-24b8-40b3-a72e-6c05c5a2d8d5"},{"uuid":"dbb2b7be-acca-403d-8c32-25a5cd8279ff","type":"Mesh","name":"jiaoche001_14","layers":1,"matrix":[1,0,0,0,0,1,0,0,0,0,1,0,0,0,0,1],"up":[0,1,0],"geometry":"3bfabec3-428d-4535-b3ab-c74fdcb23e14","material":"b5b4c300-a789-412c-bbef-f19281a3077e"},{"uuid":"adf6c3bb-dc67-412b-b5f1-2b6bb9273a9c","type":"Mesh","name":"jiaoche001_15","layers":1,"matrix":[1,0,0,0,0,1,0,0,0,0,1,0,0,0,0,1],"up":[0,1,0],"geometry":"69b9a6ee-79b5-4447-a9e4-38fc6423cf09","material":"6da82cc0-b25b-4385-b889-3af9a373dcae"},{"uuid":"5f9987e7-157e-4b42-a844-ae918136f392","type":"Mesh","name":"jiaoche001_16","layers":1,"matrix":[1,0,0,0,0,1,0,0,0,0,1,0,0,0,0,1],"up":[0,1,0],"geometry":"eb470600-f127-43f0-aa9a-7fe517c44a1e","material":"4819c1a7-ad07-4de2-8086-c2654852f0a3"}]},"geometries":[],"images":["84f8c88c-ffbb-4095-82b1-26b8875b1fe9.png","2f4bc1c6-6379-439d-b23c-8a22668ef88c.png","8f208be9-e773-4c91-8503-289ae2d8f07a.png","efa4e198-23d4-48f0-9ae1-cea5582cc279.png","e24655ad-88c8-4790-a8fb-daa9a9cc1e6d.png","0fba94cc-2e22-4b8d-ac10-bba5b1431df1.png","49965e70-2a5c-4f94-906a-e0ccf50714a2.png","72e89f57-d3d2-489f-b013-5a7031aaa2f6.png","36be7b9d-d43d-4681-9f21-3dac4492db0f.png","3691a038-78d1-4a8b-a98f-d167e4f7371e.png","739de0c3-c3c3-413c-b897-c943d579c594.png","d00d533f-a3ea-4cf9-85d9-57045d99a352.png","f2fcde2f-2b81-46eb-806a-2ca429f0d45b.png","92729eb6-711d-4254-95c1-da69de84c552.png"],"textures":[{"uuid":"7ac61487-7e63-4fc5-b11b-1adab43b37c5","name":"Image_2","image":"84f8c88c-ffbb-4095-82b1-26b8875b1fe9","mapping":300,"channel":0,"repeat":[1,1],"offset":[0,0],"center":[0,0],"rotation":0,"wrap":[1000,1000],"format":1023,"internalFormat":null,"type":1009,"colorSpace":"srgb","minFilter":1008,"magFilter":1006,"anisotropy":1,"flipY":false,"generateMipmaps":true,"premultiplyAlpha":false,"unpackAlignment":4,"userData":{"mimeType":"image/jpeg"}},{"uuid":"b659f342-80dc-4c8b-aa0f-f41c04b0c695","name":"Image_3","image":"2f4bc1c6-6379-439d-b23c-8a22668ef88c","mapping":300,"channel":0,"repeat":[1,1],"offset":[0,0],"center":[0,0],"rotation":0,"wrap":[1000,1000],"format":1023,"internalFormat":null,"type":1009,"colorSpace":"srgb","minFilter":1008,"magFilter":1006,"anisotropy":1,"flipY":false,"generateMipmaps":true,"premultiplyAlpha":false,"unpackAlignment":4,"userData":{"mimeType":"image/jpeg"}},{"uuid":"9f6bc834-0cbf-40ce-bf8c-31da9bdede5a","name":"Image_4","image":"8f208be9-e773-4c91-8503-289ae2d8f07a","mapping":300,"channel":0,"repeat":[1,1],"offset":[0,0],"center":[0,0],"rotation":0,"wrap":[1000,1000],"format":1023,"internalFormat":null,"type":1009,"colorSpace":"srgb","minFilter":1008,"magFilter":1006,"anisotropy":1,"flipY":false,"generateMipmaps":true,"premultiplyAlpha":false,"unpackAlignment":4,"userData":{"mimeType":"image/jpeg"}},{"uuid":"3db8e4f9-4d0d-40d0-b974-f935c7b39906","name":"Image_5","image":"efa4e198-23d4-48f0-9ae1-cea5582cc279","mapping":300,"channel":0,"repeat":[1,1],"offset":[0,0],"center":[0,0],"rotation":0,"wrap":[1000,1000],"format":1023,"internalFormat":null,"type":1009,"colorSpace":"srgb","minFilter":1008,"magFilter":1006,"anisotropy":1,"flipY":false,"generateMipmaps":true,"premultiplyAlpha":false,"unpackAlignment":4,"userData":{"mimeType":"image/jpeg"}},{"uuid":"1c827490-9df3-4230-9139-e928009fd998","name":"Image_6","image":"e24655ad-88c8-4790-a8fb-daa9a9cc1e6d","mapping":300,"channel":0,"repeat":[1,1],"offset":[0,0],"center":[0,0],"rotation":0,"wrap":[1000,1000],"format":1023,"internalFormat":null,"type":1009,"colorSpace":"srgb","minFilter":1008,"magFilter":1006,"anisotropy":1,"flipY":false,"generateMipmaps":true,"premultiplyAlpha":false,"unpackAlignment":4,"userData":{"mimeType":"image/jpeg"}},{"uuid":"a63bceeb-27c2-4785-a6e9-8ddddf9f23a8","name":"Image_7","image":"0fba94cc-2e22-4b8d-ac10-bba5b1431df1","mapping":300,"channel":0,"repeat":[1,1],"offset":[0,0],"center":[0,0],"rotation":0,"wrap":[1000,1000],"format":1023,"internalFormat":null,"type":1009,"colorSpace":"srgb","minFilter":1008,"magFilter":1006,"anisotropy":1,"flipY":false,"generateMipmaps":true,"premultiplyAlpha":false,"unpackAlignment":4,"userData":{"mimeType":"image/jpeg"}},{"uuid":"d44d30b7-31e4-4c65-a5cc-73c18cdad9e2","name":"Image_8","image":"49965e70-2a5c-4f94-906a-e0ccf50714a2","mapping":300,"channel":0,"repeat":[1,1],"offset":[0,0],"center":[0,0],"rotation":0,"wrap":[1000,1000],"format":1023,"internalFormat":null,"type":1009,"colorSpace":"srgb","minFilter":1008,"magFilter":1006,"anisotropy":1,"flipY":false,"generateMipmaps":true,"premultiplyAlpha":false,"unpackAlignment":4,"userData":{"mimeType":"image/jpeg"}},{"uuid":"3e099b0b-14de-4f72-b825-f1a5d759a53c","name":"Image_9","image":"72e89f57-d3d2-489f-b013-5a7031aaa2f6","mapping":300,"channel":0,"repeat":[1,1],"offset":[0,0],"center":[0,0],"rotation":0,"wrap":[1000,1000],"format":1023,"internalFormat":null,"type":1009,"colorSpace":"srgb","minFilter":1008,"magFilter":1006,"anisotropy":1,"flipY":false,"generateMipmaps":true,"premultiplyAlpha":false,"unpackAlignment":4,"userData":{"mimeType":"image/jpeg"}},{"uuid":"cb300e19-7f06-4f49-851f-06b36c7271cc","name":"Image_10","image":"36be7b9d-d43d-4681-9f21-3dac4492db0f","mapping":300,"channel":0,"repeat":[1,1],"offset":[0,0],"center":[0,0],"rotation":0,"wrap":[1000,1000],"format":1023,"internalFormat":null,"type":1009,"colorSpace":"srgb","minFilter":1008,"magFilter":1006,"anisotropy":1,"flipY":false,"generateMipmaps":true,"premultiplyAlpha":false,"unpackAlignment":4,"userData":{"mimeType":"image/jpeg"}},{"uuid":"fa685929-ad26-4fb8-a600-11a247fbf6be","name":"Image_11","image":"3691a038-78d1-4a8b-a98f-d167e4f7371e","mapping":300,"channel":0,"repeat":[1,1],"offset":[0,0],"center":[0,0],"rotation":0,"wrap":[1000,1000],"format":1023,"internalFormat":null,"type":1009,"colorSpace":"srgb","minFilter":1008,"magFilter":1006,"anisotropy":1,"flipY":false,"generateMipmaps":true,"premultiplyAlpha":false,"unpackAlignment":4,"userData":{"mimeType":"image/jpeg"}},{"uuid":"62db2f04-d7a3-4cc2-af72-a391bf14600c","name":"Image_12","image":"739de0c3-c3c3-413c-b897-c943d579c594","mapping":300,"channel":0,"repeat":[1,1],"offset":[0,0],"center":[0,0],"rotation":0,"wrap":[1000,1000],"format":1023,"internalFormat":null,"type":1009,"colorSpace":"srgb","minFilter":1008,"magFilter":1006,"anisotropy":1,"flipY":false,"generateMipmaps":true,"premultiplyAlpha":false,"unpackAlignment":4,"userData":{"mimeType":"image/jpeg"}},{"uuid":"49a464c8-91f8-44c1-bdd5-6ff6fbab7bc9","name":"Image_13","image":"d00d533f-a3ea-4cf9-85d9-57045d99a352","mapping":300,"channel":0,"repeat":[1,1],"offset":[0,0],"center":[0,0],"rotation":0,"wrap":[1000,1000],"format":1023,"internalFormat":null,"type":1009,"colorSpace":"srgb","minFilter":1008,"magFilter":1006,"anisotropy":1,"flipY":false,"generateMipmaps":true,"premultiplyAlpha":false,"unpackAlignment":4,"userData":{"mimeType":"image/jpeg"}},{"uuid":"8a36aa4d-d69d-4493-9d8c-0d9101aba40f","name":"Image_14","image":"f2fcde2f-2b81-46eb-806a-2ca429f0d45b","mapping":300,"channel":0,"repeat":[1,1],"offset":[0,0],"center":[0,0],"rotation":0,"wrap":[1000,1000],"format":1023,"internalFormat":null,"type":1009,"colorSpace":"srgb","minFilter":1008,"magFilter":1006,"anisotropy":1,"flipY":false,"generateMipmaps":true,"premultiplyAlpha":false,"unpackAlignment":4,"userData":{"mimeType":"image/jpeg"}},{"uuid":"53e1726f-b303-4bf1-a0cc-9aae0c8e8859","name":"Image_15","image":"92729eb6-711d-4254-95c1-da69de84c552","mapping":300,"channel":0,"repeat":[1,1],"offset":[0,0],"center":[0,0],"rotation":0,"wrap":[1000,1000],"format":1023,"internalFormat":null,"type":1009,"colorSpace":"srgb","minFilter":1008,"magFilter":1006,"anisotropy":1,"flipY":false,"generateMipmaps":true,"premultiplyAlpha":false,"unpackAlignment":4,"userData":{"mimeType":"image/jpeg"}}],"materials":[{"uuid":"f618d02b-4e99-4fa1-978e-d281a7e2c773","type":"MeshStandardMaterial","name":"24glass1","color":4013373,"roughness":0.8945907354354858,"metalness":0,"emissive":0,"envMapRotation":[0,0,0,"XYZ"],"envMapIntensity":1,"side":2,"transparent":true,"blendColor":0,"depthWrite":false},{"uuid":"fd6066d0-f60c-41fe-97fc-e805c9044b99","type":"MeshStandardMaterial","name":"24glass2","color":3223857,"roughness":0.8945907354354858,"metalness":0,"emissive":0,"envMapRotation":[0,0,0,"XYZ"],"envMapIntensity":1,"side":2,"transparent":true,"blendColor":0,"depthWrite":false},{"uuid":"fe53fa23-64b2-467f-b43c-b8065673c0d2","type":"MeshStandardMaterial","name":"24glass3","color":16777215,"roughness":0.8945907354354858,"metalness":0,"emissive":0,"map":"7ac61487-7e63-4fc5-b11b-1adab43b37c5","envMapRotation":[0,0,0,"XYZ"],"envMapIntensity":1,"side":2,"blendColor":0},{"uuid":"f7de7418-8b38-43bc-be19-df5bc5078d05","type":"MeshStandardMaterial","name":"24head1","color":16777215,"roughness":0.8945907354354858,"metalness":0,"emissive":0,"map":"b659f342-80dc-4c8b-aa0f-f41c04b0c695","envMapRotation":[0,0,0,"XYZ"],"envMapIntensity":1,"side":2,"blendColor":0},{"uuid":"c261d580-9683-477e-b6b8-37e5c86d3b7f","type":"MeshStandardMaterial","name":"24side1","color":16777215,"roughness":0.8945907354354858,"metalness":0,"emissive":0,"map":"9f6bc834-0cbf-40ce-bf8c-31da9bdede5a","envMapRotation":[0,0,0,"XYZ"],"envMapIntensity":1,"side":2,"blendColor":0},{"uuid":"2f82fc36-af6d-46b2-a8cc-f5d0a0df3fb2","type":"MeshStandardMaterial","name":"24side4","color":16777215,"roughness":0.8945907354354858,"metalness":0,"emissive":0,"map":"3db8e4f9-4d0d-40d0-b974-f935c7b39906","envMapRotation":[0,0,0,"XYZ"],"envMapIntensity":1,"side":2,"blendColor":0},{"uuid":"c30c43af-adc4-4488-a041-e597b4ebd8c5","type":"MeshStandardMaterial","name":"24side5","color":16777215,"roughness":0.8945907354354858,"metalness":0,"emissive":0,"map":"1c827490-9df3-4230-9139-e928009fd998","envMapRotation":[0,0,0,"XYZ"],"envMapIntensity":1,"side":2,"blendColor":0},{"uuid":"0677af08-79e5-4718-92ab-5d99174e0d8d","type":"MeshStandardMaterial","name":"24side2","color":16777215,"roughness":0.8945907354354858,"metalness":0,"emissive":0,"map":"a63bceeb-27c2-4785-a6e9-8ddddf9f23a8","envMapRotation":[0,0,0,"XYZ"],"envMapIntensity":1,"side":2,"blendColor":0},{"uuid":"bfb80ce0-6baf-4835-8183-32551cdf31ee","type":"MeshStandardMaterial","name":"24side3","color":16777215,"roughness":0.8945907354354858,"metalness":0,"emissive":0,"map":"d44d30b7-31e4-4c65-a5cc-73c18cdad9e2","envMapRotation":[0,0,0,"XYZ"],"envMapIntensity":1,"side":2,"blendColor":0},{"uuid":"2163419a-6496-4ab0-91c1-9782ef2c2936","type":"MeshStandardMaterial","name":"24Head2","color":16777215,"roughness":0.8945907354354858,"metalness":0,"emissive":0,"map":"3e099b0b-14de-4f72-b825-f1a5d759a53c","envMapRotation":[0,0,0,"XYZ"],"envMapIntensity":1,"side":2,"blendColor":0},{"uuid":"4b2ecce1-13d2-42f2-8ff3-81fbbcd364d7","type":"MeshStandardMaterial","name":"24back1","color":16777215,"roughness":0.8945907354354858,"metalness":0,"emissive":0,"map":"cb300e19-7f06-4f49-851f-06b36c7271cc","envMapRotation":[0,0,0,"XYZ"],"envMapIntensity":1,"side":2,"blendColor":0},{"uuid":"7aa36aa1-eb17-4b71-b514-a4cb8e70bcfd","type":"MeshStandardMaterial","name":"24top","color":16777215,"roughness":0.8945907354354858,"metalness":0,"emissive":0,"map":"fa685929-ad26-4fb8-a600-11a247fbf6be","envMapRotation":[0,0,0,"XYZ"],"envMapIntensity":1,"side":2,"blendColor":0},{"uuid":"0f277953-c627-4bc6-b708-f3e956a3a184","type":"MeshStandardMaterial","name":"24FABRIC","color":16777215,"roughness":0.8945907354354858,"metalness":0,"emissive":0,"map":"62db2f04-d7a3-4cc2-af72-a391bf14600c","envMapRotation":[0,0,0,"XYZ"],"envMapIntensity":1,"side":2,"blendColor":0},{"uuid":"b91311c5-24b8-40b3-a72e-6c05c5a2d8d5","type":"MeshStandardMaterial","name":"24basic","color":4802889,"roughness":1,"metalness":0,"emissive":0,"envMapRotation":[0,0,0,"XYZ"],"envMapIntensity":1,"side":2,"blendColor":0},{"uuid":"b5b4c300-a789-412c-bbef-f19281a3077e","type":"MeshStandardMaterial","name":"24tyre","color":16777215,"roughness":0.8945907354354858,"metalness":0,"emissive":0,"map":"49a464c8-91f8-44c1-bdd5-6ff6fbab7bc9","envMapRotation":[0,0,0,"XYZ"],"envMapIntensity":1,"side":2,"blendColor":0},{"uuid":"6da82cc0-b25b-4385-b889-3af9a373dcae","type":"MeshStandardMaterial","name":"24REK","color":16777215,"roughness":0.8333333134651184,"metalness":0,"emissive":0,"map":"8a36aa4d-d69d-4493-9d8c-0d9101aba40f","envMapRotation":[0,0,0,"XYZ"],"envMapIntensity":1,"side":2,"blendColor":0},{"uuid":"4819c1a7-ad07-4de2-8086-c2654852f0a3","type":"MeshStandardMaterial","name":"24tyresf","color":16777215,"roughness":0.8945907354354858,"metalness":0,"emissive":0,"map":"53e1726f-b303-4bf1-a0cc-9aae0c8e8859","envMapRotation":[0,0,0,"XYZ"],"envMapIntensity":1,"side":2,"blendColor":0}]}