{"metadata":{"version":4.6,"type":"Object","generator":"Astral.Object3D.toJSON"},"object":{"uuid":"07a36fec-155c-4485-ab75-31ffe87f428e","type":"Group","name":"摩托车03","userData":{"name":"摩托车03"},"layers":1,"matrix":[1,0,0,0,0,1,0,0,0,0,1,0,0,0,0,1],"up":[0,1,0],"children":[{"uuid":"1dec818a-e7e4-4d15-b960-02e2912cddbe","type":"Mesh","name":"网格457","layers":1,"matrix":[1,0,0,0,0,1,0,0,0,0,1,0,0,0,0,1],"up":[0,1,0],"geometry":"ee7e4b03-02ee-4570-8862-661760417dd7","material":"64394fee-d5b3-43bb-b2df-82ac606c7e27"},{"uuid":"fd96b6f4-2fbb-4c44-81cb-3510266e9047","type":"Mesh","name":"网格457_1","layers":1,"matrix":[1,0,0,0,0,1,0,0,0,0,1,0,0,0,0,1],"up":[0,1,0],"geometry":"37fa19dc-7431-4ab1-9323-bea7abbc0b40","material":"b7a0330c-b695-4e90-976b-277791e8e3ae"},{"uuid":"124454d0-53ae-4357-857d-ed45c338b070","type":"Mesh","name":"网格457_2","layers":1,"matrix":[1,0,0,0,0,1,0,0,0,0,1,0,0,0,0,1],"up":[0,1,0],"geometry":"909c34af-3ff3-4f4f-93c6-088a65bb0476","material":"35524f2e-daa1-4cb3-b65e-bae66eecde62"},{"uuid":"f1db537d-8680-4f5c-8b5b-6687676b32ef","type":"Mesh","name":"网格457_3","layers":1,"matrix":[1,0,0,0,0,1,0,0,0,0,1,0,0,0,0,1],"up":[0,1,0],"geometry":"e54b9e0e-d512-4813-82ae-3f5c3f2dcbef","material":"40cda2f5-9060-4752-9c3e-7ae90eaf373c"},{"uuid":"5fec7ae5-ed35-432f-b02d-ef12cc97e9db","type":"Mesh","name":"网格457_4","layers":1,"matrix":[1,0,0,0,0,1,0,0,0,0,1,0,0,0,0,1],"up":[0,1,0],"geometry":"7f70b0f3-c631-49ff-9074-5b64034a0b9a","material":"745ebef3-206c-4138-abac-eaddc4187c87"},{"uuid":"fc6b38a4-695b-4996-912f-4fdb10cffdc5","type":"Mesh","name":"网格457_5","layers":1,"matrix":[1,0,0,0,0,1,0,0,0,0,1,0,0,0,0,1],"up":[0,1,0],"geometry":"b8ae0ea2-9ba4-4575-9852-6dbb7bd8f1f0","material":"ec2715e8-24c3-41bf-9293-8dde0f88d069"},{"uuid":"cb08aad2-4328-4d99-ac09-7c9da72cd757","type":"Mesh","name":"网格457_6","layers":1,"matrix":[1,0,0,0,0,1,0,0,0,0,1,0,0,0,0,1],"up":[0,1,0],"geometry":"fabb06b6-2f7e-4e51-a048-fd974bde19f0","material":"f2b473b3-c9ad-4600-b30c-df8a7f792935"},{"uuid":"162a27b4-769b-493a-9e1b-7d21cea5e3fc","type":"Mesh","name":"网格457_7","layers":1,"matrix":[1,0,0,0,0,1,0,0,0,0,1,0,0,0,0,1],"up":[0,1,0],"geometry":"acff4f1a-8e55-4f2d-b469-3f8d1bec3dae","material":"ddb95c33-63dd-4f7e-8c38-b60b2c049163"}]},"geometries":[],"images":[],"textures":[],"materials":[{"uuid":"64394fee-d5b3-43bb-b2df-82ac606c7e27","type":"MeshStandardMaterial","name":"Material #2","color":11759955,"roughness":0.858578622341156,"metalness":0,"emissive":0,"envMapRotation":[0,0,0,"XYZ"],"envMapIntensity":1,"side":2,"blendColor":0},{"uuid":"b7a0330c-b695-4e90-976b-277791e8e3ae","type":"MeshStandardMaterial","name":"18 - Defaultdfdf","color":1973790,"roughness":0.858578622341156,"metalness":0,"emissive":0,"envMapRotation":[0,0,0,"XYZ"],"envMapIntensity":1,"side":2,"blendColor":0},{"uuid":"35524f2e-daa1-4cb3-b65e-bae66eecde62","type":"MeshStandardMaterial","name":"18 - Defafgfgfultdfdf","color":5460819,"roughness":0.858578622341156,"metalness":0,"emissive":0,"envMapRotation":[0,0,0,"XYZ"],"envMapIntensity":1,"side":2,"blendColor":0},{"uuid":"40cda2f5-9060-4752-9c3e-7ae90eaf373c","type":"MeshStandardMaterial","name":"Material #57","color":1842204,"roughness":0.858578622341156,"metalness":0,"emissive":0,"envMapRotation":[0,0,0,"XYZ"],"envMapIntensity":1,"side":2,"blendColor":0},{"uuid":"745ebef3-206c-4138-abac-eaddc4187c87","type":"MeshStandardMaterial","name":"18 - Defddadfsfsultdfdf","color":5197647,"roughness":0.858578622341156,"metalness":0,"emissive":0,"envMapRotation":[0,0,0,"XYZ"],"envMapIntensity":1,"side":2,"blendColor":0},{"uuid":"ec2715e8-24c3-41bf-9293-8dde0f88d069","type":"MeshStandardMaterial","name":"银2","color":2302755,"roughness":0.858578622341156,"metalness":0,"emissive":0,"envMapRotation":[0,0,0,"XYZ"],"envMapIntensity":1,"side":2,"blendColor":0},{"uuid":"f2b473b3-c9ad-4600-b30c-df8a7f792935","type":"MeshStandardMaterial","name":"Material #57.001","color":1842204,"roughness":0.858578622341156,"metalness":0,"emissive":0,"envMapRotation":[0,0,0,"XYZ"],"envMapIntensity":1,"side":2,"blendColor":0},{"uuid":"ddb95c33-63dd-4f7e-8c38-b60b2c049163","type":"MeshStandardMaterial","name":"黑塑料","color":5789784,"roughness":0.858578622341156,"metalness":0,"emissive":0,"envMapRotation":[0,0,0,"XYZ"],"envMapIntensity":1,"side":2,"blendColor":0}]}