{"metadata":{"version":4.6,"type":"Object","generator":"Astral.Object3D.toJSON"},"object":{"uuid":"360a79ac-aec3-4a87-a51c-a139caa269db","type":"Object3D","name":"道路06_1","userData":{"name":"道路06"},"layers":1,"matrix":[1,0,0,0,0,1,0,0,0,0,1,0,0,0,0,1],"up":[0,1,0],"children":[{"uuid":"e175c28b-97d5-44aa-99a4-fc4dc4a64f85","type":"Mesh","name":"Obj3d66-1664118-29-836010","userData":{"name":"Obj3d66-1664118-29-836010"},"layers":1,"matrix":[1,0,0,0,0,1,0,0,0,0,1,0,0,0,0,1],"up":[0,1,0],"geometry":"3f20b664-9733-42e4-ae3d-cc57f8d2a8cf","material":"ffc59ce6-b07d-4e0a-a802-20b86f4b8d05"},{"uuid":"f474c87a-f983-443a-b1c9-61d9a4dff731","type":"Mesh","name":"Obj3d66-1664118-29-836010_1","userData":{"name":"Obj3d66-1664118-29-836010_1"},"layers":1,"matrix":[1,0,0,0,0,1,0,0,0,0,1,0,0,0,0,1],"up":[0,1,0],"geometry":"bf47d147-e602-47fb-aed7-522bdcda09be","material":"f44ad9ca-cbbd-4402-acf2-89fef0957804"},{"uuid":"3d6b14c9-cfa5-4485-981a-c16081f14d25","type":"Mesh","name":"Obj3d66-1664118-29-836010_2","userData":{"name":"Obj3d66-1664118-29-836010_2"},"layers":1,"matrix":[1,0,0,0,0,1,0,0,0,0,1,0,0,0,0,1],"up":[0,1,0],"geometry":"590b8139-ef4b-467f-a190-08578355a5ea","material":"586ce616-413e-4555-a2e6-eb52175d4f91"},{"uuid":"bfa3fee2-fa01-44a9-a80f-5bdf5dd56213","type":"Mesh","name":"Obj3d66-1664118-29-836010_3","userData":{"name":"Obj3d66-1664118-29-836010_3"},"layers":1,"matrix":[1,0,0,0,0,1,0,0,0,0,1,0,0,0,0,1],"up":[0,1,0],"geometry":"e18ae1cc-636b-4e97-8237-a4dac2545e2c","material":"871cc817-a498-45b2-aa48-3db07e578ebd"}]},"geometries":[],"images":["3f37d27f-f7d9-43d5-bf78-d2caf08a8667.png","2cb22cbb-bf9b-4703-b0ba-b2c0acfae995.png","ad956282-d646-4a9f-bebb-10bd14206f28.png"],"textures":[],"materials":[]}